{"name":"c4af7e48-3ec8-4756-a4db-ed268bdb0eef","id":"/providers/Microsoft.Flow/flows/c4af7e48-3ec8-4756-a4db-ed268bdb0eef","type":"Microsoft.Flow/flows","properties":{"apiId":"/providers/Microsoft.PowerApps/apis/shared_logicflows","displayName":"「いいね」からチャットを開始","definition":{"metadata":{"workflowEntityId":null,"processAdvisorMetadata":null,"flowclientsuspensionreason":"None","flowclientsuspensiontime":null,"flowclientsuspensionreasondetails":null,"creator":{"id":"4a4a76fc-3a14-4340-98f0-54fa153de806","type":"User","tenantId":"81aef3cb-2cfc-44d3-ac59-1bb45d66f910"},"provisioningMethod":"FromDefinition","failureAlertSubscription":true,"clientLastModifiedTime":"2023-02-12T05:27:17.3676894Z"},"$schema":"https://schema.management.azure.com/providers/Microsoft.Logic/schemas/2016-06-01/workflowdefinition.json#","contentVersion":"1.0.0.0","parameters":{"$connections":{"defaultValue":{},"type":"Object"},"$authentication":{"defaultValue":{},"type":"SecureObject"}},"triggers":{"manual":{"splitOn":"@triggerBody()['rows']","metadata":{"flowSystemMetadata":{"swaggerOperationId":"ForASelectedMessage","taskModuleWidth":null,"taskModuleHeight":null,"inputsAdaptiveCard":"{\"$schema\":\"http://adaptivecards.io/schemas/adaptive-card.json\",\"type\":\"AdaptiveCard\",\"version\":\"1.3\",\"body\":[{\"type\":\"TextBlock\",\"weight\":\"Bolder\",\"size\":\"Medium\",\"text\":\"「いいね」からチャットを開始する\\n\\n\"},{\"type\":\"TextBlock\",\"isSubtle\":true,\"wrap\":true,\"text\":\"\\nどちらのメンバーとチャットを開始しますか？\\n\\n・「いいね」したひと\\n\\n・「いいね」していないひと\"},{\"type\":\"TextBlock\",\"wrap\":true,\"text\":\"\\n選択してください\"},{\"choices\":[{\"title\":\"「いいね」したひと\",\"value\":\"「いいね」したひと\"},{\"title\":\"「いいね」していないひと\",\"value\":\"「いいね」していないひと\"}],\"type\":\"Input.ChoiceSet\",\"id\":\"choice\",\"value\":\"「いいね」したひと\"}],\"actions\":[{\"type\":\"Action.Submit\",\"title\":\"開始\"}],\"-ms-tokens\":{}}"},"operationMetadataId":"1a6a2176-21fb-4fd3-b162-04b23790bdb3"},"type":"Request","kind":"ApiConnection","inputs":{"schema":{"type":"object","properties":{"rows":{"type":"array","items":{"type":"object","properties":{"entity":{"type":"object","properties":{"teamsFlowRunContext":{"type":"object","properties":{"messagePayload":{"type":"object","properties":{"id":{"title":"メッセージ ID","type":"string"}},"required":[]},"channelData":{"type":"object","properties":{"team":{"type":"object","properties":{"aadGroupId":{"title":"チーム ID","type":"string"}},"required":[]},"channel":{"type":"object","properties":{"id":{"title":"チャネル ID","type":"string"}},"required":[]}},"required":[]},"conversation":{"type":"object","properties":{"id":{"title":"会話 ID","type":"string"}},"required":[]}}},"cardOutputs":{"type":"object","properties":{"toggle":{"title":"toggle","type":"string"},"date":{"title":"date","type":"string"},"time":{"title":"time","type":"string"},"choice":{"title":"choice","type":"string"}}}},"required":["teamsFlowRunContext","cardOutputs"]}},"required":["entity"]}}},"required":["rows"]},"host":{"connection":{"name":"@parameters('$connections')['shared_teams']['connectionId']"},"api":{"runtimeUrl":"https://japan-001.azure-apim.net/apim/teams"}},"operationId":"ForASelectedMessage","parameters":{"inputsAdaptiveCard":"{\"$schema\":\"http://adaptivecards.io/schemas/adaptive-card.json\",\"type\":\"AdaptiveCard\",\"version\":\"1.3\",\"body\":[{\"type\":\"TextBlock\",\"weight\":\"Bolder\",\"size\":\"Medium\",\"text\":\"「いいね」からチャットを開始する\\n\\n\"},{\"type\":\"TextBlock\",\"isSubtle\":true,\"wrap\":true,\"text\":\"\\nどちらのメンバーとチャットを開始しますか？\\n\\n・「いいね」したひと\\n\\n・「いいね」していないひと\"},{\"type\":\"TextBlock\",\"wrap\":true,\"text\":\"\\n選択してください\"},{\"choices\":[{\"title\":\"「いいね」したひと\",\"value\":\"「いいね」したひと\"},{\"title\":\"「いいね」していないひと\",\"value\":\"「いいね」していないひと\"}],\"type\":\"Input.ChoiceSet\",\"id\":\"choice\",\"value\":\"「いいね」したひと\"}],\"actions\":[{\"type\":\"Action.Submit\",\"title\":\"開始\"}],\"-ms-tokens\":{}}"}}}},"actions":{"変数を初期化する-チェック対象のメンバー":{"runAfter":{"メッセージ詳細を取得する":["Succeeded"]},"metadata":{"operationMetadataId":"e316c895-2b7a-486a-8319-17bcb40dfa9c"},"type":"InitializeVariable","inputs":{"variables":[{"name":"チェック対象のメンバー","type":"array","value":["miriamg@m365x80247309.onmicrosoft.com","adelev@m365x80247309.onmicrosoft.com","alexw@m365x80247309.onmicrosoft.com"]}]}},"メッセージ詳細を取得する":{"runAfter":{},"metadata":{"operationMetadataId":"5395cebd-fa01-4ea0-bd3c-1426955e212c"},"type":"OpenApiConnection","inputs":{"host":{"apiId":"/providers/Microsoft.PowerApps/apis/shared_teams","connectionName":"shared_teams","operationId":"GetMessageDetails"},"parameters":{"messageId":"@triggerBody()?['entity']?['teamsFlowRunContext']?['messagePayload']?['id']","threadType":"groupchat","body/recipient":"@triggerBody()?['entity']?['teamsFlowRunContext']?['conversation']?['id']"},"authentication":{"value":"@json(decodeBase64(triggerOutputs().headers['X-MS-APIM-Tokens']))['$ConnectionKey']","type":"Raw"}}},"チャットの作成":{"runAfter":{"条件-対象は「いいね」したひとである":["Succeeded"]},"metadata":{"operationMetadataId":"52f00bdd-9696-4e7a-8029-1971bd9c10b7"},"type":"OpenApiConnection","inputs":{"host":{"apiId":"/providers/Microsoft.PowerApps/apis/shared_teams","connectionName":"shared_teams","operationId":"CreateChat"},"parameters":{"item/members":"@join(variables('グループチャットの対象メンバー'),';')"},"authentication":{"value":"@json(decodeBase64(triggerOutputs().headers['X-MS-APIM-Tokens']))['$ConnectionKey']","type":"Raw"}}},"チャットまたはチャネルでメッセージを投稿する":{"runAfter":{"チャットの作成":["Succeeded"]},"metadata":{"operationMetadataId":"1cc70ade-cfa4-4e4d-ae53-aa5cb4ebd3cc"},"type":"OpenApiConnection","inputs":{"host":{"apiId":"/providers/Microsoft.PowerApps/apis/shared_teams","connectionName":"shared_teams","operationId":"PostMessageToConversation"},"parameters":{"poster":"Flow bot","location":"Group chat","body/recipient":"@outputs('チャットの作成')?['body/id']","body/messageBody":"<p>@{replace(variables('メール本文'), decodeUriComponent('%0A'), '<br/>')}</p>"},"authentication":{"value":"@json(decodeBase64(triggerOutputs().headers['X-MS-APIM-Tokens']))['$ConnectionKey']","type":"Raw"}}},"変数を初期化する-リアクションしたひとのメールアドレス一覧":{"runAfter":{"変数を初期化する-チェック対象のメンバー":["Succeeded"]},"metadata":{"operationMetadataId":"3075fd60-950b-4763-9b2c-6e513c9c5b4c"},"type":"InitializeVariable","inputs":{"variables":[{"name":"リアクションしたひとのメールアドレス一覧","type":"array"}]}},"条件-対象は「いいね」したひとである":{"actions":{"変数の設定-グループチャットの対象メンバー":{"runAfter":{},"metadata":{"operationMetadataId":"550e553d-cbf8-4311-8ea1-a5c4e436f7f6"},"type":"SetVariable","inputs":{"name":"グループチャットの対象メンバー","value":"@variables('リアクションしたひとのメールアドレス一覧')"}},"変数の設定-メール本文を設定":{"runAfter":{"変数の設定-グループチャットの対象メンバー":["Succeeded"]},"metadata":{"operationMetadataId":"3e1def5f-580d-4417-b53b-14d9baf88153"},"type":"SetVariable","inputs":{"name":"メール本文","value":"指定した投稿に「いいね」をしたひととのグループチャットを作成しました。\n\n【元のスレッド】\n<a href=\"@{triggerBody()?['entity']?['teamsFlowRunContext']?['messagePayload']?['linkToMessage']}\">スレッドを開く</a>"}}},"runAfter":{"変数を初期化する-メール本文":["Succeeded"]},"else":{"actions":{"アレイのフィルター処理-「いいね」していないひとのID一覧":{"runAfter":{},"metadata":{"operationMetadataId":"dfa4db69-16cd-4347-b83a-c0611ce97f65"},"type":"Query","inputs":{"from":"@variables('チェック対象のメンバー')","where":"@equals(contains(variables('リアクションしたひとのメールアドレス一覧'), item()), false)"}},"変数の設定-グループチャットの対象メンバー_2":{"runAfter":{"アレイのフィルター処理-「いいね」していないひとのID一覧":["Succeeded"]},"metadata":{"operationMetadataId":"bfcd7b0c-24cb-46ee-ba4b-a6f74260afde"},"type":"SetVariable","inputs":{"name":"グループチャットの対象メンバー","value":"@body('アレイのフィルター処理-「いいね」していないひとのID一覧')"}},"変数の設定-メール本文を設定_2":{"runAfter":{"変数の設定-グループチャットの対象メンバー_2":["Succeeded"]},"metadata":{"operationMetadataId":"be691bb7-4bf7-433a-b540-4fb2cb76ec81"},"type":"SetVariable","inputs":{"name":"メール本文","value":"指定した投稿に「いいね」をしていないひととのグループチャットを作成しました。\n\n【元のスレッド】\n<a href=\"@{triggerBody()?['entity']?['teamsFlowRunContext']?['messagePayload']?['linkToMessage']}\">スレッドを開く</a>"}}}},"expression":{"equals":["@triggerBody()?['entity']?['cardOutputs']?['choice']","「いいね」したひと"]},"metadata":{"operationMetadataId":"d8e10571-2387-4683-8f02-7fd70bf94346"},"type":"If"},"リアクションをしたひと一覧を取得":{"actions":{"リアクションをしたひとのID一覧":{"runAfter":{},"metadata":{"operationMetadataId":"8d3c40ac-e022-4c0b-ac3e-080d40f34f80"},"type":"Select","inputs":{"from":"@body('メッセージ詳細を取得する')?['reactions']","select":"@item()?['user']?['user']?['id']"}},"Apply_to_each":{"foreach":"@body('リアクションをしたひとのID一覧')","actions":{"ユーザー_プロフィールの取得_(V2)":{"runAfter":{},"metadata":{"operationMetadataId":"da15d2de-a798-4629-a8db-557aae9e838e"},"type":"OpenApiConnection","inputs":{"host":{"apiId":"/providers/Microsoft.PowerApps/apis/shared_office365users","connectionName":"shared_office365users","operationId":"UserProfile_V2"},"parameters":{"id":"@item()"},"authentication":{"value":"@json(decodeBase64(triggerOutputs().headers['X-MS-APIM-Tokens']))['$ConnectionKey']","type":"Raw"}}},"配列変数に追加":{"runAfter":{"ユーザー_プロフィールの取得_(V2)":["Succeeded"]},"metadata":{"operationMetadataId":"95022cd7-f35b-4e6a-a918-4564c5b66f35"},"type":"AppendToArrayVariable","inputs":{"name":"リアクションしたひとのメールアドレス一覧","value":"@toLower(outputs('ユーザー_プロフィールの取得_(V2)')?['body/mail'])"}}},"runAfter":{"リアクションをしたひとのID一覧":["Succeeded"]},"metadata":{"operationMetadataId":"7d2db763-d6e3-4fb4-9314-2296caf90bd0"},"type":"Foreach"}},"runAfter":{"変数を初期化する-リアクションしたひとのメールアドレス一覧":["Succeeded"]},"metadata":{"operationMetadataId":"e012cfe8-a8a7-4073-81d8-a33cad510426"},"type":"Scope"},"変数を初期化する-メール本文":{"runAfter":{"変数を初期化する-グループチャットの対象メンバー":["Succeeded"]},"metadata":{"operationMetadataId":"b9a5d079-69e6-47dd-bb2b-0b188718a7e8"},"type":"InitializeVariable","inputs":{"variables":[{"name":"メール本文","type":"string"}]}},"変数を初期化する-グループチャットの対象メンバー":{"runAfter":{"リアクションをしたひと一覧を取得":["Succeeded"]},"metadata":{"operationMetadataId":"15cf2c61-dfa0-4a08-b4ca-c895f26a1dea"},"type":"InitializeVariable","inputs":{"variables":[{"name":"グループチャットの対象メンバー","type":"array"}]}}}},"connectionReferences":{"shared_teams":{"connectionName":"shared-teams-d9071561-66c8-4ab3-9d55-9067bb4438ac","source":"Invoker","id":"/providers/Microsoft.PowerApps/apis/shared_teams","tier":"NotSpecified"},"shared_office365users":{"connectionName":"a0d22c14de39467b9f5e5f20f2badb22","source":"Invoker","id":"/providers/Microsoft.PowerApps/apis/shared_office365users","tier":"NotSpecified"}},"flowFailureAlertSubscribed":false,"isManaged":false}}