{"name":"e2e08524-8608-49c0-871e-1c3347dda203","id":"/providers/Microsoft.Flow/flows/e2e08524-8608-49c0-871e-1c3347dda203","type":"Microsoft.Flow/flows","properties":{"apiId":"/providers/Microsoft.PowerApps/apis/shared_logicflows","displayName":"PlannerでバケットIDをキーにしてバケット名を取得する","definition":{"metadata":{"workflowEntityId":null,"processAdvisorMetadata":null,"flowclientsuspensionreason":"None","flowclientsuspensiontime":null,"flowclientsuspensionreasondetails":null,"creator":{"id":"350bd895-8fff-465e-b2ce-f3943b7d2b43","type":"User","tenantId":"688cdea3-eec2-4ad7-b65b-3b2b2e535888"},"provisioningMethod":"FromDefinition","failureAlertSubscription":true,"clientLastModifiedTime":"2022-07-14T03:49:44.7414794Z"},"$schema":"https://schema.management.azure.com/providers/Microsoft.Logic/schemas/2016-06-01/workflowdefinition.json#","contentVersion":"1.0.0.0","parameters":{"$connections":{"defaultValue":{},"type":"Object"},"$authentication":{"defaultValue":{},"type":"SecureObject"}},"triggers":{"manual":{"metadata":{"operationMetadataId":"f045b99b-c013-44fa-80ca-968f29016eb6"},"type":"Request","kind":"Button","inputs":{"schema":{"type":"object","properties":{},"required":[]}}}},"actions":{"バケットを一覧表示する":{"runAfter":{},"metadata":{"operationMetadataId":"ec4d189e-13e8-47b9-b16e-1c65e7a2f126"},"type":"OpenApiConnection","inputs":{"host":{"apiId":"/providers/Microsoft.PowerApps/apis/shared_planner","connectionName":"shared_planner","operationId":"ListBuckets_V3"},"parameters":{"groupId":"3687ceac-07ee-44bb-af95-22246c4a9933","id":"axsyDY_PG0uhhERnuRN3LfoADQT3"},"authentication":{"value":"@json(decodeBase64(triggerOutputs().headers['X-MS-APIM-Tokens']))['$ConnectionKey']","type":"Raw"}}},"選択-Key（バケットID）とValue（バケット名）の配列を作る":{"runAfter":{"バケットを一覧表示する":["Succeeded"]},"metadata":{"operationMetadataId":"c202d776-b6a5-433b-bb5b-d55f23171a42"},"type":"Select","inputs":{"from":"@outputs('バケットを一覧表示する')?['body']?['value']","select":{"@{item()?['id']}":"@item()?['name']"}},"description":"{\"@{item()?['Name']}\": @{item()?['Id']}}"},"作成-簡易版JSON_Dictionaryを作る":{"runAfter":{"選択-Key（バケットID）とValue（バケット名）の配列を作る":["Succeeded"]},"metadata":{"operationMetadataId":"4b5ba22e-52bd-42c9-97c2-10bb657e74e0"},"type":"Compose","inputs":"@json(concat('{',replace(replace(replace(replace(string(body('選択-Key（バケットID）とValue（バケット名）の配列を作る')),'{',''),'}',''),'[',''),']',''),'}'))"},"作成_-指定したIDのバケット名を取得する":{"runAfter":{"作成-簡易版JSON_Dictionaryを作る":["Succeeded"]},"metadata":{"operationMetadataId":"a68fe7e8-c379-4947-904d-48ad399a9e57"},"type":"Compose","inputs":"@outputs('作成-簡易版JSON_Dictionaryを作る')?['3RvF2RYHgE-T4Ep5-xJlP_oAFKEV']"}}},"connectionReferences":{"shared_planner":{"connectionName":"shared-planner-c80bdbf1-98a4-468a-b135-663b5875370d","source":"Invoker","id":"/providers/Microsoft.PowerApps/apis/shared_planner","tier":"NotSpecified"}},"flowFailureAlertSubscribed":false,"isManaged":false}}