{"name":"cdc981d3-f098-4be6-8ac2-6b636b255049","id":"/providers/Microsoft.Flow/flows/cdc981d3-f098-4be6-8ac2-6b636b255049","type":"Microsoft.Flow/flows","properties":{"apiId":"/providers/Microsoft.PowerApps/apis/shared_logicflows","displayName":"転送トリガー","definition":{"metadata":{"workflowEntityId":null,"processAdvisorMetadata":null,"flowChargedByPaygo":null,"flowclientsuspensionreason":"None","flowclientsuspensiontime":null,"flowclientsuspensionreasondetails":null,"creator":{"id":"90db02fe-8f65-479e-95a8-fc731198dab1","type":"User","tenantId":"d94e8f6c-d42b-4299-9c35-0801ba7e7235"},"provisioningMethod":"FromDefinition","failureAlertSubscription":true,"clientLastModifiedTime":"2025-04-13T11:04:57.9508832Z","connectionKeySavedTimeKey":"2025-04-13T11:04:57.9508832Z","creationSource":null,"modifiedSources":"Portal"},"$schema":"https://schema.management.azure.com/providers/Microsoft.Logic/schemas/2016-06-01/workflowdefinition.json#","contentVersion":"1.0.0.0","parameters":{"$connections":{"defaultValue":{},"type":"Object"},"$authentication":{"defaultValue":{},"type":"SecureObject"}},"triggers":{"チャネルに新しいメッセージが追加されたとき":{"recurrence":{"interval":5,"frequency":"Minute"},"splitOn":"@triggerOutputs()?['body']","metadata":{"operationMetadataId":"3277fb58-3f72-40b5-8d17-a37339cf3622"},"type":"OpenApiConnection","inputs":{"host":{"apiId":"/providers/Microsoft.PowerApps/apis/shared_teams","connectionName":"shared_teams","operationId":"OnNewChannelMessage"},"parameters":{"groupId":"fcce0fb1-4a7d-45a3-bdc8-a35cb9e53602","channelId":"19:4a4f8cf812624d49a7398c7de1ad849c@thread.tacv2"},"authentication":"@parameters('$authentication')"}}},"actions":{"スコープ-転送されたメッセージのメッセージIDとチャネルIDを取得":{"actions":{"作成-トリガーチャネルに投稿されたメッセージ":{"runAfter":{},"metadata":{"operationMetadataId":"4d62f01b-f715-437a-baa0-1d5b9815206f"},"type":"Compose","inputs":"@triggerBody()"},"作成-転送されたメッセージの内容":{"runAfter":{"作成-トリガーチャネルに投稿されたメッセージ":["Succeeded"]},"metadata":{"operationMetadataId":"444a8b09-73be-453b-a05e-a69d1a9f178b"},"type":"Compose","inputs":"@outputs('作成-トリガーチャネルに投稿されたメッセージ')?['attachments'][0]?['content']"},"作成:転送されたメッセージの内容をJSON形式に変換":{"runAfter":{"作成-転送されたメッセージの内容":["Succeeded"]},"metadata":{"operationMetadataId":"4a9f915a-5216-4b81-9955-4a7465f30628"},"type":"Compose","inputs":"@json(outputs('作成-転送されたメッセージの内容'))"},"作成-転送されたメッセージのメッセージIDとチャネルID":{"runAfter":{"作成:転送されたメッセージの内容をJSON形式に変換":["Succeeded"]},"metadata":{"operationMetadataId":"075458e7-433f-4d30-b84c-33b870a7b796"},"type":"Compose","inputs":{"originalMessageId":"@outputs('作成:転送されたメッセージの内容をJSON形式に変換')?['originalMessageId']","originalConversationId":"@outputs('作成:転送されたメッセージの内容をJSON形式に変換')?['originalConversationId']"}}},"runAfter":{},"metadata":{"operationMetadataId":"dd5abdcb-1e84-4a59-a1e9-22719418f3b8"},"type":"Scope"},"スコープ-チーム一覧を取得":{"actions":{"チームの一覧表示":{"runAfter":{},"metadata":{"operationMetadataId":"795624dc-66ab-4afe-8509-e22f7bdacfaf"},"type":"OpenApiConnection","inputs":{"host":{"apiId":"/providers/Microsoft.PowerApps/apis/shared_teams","connectionName":"shared_teams","operationId":"GetAllTeams"},"parameters":{},"authentication":"@parameters('$authentication')"}},"作成:チーム一覧":{"runAfter":{"チームの一覧表示":["Succeeded"]},"metadata":{"operationMetadataId":"7c3b2026-55bb-4673-9f3d-dd5fd1042bcf"},"type":"Compose","inputs":"@outputs('チームの一覧表示')?['body/value']"}},"runAfter":{"スコープ-転送されたメッセージのメッセージIDとチャネルIDを取得":["Succeeded"]},"metadata":{"operationMetadataId":"c29e5bbe-e634-4dc7-9cb5-eb401fd3476e"},"type":"Scope"},"Do_until-チーム一覧から転送元のチャネルをチャネルIDを使って検索":{"actions":{"作成-現在の項目":{"runAfter":{},"metadata":{"operationMetadataId":"1cea2c54-ec76-4c36-99ed-48af7d702df1"},"type":"Compose","inputs":"@outputs('作成:チーム一覧')[variables('ループカウンタ')]"},"チャネルの一覧表示":{"runAfter":{"作成-現在の項目":["Succeeded"]},"metadata":{"operationMetadataId":"4ce8e898-df92-476e-afd3-25766dd16b61"},"type":"OpenApiConnection","inputs":{"host":{"apiId":"/providers/Microsoft.PowerApps/apis/shared_teams","connectionName":"shared_teams","operationId":"GetChannelsForGroup"},"parameters":{"groupId":"@outputs('作成-現在の項目')?['id']"},"authentication":"@parameters('$authentication')"}},"アレイのフィルター処理-転送されたメッセージのチャネルIDでフィルタ":{"runAfter":{"選択-このチームのチャネル一覧":["Succeeded"]},"metadata":{"operationMetadataId":"0d936f1c-651c-4b2e-b2c2-3fda7bfd55e4"},"type":"Query","inputs":{"from":"@body('選択-このチームのチャネル一覧')","where":"@equals(item()?['ChannelId'], outputs('作成-転送されたメッセージのメッセージIDとチャネルID')?['originalConversationId'])"}},"変数の設定-「転送元のチャネル」変数にフィルタ結果を設定":{"runAfter":{"アレイのフィルター処理-転送されたメッセージのチャネルIDでフィルタ":["Succeeded"]},"metadata":{"operationMetadataId":"a967f7cf-ea39-4719-8209-7aff08a0602c"},"type":"SetVariable","inputs":{"name":"転送元のチャネル","value":"@body('アレイのフィルター処理-転送されたメッセージのチャネルIDでフィルタ')"}},"変数の値を増やす-ループカウンタを1を加算する":{"runAfter":{"変数の設定-「転送元のチャネル」変数にフィルタ結果を設定":["Succeeded"]},"metadata":{"operationMetadataId":"58763292-91b3-459e-8c18-287c16980e3d"},"type":"IncrementVariable","inputs":{"name":"ループカウンタ","value":1}},"選択-このチームのチャネル一覧":{"runAfter":{"チャネルの一覧表示":["Succeeded"]},"metadata":{"operationMetadataId":"36cb6df1-5cbc-488a-8421-2a95c4e0f263"},"type":"Select","inputs":{"from":"@outputs('チャネルの一覧表示')?['body/value']","select":{"TeamId":"@outputs('作成-現在の項目')?['id']","ChannelId":"@item()?['id']"}}}},"runAfter":{"変数を初期化する-ループカウンタ":["Succeeded"]},"expression":"@equals(empty(variables('転送元のチャネル')), false)","limit":{"count":4,"timeout":"PT1H"},"metadata":{"operationMetadataId":"a9aac059-4c2c-41c6-a71e-75023adce475"},"type":"Until"},"変数を初期化する-転送元のチャネル":{"runAfter":{"スコープ-チーム一覧を取得":["Succeeded"]},"metadata":{"operationMetadataId":"d0cc5dc8-1ea6-44f0-bb8d-7007b4b39d4c"},"type":"InitializeVariable","inputs":{"variables":[{"name":"転送元のチャネル","type":"array"}]}},"変数を初期化する-ループカウンタ":{"runAfter":{"変数を初期化する-転送元のチャネル":["Succeeded"]},"metadata":{"operationMetadataId":"5b6ed07d-25e2-4bbc-b448-bc6132f9b834"},"type":"InitializeVariable","inputs":{"variables":[{"name":"ループカウンタ","type":"integer","value":0}]}},"作成:転送されたメッセージのチームID・チャネルID・メッセージID":{"runAfter":{"作成-転送元のチーム・チャネル":["Succeeded"]},"metadata":{"operationMetadataId":"7383fc87-4c20-4e67-906e-73c82cd38ee8"},"type":"Compose","inputs":{"TeamId":"@outputs('作成-転送元のチーム・チャネル')?['TeamId']","ChannelId":"@outputs('作成-転送元のチーム・チャネル')?['ChannelId']","MessageId":"@outputs('作成-転送されたメッセージのメッセージIDとチャネルID')?['originalMessageId']"}},"作成-転送元のチーム・チャネル":{"runAfter":{"Do_until-チーム一覧から転送元のチャネルをチャネルIDを使って検索":["Succeeded"]},"metadata":{"operationMetadataId":"83c9baea-dabf-47f0-976c-d86f529025dc"},"type":"Compose","inputs":"@variables('転送元のチャネル')[0]"},"チャネル内のメッセージで応答します":{"runAfter":{"作成:転送されたメッセージのチームID・チャネルID・メッセージID":["Succeeded"]},"metadata":{"operationMetadataId":"2c091604-4ffb-4741-a61c-f8871d932b1f"},"type":"OpenApiConnection","inputs":{"host":{"apiId":"/providers/Microsoft.PowerApps/apis/shared_teams","connectionName":"shared_teams","operationId":"ReplyWithMessageToConversation"},"parameters":{"poster":"User","location":"Channel","body/parentMessageId":"@outputs('作成:転送されたメッセージのチームID・チャネルID・メッセージID')?['MessageId']","body/recipient/groupId":"@outputs('作成:転送されたメッセージのチームID・チャネルID・メッセージID')?['TeamId']","body/recipient/channelId":"@outputs('作成:転送されたメッセージのチームID・チャネルID・メッセージID')?['ChannelId']","body/messageBody":"<p>Power Automateで返信しました。</p>"},"authentication":"@parameters('$authentication')"}}},"outputs":{}},"connectionReferences":{"shared_teams":{"connectionName":"shared-teams-ee83f9da-d846-4f0a-9f00-d6bcda5c22ba","source":"Embedded","id":"/providers/Microsoft.PowerApps/apis/shared_teams","tier":"NotSpecified","apiName":"teams"}},"flowFailureAlertSubscribed":false,"isManaged":false}}