{"name":"5ebebd70-3044-4ecc-988d-f16b164375e0","id":"/providers/Microsoft.Flow/flows/5ebebd70-3044-4ecc-988d-f16b164375e0","type":"Microsoft.Flow/flows","properties":{"apiId":"/providers/Microsoft.PowerApps/apis/shared_logicflows","displayName":"ライブラリに格納されている同じファイル名のCSVとPDFをペアにしてリストアイテムに反映","definition":{"metadata":{"workflowEntityId":null,"processAdvisorMetadata":null,"flowclientsuspensionreason":"None","flowclientsuspensiontime":null,"flowclientsuspensionreasondetails":null,"creator":{"id":"4a4a76fc-3a14-4340-98f0-54fa153de806","type":"User","tenantId":"81aef3cb-2cfc-44d3-ac59-1bb45d66f910"},"provisioningMethod":"FromDefinition","failureAlertSubscription":true,"clientLastModifiedTime":"2023-02-27T11:34:39.2671879Z"},"$schema":"https://schema.management.azure.com/providers/Microsoft.Logic/schemas/2016-06-01/workflowdefinition.json#","contentVersion":"1.0.0.0","parameters":{"$connections":{"defaultValue":{},"type":"Object"},"$authentication":{"defaultValue":{},"type":"SecureObject"}},"triggers":{"manual":{"metadata":{"operationMetadataId":"14de4cdb-08f1-4840-8fdf-8e14be606d71"},"type":"Request","kind":"Button","inputs":{"schema":{"type":"object","properties":{},"required":[]}}}},"actions":{"スコープ-同じ名前のCSVとPDFをペアにした配列を作成":{"actions":{"アレイのフィルター処理-CSVだけを取得":{"runAfter":{"選択-ファイル名と拡張子の配列":["Succeeded"]},"metadata":{"operationMetadataId":"e7b3486c-1949-47f1-824c-5dd38985cbe0"},"type":"Query","inputs":{"from":"@body('選択-ファイル名と拡張子の配列')","where":"@equals(item()?['extension'], 'csv')"}},"Apply_to_each-CSVのファイルごとに繰り返し処理":{"foreach":"@body('アレイのフィルター処理-CSVだけを取得')","actions":{"作成-このループの入力":{"runAfter":{},"metadata":{"operationMetadataId":"fcb17ab5-ceb6-404e-92c3-64d2573a91d8"},"type":"Compose","inputs":"【現在のアイテム】@{items('Apply_to_each-CSVのファイルごとに繰り返し処理')?['fileName']}"},"作成-このcsvに紐づくpdfファイルの名前":{"runAfter":{"作成-このループの入力":["Succeeded"]},"metadata":{"operationMetadataId":"17de9589-2d7c-4e7e-9548-ccd37951a005"},"type":"Compose","inputs":"@replace(items('Apply_to_each-CSVのファイルごとに繰り返し処理')?['fileName'],'.csv','.pdf')"},"アレイのフィルター処理-該当するpdfを取得（結果は配列）":{"runAfter":{"作成-このcsvに紐づくpdfファイルの名前":["Succeeded"]},"metadata":{"operationMetadataId":"3832be55-49bd-4159-b672-cd563ec454dc"},"type":"Query","inputs":{"from":"@body('選択-ファイル名と拡張子の配列')","where":"@equals(item()?['fileName'], outputs('作成-このcsvに紐づくpdfファイルの名前'))"}},"作成-pdfファイル":{"runAfter":{"アレイのフィルター処理-該当するpdfを取得（結果は配列）":["Succeeded"]},"metadata":{"operationMetadataId":"970fa807-480c-4b79-99fd-daec8f7a7617"},"type":"Compose","inputs":"@first(body('アレイのフィルター処理-該当するpdfを取得（結果は配列）'))"},"配列変数に追加-CSVとPDFのペアを配列に追加":{"runAfter":{"作成-pdfファイル":["Succeeded"]},"metadata":{"operationMetadataId":"8b632d73-4bb7-4e0f-90a7-a547ed18b3a0"},"type":"AppendToArrayVariable","inputs":{"name":"CSVとPDFのセット","value":{"Pdf-FileName":"@{outputs('作成-pdfファイル')?['fileName']}","Csv-Id":"@{items('Apply_to_each-CSVのファイルごとに繰り返し処理')?['Id']}","Pdf-Id":"@{outputs('作成-pdfファイル')?['Id']}"}}},"作成-このループの出力":{"runAfter":{"配列変数に追加-CSVとPDFのペアを配列に追加":["Succeeded"]},"metadata":{"operationMetadataId":"5bc0e6da-e015-4b2c-8c8d-6bfbdca7b13e"},"type":"Compose","inputs":"【変数「CSVとPDFのセット')」】@{variables('CSVとPDFのセット')}"}},"runAfter":{"アレイのフィルター処理-CSVだけを取得":["Succeeded"]},"metadata":{"operationMetadataId":"a539473a-8195-440d-a450-162fd1014570"},"type":"Foreach"},"フォルダーの一覧":{"runAfter":{},"metadata":{"%252f0201":"/0201","operationMetadataId":"c93c99a3-7860-48b0-bd2b-805c16a2a4ae"},"type":"OpenApiConnection","inputs":{"host":{"apiId":"/providers/Microsoft.PowerApps/apis/shared_sharepointonline","connectionName":"shared_sharepointonline","operationId":"ListFolder"},"parameters":{"dataset":"https://m365x80247309.sharepoint.com/sites/msteams_c7dfa6","id":"%252f0201"},"authentication":"@parameters('$authentication')"}},"選択-ファイル名と拡張子の配列":{"runAfter":{"フォルダーの一覧":["Succeeded"]},"metadata":{"operationMetadataId":"45e7dcf9-8075-41b2-a670-a7d2f9e2d9ce"},"type":"Select","inputs":{"from":"@body('フォルダーの一覧')","select":{"fileName":"@item()?['Name']","extension":"@substring(item()?['name'],add(lastIndexOf(item()?['name'],'.'),1))","Id":"@item()?['Id']"}}}},"runAfter":{"変数を初期化する-CSVの全行を取り込んだ配列":["Succeeded"]},"metadata":{"operationMetadataId":"9adbef4c-c81b-48b0-ae0d-db34d832be9f"},"type":"Scope"},"変数を初期化する-CSVとPDFのセット":{"runAfter":{},"metadata":{"operationMetadataId":"bae57dc4-305f-4bc0-bd49-f67baaa9bc0d"},"type":"InitializeVariable","inputs":{"variables":[{"name":"CSVとPDFのセット","type":"array"}]}},"変数を初期化する-ループカウンター":{"runAfter":{"変数を初期化する-CSVとPDFのセット":["Succeeded"]},"metadata":{"operationMetadataId":"6e0a817e-3966-4f69-957a-46b10fecf940"},"type":"InitializeVariable","inputs":{"variables":[{"name":"ループカウンター","type":"integer"}]}},"変数を初期化する-1行分の配列":{"runAfter":{"変数を初期化する-ループカウンター":["Succeeded"]},"metadata":{"operationMetadataId":"3cf410d7-98b8-4051-8aed-21deb606b38f"},"type":"InitializeVariable","inputs":{"variables":[{"name":"1行分の配列","type":"array"}]}},"変数を初期化する-CSVの全行を取り込んだ配列":{"runAfter":{"変数を初期化する-1行分の配列":["Succeeded"]},"metadata":{"operationMetadataId":"163fbd4d-4790-4fcb-b814-dcf428e74879"},"type":"InitializeVariable","inputs":{"variables":[{"name":"CSVの全行を取り込んだ配列","type":"array"}]}},"Apply_to_each-リストアイテムの投稿（添付ファイルあり）":{"foreach":"@variables('CSVとPDFのセット')","actions":{"項目の作成":{"runAfter":{"作成-CSVデータの1行目":["Succeeded"]},"metadata":{"operationMetadataId":"f6559c12-fdd5-475d-9c24-cc5de0275337"},"type":"OpenApiConnection","inputs":{"host":{"apiId":"/providers/Microsoft.PowerApps/apis/shared_sharepointonline","connectionName":"shared_sharepointonline","operationId":"PostItem"},"parameters":{"dataset":"https://m365x80247309.sharepoint.com/sites/msteams_c7dfa6","table":"325980c7-26d2-4bf6-9fff-c1fe54dd2a52","item/Title":"@outputs('作成-CSVデータの1行目')?['書籍名']","item/OData__x8457__x8005__x540d_":"@outputs('作成-CSVデータの1行目')?['著者名']","item/OData__x51fa__x7248__x65e5_":"@outputs('作成-CSVデータの1行目')?['出版日']","item/OData__x4fa1__x683c_":"@outputs('作成-CSVデータの1行目')?['価格']"},"authentication":"@parameters('$authentication')"}},"作成-CSVデータの1行目":{"runAfter":{"作成-CSVの全行を取り込んだ配列":["Succeeded"]},"metadata":{"operationMetadataId":"c954d955-da9d-4715-8231-ba23eaea9fb7"},"type":"Compose","inputs":"@first(variables('CSVの全行を取り込んだ配列'))"},"作成-CSVの全行を取り込んだ配列":{"runAfter":{"CSVから値が記載されている行を取り込む":["Succeeded"]},"metadata":{"operationMetadataId":"9a487322-7217-435b-9a12-323097f7ad4c"},"type":"Compose","inputs":"@variables('CSVの全行を取り込んだ配列')"},"CSVから値が記載されている行を取り込む":{"actions":{"作成-CSVの全行から値を表す行（本文）を取得":{"runAfter":{},"metadata":{"operationMetadataId":"dbacdb04-8f41-422a-a346-59e978cc16ef"},"type":"Compose","inputs":"@skip(outputs('作成-CSVの全行'), 1)"},"Apply_to_each_-ヘッダーの項目ごとに繰り返し処理":{"foreach":"@outputs('作成-CSVの全行から値を表す行（本文）を取得')","actions":{"作成-行から行頭と行末の括弧を削除":{"runAfter":{},"metadata":{"operationMetadataId":"7f8936a1-aa14-4078-ac19-3cd669a28d65"},"type":"Compose","inputs":"@substring(item(), 1, sub(length(item()), 2))"},"作成-行を配列化":{"runAfter":{"作成-行から行頭と行末の括弧を削除":["Succeeded"]},"metadata":{"operationMetadataId":"f8ade8fa-b214-4cab-aa5e-493bccf7cd16"},"type":"Compose","inputs":"@split(outputs('作成-行から行頭と行末の括弧を削除'), '\",\"')"},"Apply_to_each_-行内の項目数で繰り返し処理":{"foreach":"@outputs('作成-ヘッダー項目を配列化')","actions":{"変数の値を増やす-ループカウンタに1を加える":{"runAfter":{"配列変数に追加-Key（ヘッダー）とValue（値）のペアを配列に追加":["Succeeded"]},"metadata":{"operationMetadataId":"e260087d-2c56-4877-a024-878c8f031a80"},"type":"IncrementVariable","inputs":{"name":"ループカウンター","value":1}},"配列変数に追加-Key（ヘッダー）とValue（値）のペアを配列に追加":{"runAfter":{},"metadata":{"operationMetadataId":"d5b97060-e3d8-4bf4-a69f-240b8e67abc6"},"type":"AppendToArrayVariable","inputs":{"name":"1行分の配列","value":{"@{outputs('作成-ヘッダー項目を配列化')?[variables('ループカウンター')]}":"@{outputs('作成-行を配列化')?[variables('ループカウンター')]}"}}}},"runAfter":{"変数の設定-ループカウンタをリセットする":["Succeeded"]},"metadata":{"operationMetadataId":"71ebc9bc-25e3-4faf-b3ff-a76c131896ce"},"type":"Foreach"},"作成-JSON_Dictionaryを作る":{"runAfter":{"Apply_to_each_-行内の項目数で繰り返し処理":["Succeeded"]},"metadata":{"operationMetadataId":"4b5ba22e-52bd-42c9-97c2-10bb657e74e0"},"type":"Compose","inputs":"@json(concat('{',replace(replace(replace(replace(string(variables('1行分の配列')),'{',''),'}',''),'[',''),']',''),'}'))"},"変数の設定-ループカウンタをリセットする":{"runAfter":{"変数の設定-1行分の配列をリセット":["Succeeded"]},"metadata":{"operationMetadataId":"ebdd89e3-919f-4fe6-b3d3-50f0b0af3ac6"},"type":"SetVariable","inputs":{"name":"ループカウンター","value":0}},"変数の設定-1行分の配列をリセット":{"runAfter":{"作成-行を配列化":["Succeeded"]},"metadata":{"operationMetadataId":"fd85a947-e80c-4c81-89b4-5bc28ef0a3ca"},"type":"SetVariable","inputs":{"name":"1行分の配列","value":"@null"}},"配列変数に追加-JSON_Dictionaryを最終的な出力の配列に追加":{"runAfter":{"作成-JSON_Dictionaryを作る":["Succeeded"]},"metadata":{"operationMetadataId":"46470759-4a79-43c8-ac8b-b8a08ba70b19"},"type":"AppendToArrayVariable","inputs":{"name":"CSVの全行を取り込んだ配列","value":"@outputs('作成-JSON_Dictionaryを作る')"}}},"runAfter":{"作成-CSVの全行から値を表す行（本文）を取得":["Succeeded"]},"metadata":{"operationMetadataId":"db87b92e-d2c6-4ea1-96fa-23fdb3d9abe5"},"type":"Foreach"}},"runAfter":{"CSVからヘッダーを取り込む":["Succeeded"]},"metadata":{"operationMetadataId":"b36cb3c6-2392-4d81-adbb-064ac12b9b79"},"type":"Scope"},"CSVからヘッダーを取り込む":{"actions":{"作成-CSVの全行からヘッダーを取得":{"runAfter":{},"metadata":{"operationMetadataId":"472f75e4-1b0d-4048-86a0-77436ae13a10"},"type":"Compose","inputs":"@outputs('作成-CSVの全行')?[0]"},"作成-ヘッダーから行頭と行末の括弧を削除":{"runAfter":{"作成-CSVの全行からヘッダーを取得":["Succeeded"]},"metadata":{"operationMetadataId":"0d0c2a2f-8b96-46a3-9d1e-6481da55997c"},"type":"Compose","inputs":"@substring(outputs('作成-CSVの全行からヘッダーを取得'), 1, sub(length(outputs('作成-CSVの全行からヘッダーを取得')), 2))"},"作成-ヘッダー項目を配列化":{"runAfter":{"作成-ヘッダーから行頭と行末の括弧を削除":["Succeeded"]},"metadata":{"operationMetadataId":"927870aa-1983-487a-ab53-13f6bd6b6084"},"type":"Compose","inputs":"@split(outputs('作成-ヘッダーから行頭と行末の括弧を削除'), '\",\"')"}},"runAfter":{"作成-CSVの全行":["Succeeded"]},"metadata":{"operationMetadataId":"97d5c270-617f-4667-9a7f-bc66f323ddf8"},"type":"Scope"},"添付ファイルの追加":{"runAfter":{"項目の作成":["Succeeded"]},"metadata":{"operationMetadataId":"40e4139a-7b78-4cc7-a0f3-2b87cfc7a121"},"type":"OpenApiConnection","inputs":{"host":{"apiId":"/providers/Microsoft.PowerApps/apis/shared_sharepointonline","connectionName":"shared_sharepointonline","operationId":"CreateAttachment"},"parameters":{"dataset":"https://m365x80247309.sharepoint.com/sites/msteams_c7dfa6","table":"325980c7-26d2-4bf6-9fff-c1fe54dd2a52","itemId":"@outputs('項目の作成')?['body/ID']","displayName":"@items('Apply_to_each-リストアイテムの投稿（添付ファイルあり）')?['Pdf-FileName']","body":"@body('ファイル_コンテンツの取得-PDFコンテンツを取得')"},"authentication":"@parameters('$authentication')"}},"作成-CSVの全行":{"runAfter":{"変数の設定-CSVの全行を取り込んだ配列をリセット":["Succeeded"]},"metadata":{"operationMetadataId":"557a3986-08ed-4257-9148-b611ce04b095"},"type":"Compose","inputs":"@split(replace(base64ToString(body('ファイル_コンテンツの取得-CSVコンテンツを取得')?['$content']), decodeUriComponent('%EF%BB%BF'), ''), decodeUriComponent('%0D%0A'))"},"作成-このループの入力2":{"runAfter":{},"metadata":{"operationMetadataId":"cdbf8a75-87c9-47d9-bf73-d5f247b5b18e"},"type":"Compose","inputs":"【現在のアイテム】@{items('Apply_to_each-リストアイテムの投稿（添付ファイルあり）')}"},"変数の設定-CSVの全行を取り込んだ配列をリセット":{"runAfter":{"ファイル_コンテンツの取得-PDFコンテンツを取得":["Succeeded"]},"metadata":{"operationMetadataId":"1316d67b-f67b-4f4b-a9f4-1f0266514429"},"type":"SetVariable","inputs":{"name":"CSVの全行を取り込んだ配列","value":"@null"}},"ファイル_コンテンツの取得-CSVコンテンツを取得":{"runAfter":{"作成-このループの入力2":["Succeeded"]},"metadata":{"operationMetadataId":"bb185596-9c39-45b2-94de-18068330ba1b"},"type":"OpenApiConnection","inputs":{"host":{"apiId":"/providers/Microsoft.PowerApps/apis/shared_sharepointonline","connectionName":"shared_sharepointonline","operationId":"GetFileContent"},"parameters":{"dataset":"https://m365x80247309.sharepoint.com/sites/msteams_c7dfa6","id":"@items('Apply_to_each-リストアイテムの投稿（添付ファイルあり）')?['Csv-Id']","inferContentType":true},"authentication":"@parameters('$authentication')"}},"ファイル_コンテンツの取得-PDFコンテンツを取得":{"runAfter":{"ファイル_コンテンツの取得-CSVコンテンツを取得":["Succeeded"]},"metadata":{"operationMetadataId":"bb185596-9c39-45b2-94de-18068330ba1b"},"type":"OpenApiConnection","inputs":{"host":{"apiId":"/providers/Microsoft.PowerApps/apis/shared_sharepointonline","connectionName":"shared_sharepointonline","operationId":"GetFileContent"},"parameters":{"dataset":"https://m365x80247309.sharepoint.com/sites/msteams_c7dfa6","id":"@items('Apply_to_each-リストアイテムの投稿（添付ファイルあり）')?['Pdf-Id']","inferContentType":true},"authentication":"@parameters('$authentication')"}}},"runAfter":{"スコープ-同じ名前のCSVとPDFをペアにした配列を作成":["Succeeded"]},"metadata":{"operationMetadataId":"7f01224e-7c32-485b-8c17-5d20a716d5de"},"type":"Foreach"}}},"connectionReferences":{"shared_sharepointonline":{"connectionName":"5ae165e1ddef4b749adca2d8cbec22c9","source":"Embedded","id":"/providers/Microsoft.PowerApps/apis/shared_sharepointonline","tier":"NotSpecified"}},"flowFailureAlertSubscribed":false,"isManaged":false}}