{"name":"222cbf20-0000-408a-8b8f-564952405219","id":"/providers/Microsoft.Flow/flows/222cbf20-0000-408a-8b8f-564952405219","type":"Microsoft.Flow/flows","properties":{"apiId":"/providers/Microsoft.PowerApps/apis/shared_logicflows","displayName":"添付ファイルの有無をメールで通知する","definition":{"metadata":{"workflowEntityId":null,"processAdvisorMetadata":null,"flowclientsuspensionreason":"None","flowclientsuspensiontime":null,"flowclientsuspensionreasondetails":null,"creator":{"id":"350bd895-8fff-465e-b2ce-f3943b7d2b43","type":"User","tenantId":"688cdea3-eec2-4ad7-b65b-3b2b2e535888"},"provisioningMethod":"FromDefinition","failureAlertSubscription":true,"clientLastModifiedTime":"2022-08-04T14:35:19.1869299Z"},"$schema":"https://schema.management.azure.com/providers/Microsoft.Logic/schemas/2016-06-01/workflowdefinition.json#","contentVersion":"1.0.0.0","parameters":{"$connections":{"defaultValue":{},"type":"Object"},"$authentication":{"defaultValue":{},"type":"SecureObject"}},"triggers":{"アイテムが作成または変更されたとき":{"recurrence":{"frequency":"Minute","interval":1},"splitOn":"@triggerOutputs()?['body/value']","metadata":{"operationMetadataId":"888f4d61-1e3d-4312-a342-c2af73630f54"},"type":"OpenApiConnection","inputs":{"host":{"apiId":"/providers/Microsoft.PowerApps/apis/shared_sharepointonline","connectionName":"shared_sharepointonline","operationId":"GetOnUpdatedItems"},"parameters":{"dataset":"https://m365x000309.sharepoint.com/sites/test20220630","table":"057f6f55-24d1-463f-a654-a1745c2d6228"},"authentication":"@parameters('$authentication')"}}},"actions":{"条件-アイテムにファイルが添付されているか":{"actions":{"添付ファイルの取得":{"runAfter":{},"metadata":{"operationMetadataId":"77900088-f9cd-4383-bb38-7d6f36ee2a7a"},"type":"OpenApiConnection","inputs":{"host":{"apiId":"/providers/Microsoft.PowerApps/apis/shared_sharepointonline","connectionName":"shared_sharepointonline","operationId":"GetItemAttachments"},"parameters":{"dataset":"https://m365x000309.sharepoint.com/sites/test20220630","table":"057f6f55-24d1-463f-a654-a1745c2d6228","itemId":"@triggerOutputs()?['body/ID']"},"authentication":"@parameters('$authentication')"}},"変数の設定-メール本文を設定":{"runAfter":{"作成-メール本文（改行コードを変換する前）":["Succeeded"]},"metadata":{"operationMetadataId":"06aa14d3-6005-4789-8e4d-2952cfaf0183"},"type":"SetVariable","inputs":{"name":"メール本文","value":"@{replace(outputs('作成-メール本文（改行コードを変換する前）'),decodeUriComponent('%0A'),'<br/>')}"}},"作成-メール本文（改行コードを変換する前）":{"runAfter":{"Apply_to_each":["Succeeded"]},"metadata":{"operationMetadataId":"943ac54d-fdd9-419e-8a2d-8d2f0d35945b"},"type":"Compose","inputs":"ご担当者様\n\n添付ファイルがありました。\n\n【添付ファイル一覧】\n@{variables('添付ファイル一覧')}\n\n以上です。"},"Apply_to_each":{"foreach":"@body('添付ファイルの取得')","actions":{"文字列変数に追加":{"runAfter":{},"metadata":{"operationMetadataId":"f15783be-c2ed-45ec-b919-89f82d3adc96"},"type":"AppendToStringVariable","inputs":{"name":"添付ファイル一覧","value":"@{item()?['DisplayName']}\n<a href='@{item()?['AbsoluteUri']}'>@{item()?['AbsoluteUri']}</a>\n</br>"}}},"runAfter":{"添付ファイルの取得":["Succeeded"]},"metadata":{"operationMetadataId":"86a0c35c-c16c-4c1b-9b76-deda03280e9e"},"type":"Foreach"}},"runAfter":{"変数を初期化する-添付ファイル一覧":["Succeeded"]},"else":{"actions":{"作成-メール本文（改行コードを変換する前）_2":{"runAfter":{},"metadata":{"operationMetadataId":"943ac54d-fdd9-419e-8a2d-8d2f0d35945b"},"type":"Compose","inputs":"ご担当者様\n\n添付ファイルがありませんでした。\n\n以上です。"},"変数の設定-メール本文を設定_2":{"runAfter":{"作成-メール本文（改行コードを変換する前）_2":["Succeeded"]},"metadata":{"operationMetadataId":"06aa14d3-6005-4789-8e4d-2952cfaf0183"},"type":"SetVariable","inputs":{"name":"メール本文","value":"@{replace(outputs('作成-メール本文（改行コードを変換する前）_2'), decodeUriComponent('%0A'), '<br/>')}"}}}},"expression":{"equals":["@triggerOutputs()?['body/{HasAttachments}']","@true"]},"metadata":{"operationMetadataId":"6f16d17a-c4af-4fa1-9b32-5a050711e813"},"type":"If"},"メールの送信_(V2)":{"runAfter":{"条件-アイテムにファイルが添付されているか":["Succeeded"]},"metadata":{"operationMetadataId":"45ed3549-9e8e-4a11-9f99-34c110a27d52"},"type":"OpenApiConnection","inputs":{"host":{"apiId":"/providers/Microsoft.PowerApps/apis/shared_office365","connectionName":"shared_office365","operationId":"SendEmailV2"},"parameters":{"emailMessage/To":"admin@M365x000309.OnMicrosoft.com","emailMessage/Subject":"添付ファイルの有無","emailMessage/Body":"<p>@{variables('メール本文')}</p>","emailMessage/Importance":"Normal"},"authentication":"@parameters('$authentication')"}},"変数を初期化する-メール本文":{"runAfter":{},"metadata":{"operationMetadataId":"2335cf30-af6e-4445-93cb-7e374a0945e2"},"type":"InitializeVariable","inputs":{"variables":[{"name":"メール本文","type":"string"}]}},"変数を初期化する-添付ファイル一覧":{"runAfter":{"変数を初期化する-メール本文":["Succeeded"]},"metadata":{"operationMetadataId":"4d79739f-bef2-4c04-94f3-f55404302d02"},"type":"InitializeVariable","inputs":{"variables":[{"name":"添付ファイル一覧","type":"string"}]}}}},"connectionReferences":{"shared_sharepointonline":{"connectionName":"shared-sharepointonl-5472558e-11c9-4f88-b2b9-5274c0a1b31b","source":"Embedded","id":"/providers/Microsoft.PowerApps/apis/shared_sharepointonline","tier":"NotSpecified"},"shared_office365":{"connectionName":"shared-office365-18a91322-2056-4366-b86d-0fe513482f2a","source":"Embedded","id":"/providers/Microsoft.PowerApps/apis/shared_office365","tier":"NotSpecified"}},"flowFailureAlertSubscribed":false,"isManaged":false}}