{"name":"fbe0584f-30b6-4a87-afda-a2f78bd25306","id":"/providers/Microsoft.Flow/flows/fbe0584f-30b6-4a87-afda-a2f78bd25306","type":"Microsoft.Flow/flows","properties":{"apiId":"/providers/Microsoft.PowerApps/apis/shared_logicflows","displayName":"スレッドをOneDriveにCSV保存","definition":{"metadata":{"workflowEntityId":null,"processAdvisorMetadata":null,"flowclientsuspensionreason":"None","flowclientsuspensiontime":null,"creator":{"id":"350bd895-8fff-465e-b2ce-f3943b7d2b43","type":"User","tenantId":"688cdea3-eec2-4ad7-b65b-3b2b2e535888"},"provisioningMethod":"FromDefinition","failureAlertSubscription":true,"clientLastModifiedTime":"2022-04-29T21:32:27.829177Z"},"$schema":"https://schema.management.azure.com/providers/Microsoft.Logic/schemas/2016-06-01/workflowdefinition.json#","contentVersion":"1.0.0.0","parameters":{"$connections":{"defaultValue":{},"type":"Object"},"$authentication":{"defaultValue":{},"type":"SecureObject"}},"triggers":{"manual":{"splitOn":"@triggerBody()['rows']","metadata":{"operationMetadataId":"70d61e7e-60ab-41e2-8ded-224f71e1b316","flowSystemMetadata":{"swaggerOperationId":"ForASelectedMessage","taskModuleWidth":null,"taskModuleHeight":null,"inputsAdaptiveCard":"{}"}},"type":"Request","kind":"ApiConnection","inputs":{"schema":{"type":"object","properties":{"rows":{"type":"array","items":{"type":"object","properties":{"entity":{"type":"object","properties":{"teamsFlowRunContext":{"type":"object","properties":{"channelData":{"type":"object","properties":{"team":{"type":"object","properties":{"aadGroupId":{"title":"チーム ID","type":"string"}},"required":[]},"channel":{"type":"object","properties":{"id":{"title":"チャネル ID","type":"string"}},"required":[]}},"required":[]},"messagePayload":{"type":"object","properties":{"id":{"title":"メッセージ ID","type":"string"},"subject":{"title":"メッセージの件名","type":"string"}},"required":[]}}}},"required":["teamsFlowRunContext"]}},"required":["entity"]}}},"required":["rows"]},"host":{"connection":{"name":"@parameters('$connections')['shared_teams']['connectionId']"},"api":{"runtimeUrl":"https://japan-001.azure-apim.net/apim/teams"}},"operationId":"ForASelectedMessage","parameters":{"inputsAdaptiveCard":"{}"}}}},"actions":{"変数を初期化する-投稿一覧":{"runAfter":{},"metadata":{"operationMetadataId":"7cbc9f71-27bf-4a5f-875d-b84401bc608f"},"type":"InitializeVariable","inputs":{"variables":[{"name":"投稿一覧","type":"array"}]}},"変数を初期化する-並び替え後の配列":{"runAfter":{"Apply_to_each-投稿一覧のデータを変換する":["Succeeded"]},"metadata":{"operationMetadataId":"23b896a2-5bbe-4130-80d6-efda29ab5906"},"type":"InitializeVariable","inputs":{"variables":[{"name":"並び替え後の配列","type":"array","value":[]}]}},"Teamsから投稿を取得する":{"actions":{"HTTP_要求を送信します-親の投稿を取得する":{"runAfter":{},"metadata":{"operationMetadataId":"e69f6457-cea9-4525-905f-87d746a29420"},"type":"OpenApiConnection","inputs":{"host":{"apiId":"/providers/Microsoft.PowerApps/apis/shared_office365groups","connectionName":"shared_office365groups","operationId":"HttpRequest"},"parameters":{"Uri":"https://graph.microsoft.com/beta/teams/@{triggerBody()?['entity']?['teamsFlowRunContext']?['channelData']?['team']?['aadGroupId']}/channels/@{triggerBody()?['entity']?['teamsFlowRunContext']?['channelData']?['channel']?['id']}/messages/@{triggerBody()?['entity']?['teamsFlowRunContext']?['messagePayload']?['id']}","Method":"GET","ContentType":"application/json"},"authentication":{"value":"@json(decodeBase64(triggerOutputs().headers['X-MS-APIM-Tokens']))['$ConnectionKey']","type":"Raw"}}},"配列変数に追加-親の投稿を配列に追加する":{"runAfter":{"HTTP_要求を送信します-親の投稿を取得する":["Succeeded"]},"metadata":{"operationMetadataId":"ae0cd79d-c8d3-4bc6-af46-c589efb0733a"},"type":"AppendToArrayVariable","inputs":{"name":"投稿一覧","value":"@body('HTTP_要求を送信します-親の投稿を取得する')"}}},"runAfter":{"変数を初期化する-投稿一覧":["Succeeded"]},"metadata":{"operationMetadataId":"944c35e1-f4d5-497f-b03f-9177c3473359"},"type":"Scope"},"変数を初期化する-投稿一覧のデータを変換したもの":{"runAfter":{"Do_until-返信をすべて取得する":["Succeeded"]},"metadata":{"operationMetadataId":"b8eda80b-dc3b-4fc0-ad8f-2766c9c2fec0"},"type":"InitializeVariable","inputs":{"variables":[{"name":"投稿一覧のデータを変換したもの","type":"array"}]}},"ファイルの作成":{"runAfter":{"CSV_テーブルの作成":["Succeeded"]},"metadata":{"operationMetadataId":"c9974402-b1de-4ef3-8795-cc2e22a98e31"},"type":"OpenApiConnection","inputs":{"host":{"apiId":"/providers/Microsoft.PowerApps/apis/shared_onedriveforbusiness","connectionName":"shared_onedriveforbusiness","operationId":"CreateFile"},"parameters":{"folderPath":"/スレッドをOneDriveにCSV保存","name":"@{convertTimeZone(utcNow(), 'UTC', 'Tokyo Standard Time', 'yyyyMMdd_HHmm')}_@{triggerBody()?['entity']?['teamsFlowRunContext']?['messagePayload']?['subject']}.csv","body":"@concat(decodeUriComponent('%EF%BB%BF'),body('CSV_テーブルの作成'))"},"authentication":{"value":"@json(decodeBase64(triggerOutputs().headers['X-MS-APIM-Tokens']))['$ConnectionKey']","type":"Raw"}},"runtimeConfiguration":{"contentTransfer":{"transferMode":"Chunked"}}},"CSV_テーブルの作成":{"runAfter":{"Apply_to_each-配列を日付順に並べ替える":["Succeeded"]},"metadata":{"operationMetadataId":"83536185-3143-44e5-a572-2f7954cc254b"},"type":"Table","inputs":{"from":"@variables('並び替え後の配列')","format":"CSV"}},"チャットまたはチャネルでメッセージを投稿する":{"runAfter":{"マイ_プロフィールの取得_(V2)":["Succeeded"]},"metadata":{"operationMetadataId":"2e23e97c-97ab-4744-8785-dbb67e7cbbeb"},"type":"OpenApiConnection","inputs":{"host":{"apiId":"/providers/Microsoft.PowerApps/apis/shared_teams","connectionName":"shared_teams","operationId":"PostMessageToConversation"},"parameters":{"poster":"Flow bot","location":"Chat with Flow bot","body/recipient":"@{outputs('マイ_プロフィールの取得_(V2)')?['body/mail']};","body/messageBody":"<p>@{variables('本文')}</p>"},"authentication":{"value":"@json(decodeBase64(triggerOutputs().headers['X-MS-APIM-Tokens']))['$ConnectionKey']","type":"Raw"}}},"マイ_プロフィールの取得_(V2)":{"runAfter":{"変数を初期化する_-_チャットの本文を定義する":["Succeeded"]},"metadata":{"operationMetadataId":"c31bd169-1d5e-40d9-91ae-a0e49c1813d9"},"type":"OpenApiConnection","inputs":{"host":{"apiId":"/providers/Microsoft.PowerApps/apis/shared_office365users","connectionName":"shared_office365users","operationId":"MyProfile_V2"},"parameters":{},"authentication":{"value":"@json(decodeBase64(triggerOutputs().headers['X-MS-APIM-Tokens']))['$ConnectionKey']","type":"Raw"}}},"変数を初期化する_-_チャットの本文を定義する":{"runAfter":{"共有リンクを作成する":["Succeeded"]},"metadata":{"operationMetadataId":"f1514abf-7333-4079-bfd3-15dabd12fdf8"},"type":"InitializeVariable","inputs":{"variables":[{"name":"本文","type":"string","value":"指定したスレッドをCSV形式でエクスポートしました。<br>\n<br>\n【エクスポート元のスレッド】<br>\n<a href=\"@{triggerBody()?['entity']?['teamsFlowRunContext']?['messagePayload']?['linkToMessage']}\">スレッドを開く</a><br>\n<br>\n【CSVの保存先パス】<br>\n<a href=\"@{outputs('共有リンクを作成する')?['body/WebUrl']}\">CSVを開く</a><br>"}]}},"共有リンクを作成する":{"runAfter":{"ファイルの作成":["Succeeded"]},"metadata":{"operationMetadataId":"1ea5ae58-9988-4322-a21e-b09c30a2e772"},"type":"OpenApiConnection","inputs":{"host":{"apiId":"/providers/Microsoft.PowerApps/apis/shared_onedriveforbusiness","connectionName":"shared_onedriveforbusiness","operationId":"CreateShareLinkV2"},"parameters":{"id":"@outputs('ファイルの作成')?['body/Id']","type":"View","scope":"Organization"},"authentication":{"value":"@json(decodeBase64(triggerOutputs().headers['X-MS-APIM-Tokens']))['$ConnectionKey']","type":"Raw"}}},"Apply_to_each-投稿一覧のデータを変換する":{"foreach":"@variables('投稿一覧')","actions":{"ユーザー_プロフィールの取得_(V2)":{"runAfter":{},"metadata":{"operationMetadataId":"ce294861-bd89-4a18-9be2-246c1616f439"},"type":"OpenApiConnection","inputs":{"host":{"apiId":"/providers/Microsoft.PowerApps/apis/shared_office365users","connectionName":"shared_office365users","operationId":"UserProfile_V2"},"parameters":{"id":"@items('Apply_to_each-投稿一覧のデータを変換する')?['from']?['user']?['id']"},"authentication":{"value":"@json(decodeBase64(triggerOutputs().headers['X-MS-APIM-Tokens']))['$ConnectionKey']","type":"Raw"}}},"配列変数に追加":{"runAfter":{"Html_からテキスト":["Succeeded"]},"metadata":{"operationMetadataId":"b7fad14a-9dcc-47b5-86f0-fd2589642836"},"type":"AppendToArrayVariable","inputs":{"name":"投稿一覧のデータを変換したもの","value":{"最終更新日時":"@convertTimeZone(item()?['lastModifiedDateTime'], 'UTC', 'Tokyo Standard Time', 'yyyy/MM/dd HH:mm:ss')","ユーザー":"@outputs('ユーザー_プロフィールの取得_(V2)')?['body/displayName']","本文":"@body('Html_からテキスト')"}}},"Html_からテキスト":{"runAfter":{"ユーザー_プロフィールの取得_(V2)":["Succeeded"]},"metadata":{"operationMetadataId":"b763196b-0499-4eae-bdae-29db186749f8"},"type":"OpenApiConnection","inputs":{"host":{"apiId":"/providers/Microsoft.PowerApps/apis/shared_conversionservice","connectionName":"shared_conversionservice","operationId":"HtmlToText"},"parameters":{"Content":"<p>@{items('Apply_to_each-投稿一覧のデータを変換する')?['body']?['content']}</p>"},"authentication":{"value":"@json(decodeBase64(triggerOutputs().headers['X-MS-APIM-Tokens']))['$ConnectionKey']","type":"Raw"}}}},"runAfter":{"変数を初期化する-投稿一覧のデータを変換したもの":["Succeeded"]},"metadata":{"operationMetadataId":"1835eda4-128f-4db0-9d6d-da134f2da150"},"type":"Foreach"},"Apply_to_each-配列を日付順に並べ替える":{"foreach":"@variables('投稿一覧のデータを変換したもの')","actions":{"作成":{"runAfter":{},"metadata":{"operationMetadataId":"78dcc490-c605-43c1-9539-38f20d739891"},"type":"Compose","inputs":"@items('Apply_to_each-配列を日付順に並べ替える')?['最終更新日時']"},"アレイのフィルター処理":{"runAfter":{"作成":["Succeeded"]},"metadata":{"operationMetadataId":"c9e499d0-878f-466f-8271-854d47c6d4b7"},"type":"Query","inputs":{"from":"@variables('並び替え後の配列')","where":"@lessOrEquals(item()?['最終更新日時'], outputs('作成'))"}},"アレイのフィルター処理_2":{"runAfter":{"作成":["Succeeded"]},"metadata":{"operationMetadataId":"a5c32213-752e-4756-b11f-04b44aa450e1"},"type":"Query","inputs":{"from":"@variables('並び替え後の配列')","where":"@greater(item()?['最終更新日時'], outputs('作成'))"}},"変数の設定":{"runAfter":{"アレイのフィルター処理":["Succeeded"],"アレイのフィルター処理_2":["Succeeded"]},"metadata":{"operationMetadataId":"9650987a-cc5a-4761-a93a-71187aea902c"},"type":"SetVariable","inputs":{"name":"並び替え後の配列","value":"@union(body('アレイのフィルター処理'),createArray(item()),body('アレイのフィルター処理_2'))"}}},"runAfter":{"変数を初期化する-並び替え後の配列":["Succeeded"]},"metadata":{"operationMetadataId":"d4392d15-98ca-47e3-883a-c60d57dfc8ae"},"type":"Foreach"},"Do_until-返信をすべて取得する":{"actions":{"Apply_to_each-返信を配列に追加する":{"foreach":"@body('HTTP_要求を送信します-返信を取得する')?['value']","actions":{"配列変数に追加-返信を配列に追加する":{"runAfter":{},"metadata":{"operationMetadataId":"388f866d-6d65-4f59-ab70-65fbb3e41c72"},"type":"AppendToArrayVariable","inputs":{"name":"投稿一覧","value":"@item()"}}},"runAfter":{"HTTP_要求を送信します-返信を取得する":["Succeeded"]},"metadata":{"operationMetadataId":"83850b40-2579-4aa2-9d9d-f1e87448be5c"},"type":"Foreach"},"変数の設定-リクエスト先URI":{"runAfter":{"Apply_to_each-返信を配列に追加する":["Succeeded"]},"metadata":{"operationMetadataId":"41a3af95-8520-49ae-a652-5442e6a6543e"},"type":"SetVariable","inputs":{"name":"リクエスト先URI","value":"@{body('HTTP_要求を送信します-返信を取得する')?['@odata.nextLink']}"}},"HTTP_要求を送信します-返信を取得する":{"runAfter":{},"metadata":{"operationMetadataId":"b5c2a423-cc34-460b-af3a-0808cbfeaaa9"},"type":"OpenApiConnection","inputs":{"host":{"apiId":"/providers/Microsoft.PowerApps/apis/shared_office365groups","connectionName":"shared_office365groups","operationId":"HttpRequest"},"parameters":{"Uri":"@variables('リクエスト先URI')","Method":"GET","ContentType":"application/json"},"authentication":{"value":"@json(decodeBase64(triggerOutputs().headers['X-MS-APIM-Tokens']))['$ConnectionKey']","type":"Raw"}}}},"runAfter":{"変数を初期化する-リクエスト先URI":["Succeeded"]},"expression":"@equals(empty(variables('リクエスト先URI')), true)","limit":{"count":60,"timeout":"PT1H"},"metadata":{"operationMetadataId":"e69180fc-cbf2-45f9-965a-bf2f9a7a6692"},"type":"Until"},"変数を初期化する-リクエスト先URI":{"runAfter":{"Teamsから投稿を取得する":["Succeeded"]},"metadata":{"operationMetadataId":"e9301258-4366-4c43-8958-d536b6048c88"},"type":"InitializeVariable","inputs":{"variables":[{"name":"リクエスト先URI","type":"string","value":"https://graph.microsoft.com/beta/teams/@{triggerBody()?['entity']?['teamsFlowRunContext']?['channelData']?['team']?['aadGroupId']}/channels/@{triggerBody()?['entity']?['teamsFlowRunContext']?['channelData']?['channel']?['id']}/messages/@{triggerBody()?['entity']?['teamsFlowRunContext']?['messagePayload']?['id']}/replies"}]}}}},"connectionReferences":{"shared_teams":{"connectionName":"shared-teams-6b1d1b48-f86f-45e3-86b5-22c06adbb851","source":"Invoker","id":"/providers/Microsoft.PowerApps/apis/shared_teams","tier":"NotSpecified"},"shared_office365groups":{"connectionName":"shared-office365grou-8a147f7c-06d1-4677-b39e-a607797cf056","source":"Invoker","id":"/providers/Microsoft.PowerApps/apis/shared_office365groups","tier":"NotSpecified"},"shared_onedriveforbusiness":{"connectionName":"shared-onedriveforbu-ca7ba3ee-97d0-43d1-b3cd-a71fa6eda046","source":"Invoker","id":"/providers/Microsoft.PowerApps/apis/shared_onedriveforbusiness","tier":"NotSpecified"},"shared_office365users":{"connectionName":"shared-office365user-bbc62fef-29ff-40a9-9c37-376bb0336b9d","source":"Invoker","id":"/providers/Microsoft.PowerApps/apis/shared_office365users","tier":"NotSpecified"},"shared_conversionservice":{"connectionName":"shared-conversionser-7be960e3-29df-4fd9-a302-77a87f1d45aa","source":"Invoker","id":"/providers/Microsoft.PowerApps/apis/shared_conversionservice","tier":"NotSpecified"}},"flowFailureAlertSubscribed":false,"isManaged":false}}