{"name":"5ec47d5e-554f-4cd5-ad37-5c756bf27bbf","id":"/providers/Microsoft.Flow/flows/5ec47d5e-554f-4cd5-ad37-5c756bf27bbf","type":"Microsoft.Flow/flows","properties":{"apiId":"/providers/Microsoft.PowerApps/apis/shared_logicflows","displayName":"テキスト内で特定の文字が登場した回数を関数で取得する","definition":{"metadata":{"workflowEntityId":null,"processAdvisorMetadata":null,"flowclientsuspensionreason":"None","flowclientsuspensiontime":null,"flowclientsuspensionreasondetails":null,"creator":{"id":"4a4a76fc-3a14-4340-98f0-54fa153de806","type":"User","tenantId":"81aef3cb-2cfc-44d3-ac59-1bb45d66f910"},"provisioningMethod":"FromDefinition","failureAlertSubscription":true,"clientLastModifiedTime":"2023-03-21T00:29:05.2177566Z"},"$schema":"https://schema.management.azure.com/providers/Microsoft.Logic/schemas/2016-06-01/workflowdefinition.json#","contentVersion":"1.0.0.0","parameters":{"$authentication":{"defaultValue":{},"type":"SecureObject"}},"triggers":{"manual":{"metadata":{"operationMetadataId":"a778aaed-4a27-4b51-8c1c-9c6d2ccc2dcb"},"type":"Request","kind":"Button","inputs":{"schema":{"type":"object","properties":{"key-button-date":{"title":"日付","type":"string","x-ms-dynamically-added":false},"location":{"type":"object","properties":{"fullAddress":{"title":"完全なアドレス","type":"string","x-ms-dynamically-added":false},"address":{"type":"object","properties":{"countryOrRegion":{"title":"国/地域","type":"string","x-ms-dynamically-added":false},"city":{"title":"市区町村","type":"string","x-ms-dynamically-added":false},"state":{"title":"都道府県","type":"string","x-ms-dynamically-added":false},"street":{"title":"番地","type":"string","x-ms-dynamically-added":false},"postalCode":{"title":"郵便番号","type":"string","x-ms-dynamically-added":false}},"required":["countryOrRegion","city","state","street","postalCode"]},"coordinates":{"type":"object","properties":{"latitude":{"title":"緯度","type":"number","x-ms-dynamically-added":false},"longitude":{"title":"経度","type":"number","x-ms-dynamically-added":false}},"required":["latitude","longitude"]}}}},"required":["key-button-date","location"]},"headersSchema":{"x-ms-user-name-encoded":{"title":"ユーザー名","type":"string","format":"byte","x-ms-dynamically-added":false},"x-ms-user-email-encoded":{"title":"ユーザーの電子メール","type":"string","format":"byte","x-ms-dynamically-added":false},"x-ms-user-timestamp":{"title":"タイムスタンプ","type":"string","x-ms-dynamically-added":false}}}}},"actions":{"作成-集計対象":{"runAfter":{},"metadata":{"operationMetadataId":"d81d9ee9-2aa4-4116-9a13-b01a7cbe2c5e"},"type":"Compose","inputs":[{"age":29},{"age":48},{"age":34},{"age":33},{"age":32},{"age":37},{"age":48},{"age":26},{"age":53},{"age":38},{"age":24},{"age":45},{"age":32},{"age":29},{"age":31},{"age":37},{"age":46},{"age":48},{"age":30},{"age":24}]},"選択_2":{"runAfter":{"選択":["Succeeded"]},"metadata":{"operationMetadataId":"288fef1e-0863-46a7-a4dc-dadfdd843e6f"},"type":"Select","inputs":{"from":"@createArray(2,3,4,5)","select":{"@{concat('age_',mul(item(),10))}":"@sub(length(split(join(body('選択'),''),string(item()))),1)\r\n\r\n"}}},"選択":{"runAfter":{"作成-集計対象":["Succeeded"]},"metadata":{"operationMetadataId":"0bf22dee-1468-4e18-8da7-ae84dab580c8"},"type":"Select","inputs":{"from":"@outputs('作成-集計対象')","select":"@first(string(item()?['age']))"}}}},"connectionReferences":{},"flowFailureAlertSubscribed":false,"isManaged":false}}