{"name":"cb9fe80c-536a-4adc-a67a-a326aa48a292","id":"/providers/Microsoft.Flow/flows/cb9fe80c-536a-4adc-a67a-a326aa48a292","type":"Microsoft.Flow/flows","properties":{"apiId":"/providers/Microsoft.PowerApps/apis/shared_logicflows","displayName":"スレッドでの発言者をタグに追加する","definition":{"metadata":{"workflowEntityId":null,"processAdvisorMetadata":null,"flowChargedByPaygo":null,"flowclientsuspensionreason":"None","flowclientsuspensiontime":null,"flowclientsuspensionreasondetails":null,"creator":{"id":"4a4a76fc-3a14-4340-98f0-54fa153de806","type":"User","tenantId":"81aef3cb-2cfc-44d3-ac59-1bb45d66f910"},"provisioningMethod":"FromDefinition","failureAlertSubscription":true,"clientLastModifiedTime":"2023-05-08T09:59:04.6487078Z"},"$schema":"https://schema.management.azure.com/providers/Microsoft.Logic/schemas/2016-06-01/workflowdefinition.json#","contentVersion":"1.0.0.0","parameters":{"$connections":{"defaultValue":{},"type":"Object"},"$authentication":{"defaultValue":{},"type":"SecureObject"}},"triggers":{"manual":{"splitOn":"@triggerBody()['rows']","metadata":{"operationMetadataId":"70d61e7e-60ab-41e2-8ded-224f71e1b316","flowSystemMetadata":{"swaggerOperationId":"ForASelectedMessage","taskModuleWidth":null,"taskModuleHeight":null,"inputsAdaptiveCard":"{\"$schema\":\"http://adaptivecards.io/schemas/adaptive-card.json\",\"type\":\"AdaptiveCard\",\"version\":\"1.3\",\"-ms-tokens\":{}}"}},"type":"Request","kind":"ApiConnection","inputs":{"schema":{"type":"object","properties":{"rows":{"type":"array","items":{"type":"object","properties":{"entity":{"type":"object","properties":{"teamsFlowRunContext":{"type":"object","properties":{"channelData":{"type":"object","properties":{"team":{"type":"object","properties":{"aadGroupId":{"title":"チーム ID","type":"string"}},"required":[]},"channel":{"type":"object","properties":{"id":{"title":"チャネル ID","type":"string"}},"required":[]}},"required":[]},"messagePayload":{"type":"object","properties":{"id":{"title":"メッセージ ID","type":"string"},"subject":{"title":"メッセージの件名","type":"string"},"replyToId":{"title":"返信メッセージ ID","type":"string"}},"required":[]},"from":{"title":"from","type":"object","properties":{"aadObjectId":{"title":"操作元ユーザーの ID","type":"string"}},"required":[]},"conversation":{"type":"object","properties":{"id":{"title":"会話 ID","type":"string"}},"required":[]}}},"cardOutputs":{"type":"object","properties":{"タグの名前":{"title":"タグの名前","type":"string"},"投稿する":{"title":"投稿する","type":"string"}}}},"required":["teamsFlowRunContext","cardOutputs"]}},"required":["entity"]}}},"required":["rows"]},"host":{"connection":{"name":"@parameters('$connections')['shared_teams']['connectionId']"},"api":{"runtimeUrl":"https://japan-001.azure-apim.net/apim/teams"}},"operationId":"ForASelectedMessage","parameters":{"inputsAdaptiveCard":"{\"$schema\":\"http://adaptivecards.io/schemas/adaptive-card.json\",\"type\":\"AdaptiveCard\",\"version\":\"1.3\",\"-ms-tokens\":{}}"}}}},"actions":{"変数を初期化する-投稿一覧":{"runAfter":{},"metadata":{"operationMetadataId":"7cbc9f71-27bf-4a5f-875d-b84401bc608f"},"type":"InitializeVariable","inputs":{"variables":[{"name":"投稿一覧","type":"array"}]}},"Teamsから投稿を取得する":{"actions":{"HTTP_要求を送信します-親の投稿を取得する":{"runAfter":{},"metadata":{"operationMetadataId":"e69f6457-cea9-4525-905f-87d746a29420"},"type":"OpenApiConnection","inputs":{"host":{"apiId":"/providers/Microsoft.PowerApps/apis/shared_office365groups","connectionName":"shared_office365groups","operationId":"HttpRequest"},"parameters":{"Uri":"https://graph.microsoft.com/beta/teams/@{triggerBody()?['entity']?['teamsFlowRunContext']?['channelData']?['team']?['aadGroupId']}/channels/@{triggerBody()?['entity']?['teamsFlowRunContext']?['channelData']?['channel']?['id']}/messages/@{triggerBody()?['entity']?['teamsFlowRunContext']?['messagePayload']?['id']}","Method":"GET","ContentType":"application/json"},"authentication":{"value":"@json(decodeBase64(triggerOutputs().headers['X-MS-APIM-Tokens']))['$ConnectionKey']","type":"Raw"}}},"配列変数に追加-親の投稿を配列に追加する":{"runAfter":{"HTTP_要求を送信します-親の投稿を取得する":["Succeeded"]},"metadata":{"operationMetadataId":"ae0cd79d-c8d3-4bc6-af46-c589efb0733a"},"type":"AppendToArrayVariable","inputs":{"name":"投稿一覧","value":"@body('HTTP_要求を送信します-親の投稿を取得する')"}}},"runAfter":{"変数を初期化する-投稿一覧":["Succeeded"]},"metadata":{"operationMetadataId":"944c35e1-f4d5-497f-b03f-9177c3473359"},"type":"Scope"},"Do_until-返信をすべて取得する":{"actions":{"Apply_to_each-返信を配列に追加する":{"foreach":"@body('HTTP_要求を送信します-返信を取得する')?['value']","actions":{"配列変数に追加-返信を配列に追加する":{"runAfter":{},"metadata":{"operationMetadataId":"388f866d-6d65-4f59-ab70-65fbb3e41c72"},"type":"AppendToArrayVariable","inputs":{"name":"投稿一覧","value":"@item()"}}},"runAfter":{"HTTP_要求を送信します-返信を取得する":["Succeeded"]},"metadata":{"operationMetadataId":"83850b40-2579-4aa2-9d9d-f1e87448be5c"},"type":"Foreach"},"HTTP_要求を送信します-返信を取得する":{"runAfter":{},"metadata":{"operationMetadataId":"b5c2a423-cc34-460b-af3a-0808cbfeaaa9"},"type":"OpenApiConnection","inputs":{"host":{"apiId":"/providers/Microsoft.PowerApps/apis/shared_office365groups","connectionName":"shared_office365groups","operationId":"HttpRequest"},"parameters":{"Uri":"@variables('リクエスト先URI')","Method":"GET","ContentType":"application/json"},"authentication":{"value":"@json(decodeBase64(triggerOutputs().headers['X-MS-APIM-Tokens']))['$ConnectionKey']","type":"Raw"}}},"変数の設定-リクエスト先URI":{"runAfter":{"Apply_to_each-返信を配列に追加する":["Succeeded"]},"metadata":{"operationMetadataId":"41a3af95-8520-49ae-a652-5442e6a6543e"},"type":"SetVariable","inputs":{"name":"リクエスト先URI","value":"@{body('HTTP_要求を送信します-返信を取得する')?['@odata.nextLink']}"}}},"runAfter":{"変数を初期化する-リクエスト先URI":["Succeeded"]},"expression":"@equals(empty(variables('リクエスト先URI')), true)","limit":{"count":60,"timeout":"PT1H"},"metadata":{"operationMetadataId":"e69180fc-cbf2-45f9-965a-bf2f9a7a6692"},"type":"Until"},"変数を初期化する-リクエスト先URI":{"runAfter":{"Teamsから投稿を取得する":["Succeeded"]},"metadata":{"operationMetadataId":"e9301258-4366-4c43-8958-d536b6048c88"},"type":"InitializeVariable","inputs":{"variables":[{"name":"リクエスト先URI","type":"string","value":"https://graph.microsoft.com/beta/teams/@{triggerBody()?['entity']?['teamsFlowRunContext']?['channelData']?['team']?['aadGroupId']}/channels/@{triggerBody()?['entity']?['teamsFlowRunContext']?['channelData']?['channel']?['id']}/messages/@{triggerBody()?['entity']?['teamsFlowRunContext']?['messagePayload']?['id']}/replies"}]}},"Apply_to_each-対象の人数分だけ追加処理を行う":{"foreach":"@outputs('作成-重複を排除')","actions":{"タグにメンバーを追加する":{"runAfter":{},"metadata":{"operationMetadataId":"f7ddc25f-4dc5-4f40-a748-f149b21bc8bf"},"type":"OpenApiConnection","inputs":{"host":{"apiId":"/providers/Microsoft.PowerApps/apis/shared_teams","connectionName":"shared_teams","operationId":"AddMemberToTag"},"parameters":{"groupId":"@triggerBody()?['entity']?['teamsFlowRunContext']?['channelData']?['team']?['aadGroupId']","tagId":"@outputs('作成-更新対象のタグのID')","body/userId":"@item()"},"authentication":{"value":"@json(decodeBase64(triggerOutputs().headers['X-MS-APIM-Tokens']))['$ConnectionKey']","type":"Raw"}}}},"runAfter":{"スコープ-更新対象のタグを選択する":["Succeeded"]},"metadata":{"operationMetadataId":"37c38a45-1e43-4228-a929-4c1c828236c9"},"type":"Foreach"},"スコープ-更新対象のタグを選択する":{"actions":{"チームのタグをすべて一覧表示する":{"runAfter":{},"metadata":{"operationMetadataId":"22c134ea-708f-4176-95af-a1cfef283e9d"},"type":"OpenApiConnection","inputs":{"host":{"apiId":"/providers/Microsoft.PowerApps/apis/shared_teams","connectionName":"shared_teams","operationId":"GetTags"},"parameters":{"groupId":"@triggerBody()?['entity']?['teamsFlowRunContext']?['channelData']?['team']?['aadGroupId']"},"authentication":{"value":"@json(decodeBase64(triggerOutputs().headers['X-MS-APIM-Tokens']))['$ConnectionKey']","type":"Raw"}}},"選択-タグの名前とIDを取得":{"runAfter":{"チームのタグをすべて一覧表示する":["Succeeded"]},"metadata":{"operationMetadataId":"58b1ed85-410f-42c9-88f1-d26888cfffb8"},"type":"Select","inputs":{"from":"@outputs('チームのタグをすべて一覧表示する')?['body/value']","select":{"Title":"@item()?['displayName']","Value":"@item()?['id']"}}},"作成-更新対象のタグのID":{"runAfter":{"アダプティブ_カードを投稿して応答を待機する":["Succeeded"]},"metadata":{"operationMetadataId":"713e9505-9e64-493e-a7b8-5052c348de0c"},"type":"Compose","inputs":"@outputs('アダプティブ_カードを投稿して応答を待機する')?['body/data/tagsInTeam']"},"アダプティブ_カードを投稿して応答を待機する":{"runAfter":{"選択-タグの名前とIDを取得":["Succeeded"]},"metadata":{"operationMetadataId":"b847e62c-173a-4fe1-a0da-7e5325acec3d"},"type":"OpenApiConnectionWebhook","inputs":{"host":{"apiId":"/providers/Microsoft.PowerApps/apis/shared_teams","connectionName":"shared_teams","operationId":"PostCardAndWaitForResponse"},"parameters":{"poster":"Flow bot","location":"Chat with Flow bot","body/body/messageBody":"{\n    \"type\": \"AdaptiveCard\",\n    \"body\": [\n        {\n            \"type\": \"TextBlock\",\n            \"size\": \"Medium\",\n            \"weight\": \"Bolder\",\n            \"text\": \"指定したタグに指定したスレッドの発言者を追加する\"\n        },\n        {\n            \"type\": \"TextBlock\",\n            \"text\": \"メンバーを追加する対象のタグを指定してください\",\n            \"wrap\": true\n        },\n        {\n            \"type\": \"TextBlock\",\n            \"text\": \"タグ\",\n            \"wrap\": true,\n            \"weight\": \"Bolder\"\n        },\n        {\n            \"type\": \"Input.ChoiceSet\",\n            \"choices\": @{body('選択-タグの名前とIDを取得')},\n            \"id\": \"TagsInTeam\",\n            \"wrap\": true,\n            \"style\": \"expanded\"\n        },\n        {\n            \"type\": \"ActionSet\",\n            \"actions\": [\n                {\n                    \"type\": \"Action.Submit\",\n                    \"title\": \"メンバーの追加を実行\"\n                }\n            ]\n        }\n    ],\n    \"$schema\": \"http://adaptivecards.io/schemas/adaptive-card.json\",\n    \"version\": \"1.4\"\n}","body/body/updateMessage":"実行要求を受け付けました。","body/body/recipient/to":"@{triggerBody()?['entity']?['teamsFlowRunContext']?['from']?['aadObjectId']};"},"authentication":{"value":"@json(decodeBase64(triggerOutputs().headers['X-MS-APIM-Tokens']))['$ConnectionKey']","type":"Raw"}}},"アレイのフィルター処理":{"runAfter":{"作成-更新対象のタグのID":["Succeeded"]},"metadata":{"operationMetadataId":"0e597244-58ee-4412-ac3f-05be4cfc4dd9"},"type":"Query","inputs":{"from":"@body('選択-タグの名前とIDを取得')","where":"@equals(item()?['Value'], outputs('アダプティブ_カードを投稿して応答を待機する')?['body/data/tagsInTeam'])"}},"作成-更新対象のタグの名前":{"runAfter":{"アレイのフィルター処理":["Succeeded"]},"metadata":{"operationMetadataId":"768dee46-24d3-4d47-bcef-535d70b7f5d1"},"type":"Compose","inputs":"@first(body('アレイのフィルター処理'))?['Title']"}},"runAfter":{"スコープ-投稿者IDの配列からnullと重複を排除":["Succeeded"]},"metadata":{"operationMetadataId":"5f1a7909-1742-43d6-9298-b4ec89c7da55"},"type":"Scope"},"スコープ-投稿者IDの配列からnullと重複を排除":{"actions":{"選択-「親の投稿」と返信それぞれの投稿者のID一覧":{"runAfter":{},"metadata":{"operationMetadataId":"8be76b95-dbb0-4bef-945d-6954b2bf859f"},"type":"Select","inputs":{"from":"@variables('投稿一覧')","select":"@item()?['from']?['user']?['id']"}},"アレイのフィルター処理-nullを排除":{"runAfter":{"選択-「親の投稿」と返信それぞれの投稿者のID一覧":["Succeeded"]},"metadata":{"operationMetadataId":"6ee97598-d730-4133-b05a-571689ec0267"},"type":"Query","inputs":{"from":"@body('選択-「親の投稿」と返信それぞれの投稿者のID一覧')","where":"@not(equals(item(), null))"}},"作成-重複を排除":{"runAfter":{"アレイのフィルター処理-nullを排除":["Succeeded"]},"metadata":{"operationMetadataId":"1ae73ae4-3348-4e6a-946c-55664fcc9e94"},"type":"Compose","inputs":"@union(body('アレイのフィルター処理-nullを排除'), body('アレイのフィルター処理-nullを排除'))"}},"runAfter":{"Do_until-返信をすべて取得する":["Succeeded"]},"metadata":{"operationMetadataId":"740487c8-5bf3-49e9-81fb-e93aaa296d62"},"type":"Scope"},"スコープ-フローの実行者に処理結果をチャットで通知する":{"actions":{"タグのメンバーを一覧表示する":{"runAfter":{},"metadata":{"operationMetadataId":"ed956513-e305-4938-b6db-bef8f437d927"},"type":"OpenApiConnection","inputs":{"host":{"apiId":"/providers/Microsoft.PowerApps/apis/shared_teams","connectionName":"shared_teams","operationId":"GetTagMembers"},"parameters":{"groupId":"@triggerBody()?['entity']?['teamsFlowRunContext']?['channelData']?['team']?['aadGroupId']","tagId":"@outputs('作成-更新対象のタグのID')"},"authentication":{"value":"@json(decodeBase64(triggerOutputs().headers['X-MS-APIM-Tokens']))['$ConnectionKey']","type":"Raw"}}},"Apply_to_each-メンバーのIDをもとに「表示名」「メールアドレス」配列を作成":{"foreach":"@outputs('タグのメンバーを一覧表示する')?['body/value']","actions":{"ユーザー_プロフィールの取得_(V2)":{"runAfter":{},"metadata":{"operationMetadataId":"c630f649-294e-44e3-aee0-e94816d14c88"},"type":"OpenApiConnection","inputs":{"host":{"apiId":"/providers/Microsoft.PowerApps/apis/shared_office365users","connectionName":"shared_office365users","operationId":"UserProfile_V2"},"parameters":{"id":"@items('Apply_to_each-メンバーのIDをもとに「表示名」「メールアドレス」配列を作成')?['userId']"},"authentication":{"value":"@json(decodeBase64(triggerOutputs().headers['X-MS-APIM-Tokens']))['$ConnectionKey']","type":"Raw"}}},"条件-今回追加したユーザーである":{"actions":{"配列変数に追加-タグに含めるメンバー一覧":{"runAfter":{},"metadata":{"operationMetadataId":"32bcfcf7-396f-4425-bb89-1fbf018d6106"},"type":"AppendToArrayVariable","inputs":{"name":"タグに含まれているメンバー一覧","value":{"表示名":"@{outputs('ユーザー_プロフィールの取得_(V2)')?['body/displayName']}","メールアドレス":"@{outputs('ユーザー_プロフィールの取得_(V2)')?['body/mail']}","今回追加した":"〇"}}}},"runAfter":{"ユーザー_プロフィールの取得_(V2)":["Succeeded"]},"else":{"actions":{"配列変数に追加-タグに含めるメンバー一覧_2":{"runAfter":{},"metadata":{"operationMetadataId":"32bcfcf7-396f-4425-bb89-1fbf018d6106"},"type":"AppendToArrayVariable","inputs":{"name":"タグに含まれているメンバー一覧","value":{"表示名":"@{outputs('ユーザー_プロフィールの取得_(V2)')?['body/displayName']}","メールアドレス":"@{outputs('ユーザー_プロフィールの取得_(V2)')?['body/mail']}","今回追加した":""}}}}},"expression":{"equals":["@contains(outputs('作成-重複を排除'),item()?['userId'])",true]},"metadata":{"operationMetadataId":"e9645250-ffaf-4a81-962f-92fa7e6729dd"},"type":"If"}},"runAfter":{"タグのメンバーを一覧表示する":["Succeeded"]},"metadata":{"operationMetadataId":"fffbd73b-9c23-4972-91e6-97fbe29661f5"},"type":"Foreach"},"HTML_テーブルの作成-タグに含まれているメンバー一覧":{"runAfter":{"Apply_to_each-メンバーのIDをもとに「表示名」「メールアドレス」配列を作成":["Succeeded"]},"metadata":{"operationMetadataId":"9ca9bc04-efd6-4e6d-bcaf-9ca6df07e7df"},"type":"Table","inputs":{"from":"@variables('タグに含まれているメンバー一覧')","format":"HTML"}},"作成-チャットの本文":{"runAfter":{"HTML_テーブルの作成-タグに含まれているメンバー一覧":["Succeeded"]},"metadata":{"operationMetadataId":"f96994d8-7ed6-41d4-8447-031a88983935"},"type":"Compose","inputs":"指定したスレッドの発言者をタグに追加しました。\n\n【タグの名前】\n@{outputs('作成-更新対象のタグの名前')}\n\n【メンバー】\n@{body('HTML_テーブルの作成-タグに含まれているメンバー一覧')}\n\n【元のスレッド】\n<a href=\"@{triggerBody()?['entity']?['teamsFlowRunContext']?['messagePayload']?['linkToMessage']}\">スレッドを開く</a>"},"チャットまたはチャネルでメッセージを投稿する":{"runAfter":{"作成-チャットの本文":["Succeeded"]},"metadata":{"operationMetadataId":"1cc70ade-cfa4-4e4d-ae53-aa5cb4ebd3cc"},"type":"OpenApiConnection","inputs":{"host":{"apiId":"/providers/Microsoft.PowerApps/apis/shared_teams","connectionName":"shared_teams","operationId":"PostMessageToConversation"},"parameters":{"poster":"Flow bot","location":"Chat with Flow bot","body/recipient":"@{triggerBody()?['entity']?['teamsFlowRunContext']?['from']?['aadObjectId']};","body/messageBody":"<p>@{replace(outputs('作成-チャットの本文'),decodeUriComponent('%0A'),'<br/>')}</p>"},"authentication":{"value":"@json(decodeBase64(triggerOutputs().headers['X-MS-APIM-Tokens']))['$ConnectionKey']","type":"Raw"}}}},"runAfter":{"変数を初期化する-タグに含まれているメンバー一覧":["Succeeded"]},"metadata":{"operationMetadataId":"187961e3-a72c-4aa6-8641-03e164969520"},"type":"Scope"},"変数を初期化する-タグに含まれているメンバー一覧":{"runAfter":{"Apply_to_each-対象の人数分だけ追加処理を行う":["Succeeded"]},"metadata":{"operationMetadataId":"72f5c205-e29c-4946-a9cc-a89dbb6340a4"},"type":"InitializeVariable","inputs":{"variables":[{"name":"タグに含まれているメンバー一覧","type":"array"}]}}}},"connectionReferences":{"shared_teams":{"connectionName":"shared-teams-d9071561-66c8-4ab3-9d55-9067bb4438ac","source":"Invoker","id":"/providers/Microsoft.PowerApps/apis/shared_teams","tier":"NotSpecified"},"shared_office365groups":{"connectionName":"a32d8162535a49e8a044eedac31a6e50","source":"Invoker","id":"/providers/Microsoft.PowerApps/apis/shared_office365groups","tier":"NotSpecified"},"shared_office365users":{"connectionName":"a0d22c14de39467b9f5e5f20f2badb22","source":"Invoker","id":"/providers/Microsoft.PowerApps/apis/shared_office365users","tier":"NotSpecified"}},"flowFailureAlertSubscribed":false,"isManaged":false}}