{"name":"dd385d26-2194-428e-82e0-7871a566d31a","id":"/providers/Microsoft.Flow/flows/dd385d26-2194-428e-82e0-7871a566d31a","type":"Microsoft.Flow/flows","properties":{"apiId":"/providers/Microsoft.PowerApps/apis/shared_logicflows","displayName":"すべてのサイトの容量をCSV保存","definition":{"metadata":{"workflowEntityId":null,"processAdvisorMetadata":null,"flowclientsuspensionreason":"None","flowclientsuspensiontime":null,"creator":{"id":"350bd895-8fff-465e-b2ce-f3943b7d2b43","type":"User","tenantId":"688cdea3-eec2-4ad7-b65b-3b2b2e535888"},"provisioningMethod":"FromDefinition","failureAlertSubscription":true,"clientLastModifiedTime":"2022-05-01T04:45:26.3080704Z"},"$schema":"https://schema.management.azure.com/providers/Microsoft.Logic/schemas/2016-06-01/workflowdefinition.json#","contentVersion":"1.0.0.0","parameters":{"$connections":{"defaultValue":{},"type":"Object"},"$authentication":{"defaultValue":{},"type":"SecureObject"}},"triggers":{"manual":{"metadata":{"operationMetadataId":"7f54d9cf-cbff-4b21-b46e-c579c800053c"},"type":"Request","kind":"Button","inputs":{"schema":{"type":"object","properties":{},"required":[]}}}},"actions":{"SharePoint_に_HTTP_要求を送信します":{"runAfter":{},"metadata":{"operationMetadataId":"e76eb19b-6c73-4f65-97f5-c74e942c8a1f"},"type":"OpenApiConnection","inputs":{"host":{"apiId":"/providers/Microsoft.PowerApps/apis/shared_sharepointonline","connectionName":"shared_sharepointonline","operationId":"HttpRequest"},"parameters":{"dataset":"https://m365x000309-admin.sharepoint.com/","parameters/method":"GET","parameters/uri":"/_api/web/lists/getbytitle('DO_NOT_DELETE_SPLIST_TENANTADMIN_AGGREGATED_SITECOLLECTIONS')/items?$select=Title,SiteUrl,StorageQuota,StorageUsed,StorageUsedPercentage,TemplateName"},"authentication":{"value":"@json(decodeBase64(triggerOutputs().headers['X-MS-APIM-Tokens']))['$ConnectionKey']","type":"Raw"}}},"CSV_テーブルの作成":{"runAfter":{"SharePoint_に_HTTP_要求を送信します":["Succeeded"]},"metadata":{"operationMetadataId":"f7db41ad-6045-4941-b847-cba0a544c5d8"},"type":"Table","inputs":{"from":"@body('SharePoint_に_HTTP_要求を送信します')?['d']?['results']","format":"CSV","columns":[{"header":"サイト名","value":"@item()['Title']"},{"header":"サイトURL","value":"@item()['SiteUrl']"},{"header":"上限容量（GB）","value":"@formatNumber(div(float(item()['StorageQuota']),1073741824),'F2')"},{"header":"使用中の容量（GB）","value":"@formatNumber(div(item()['StorageUsed'],1073741824.00),'F2')"},{"header":"容量使用率（%）","value":"@formatNumber(mul(float(item()['StorageUsedPercentage']),100),'F2')"},{"header":"テンプレート","value":"@item()['TemplateName']"}]}},"スコープ-OneDriveにCSV保存してチャットで保存先を通知する":{"actions":{"マイ_プロフィールの取得_(V2)":{"runAfter":{"変数の設定-チャットの本文":["Succeeded"]},"metadata":{"operationMetadataId":"c31bd169-1d5e-40d9-91ae-a0e49c1813d9"},"type":"OpenApiConnection","inputs":{"host":{"apiId":"/providers/Microsoft.PowerApps/apis/shared_office365users","connectionName":"shared_office365users","operationId":"MyProfile_V2"},"parameters":{},"authentication":{"value":"@json(decodeBase64(triggerOutputs().headers['X-MS-APIM-Tokens']))['$ConnectionKey']","type":"Raw"}}},"チャットまたはチャネルでメッセージを投稿する":{"runAfter":{"マイ_プロフィールの取得_(V2)":["Succeeded"]},"metadata":{"operationMetadataId":"2e23e97c-97ab-4744-8785-dbb67e7cbbeb"},"type":"OpenApiConnection","inputs":{"host":{"apiId":"/providers/Microsoft.PowerApps/apis/shared_teams","connectionName":"shared_teams","operationId":"PostMessageToConversation"},"parameters":{"poster":"Flow bot","location":"Chat with Flow bot","body/recipient":"@{outputs('マイ_プロフィールの取得_(V2)')?['body/mail']};","body/messageBody":"<p>@{variables('チャットの本文')}</p>"},"authentication":{"value":"@json(decodeBase64(triggerOutputs().headers['X-MS-APIM-Tokens']))['$ConnectionKey']","type":"Raw"}}},"変数の設定-チャットの本文":{"runAfter":{"共有リンクを作成する":["Succeeded"]},"metadata":{"operationMetadataId":"e13fc81b-e40a-4769-9408-af184e988f29"},"type":"SetVariable","inputs":{"name":"チャットの本文","value":"すべてのサイトの容量をCSV形式でエクスポートしました。<br>\n<br>\n【CSVの保存先パス】<br>\n<a href=\"@{outputs('共有リンクを作成する')?['body/WebUrl']}\">CSVを開く</a><br>"}},"共有リンクを作成する":{"runAfter":{"ファイルの作成":["Succeeded"]},"metadata":{"operationMetadataId":"1ea5ae58-9988-4322-a21e-b09c30a2e772"},"type":"OpenApiConnection","inputs":{"host":{"apiId":"/providers/Microsoft.PowerApps/apis/shared_onedriveforbusiness","connectionName":"shared_onedriveforbusiness","operationId":"CreateShareLinkV2"},"parameters":{"id":"@outputs('ファイルの作成')?['body/Id']","type":"View","scope":"Organization"},"authentication":{"value":"@json(decodeBase64(triggerOutputs().headers['X-MS-APIM-Tokens']))['$ConnectionKey']","type":"Raw"}}},"ファイルの作成":{"runAfter":{},"metadata":{"operationMetadataId":"c9974402-b1de-4ef3-8795-cc2e22a98e31"},"type":"OpenApiConnection","inputs":{"host":{"apiId":"/providers/Microsoft.PowerApps/apis/shared_onedriveforbusiness","connectionName":"shared_onedriveforbusiness","operationId":"CreateFile"},"parameters":{"folderPath":"/すべてのサイトの容量","name":"@{convertTimeZone(utcNow(), 'UTC', 'Tokyo Standard Time', 'yyyyMMdd_HHmm')}.csv","body":"@concat(decodeUriComponent('%EF%BB%BF'), body('CSV_テーブルの作成'))"},"authentication":{"value":"@json(decodeBase64(triggerOutputs().headers['X-MS-APIM-Tokens']))['$ConnectionKey']","type":"Raw"}},"runtimeConfiguration":{"contentTransfer":{"transferMode":"Chunked"}}}},"runAfter":{"変数を初期化する-チャットの本文":["Succeeded"]},"metadata":{"operationMetadataId":"a468edb0-7f7b-4315-be0f-93c4770535f5"},"type":"Scope"},"変数を初期化する-チャットの本文":{"runAfter":{"CSV_テーブルの作成":["Succeeded"]},"metadata":{"operationMetadataId":"5cb7843e-9bfd-4b5b-9fa7-0f3bc1f97426"},"type":"InitializeVariable","inputs":{"variables":[{"name":"チャットの本文","type":"string"}]}}}},"connectionReferences":{"shared_sharepointonline":{"connectionName":"shared-sharepointonl-5472558e-11c9-4f88-b2b9-5274c0a1b31b","source":"Invoker","id":"/providers/Microsoft.PowerApps/apis/shared_sharepointonline","tier":"NotSpecified"},"shared_office365users":{"connectionName":"shared-office365user-bbc62fef-29ff-40a9-9c37-376bb0336b9d","source":"Invoker","id":"/providers/Microsoft.PowerApps/apis/shared_office365users","tier":"NotSpecified"},"shared_teams":{"connectionName":"shared-teams-6b1d1b48-f86f-45e3-86b5-22c06adbb851","source":"Invoker","id":"/providers/Microsoft.PowerApps/apis/shared_teams","tier":"NotSpecified"},"shared_onedriveforbusiness":{"connectionName":"shared-onedriveforbu-ca7ba3ee-97d0-43d1-b3cd-a71fa6eda046","source":"Invoker","id":"/providers/Microsoft.PowerApps/apis/shared_onedriveforbusiness","tier":"NotSpecified"}},"flowFailureAlertSubscribed":false,"isManaged":false}}