{"name":"3cbbcd56-7359-4252-abd6-818cd4ef1b0e","id":"/providers/Microsoft.Flow/flows/3cbbcd56-7359-4252-abd6-818cd4ef1b0e","type":"Microsoft.Flow/flows","properties":{"apiId":"/providers/Microsoft.PowerApps/apis/shared_logicflows","displayName":"会議中に投げられた斧を投げ返す","definition":{"metadata":{"workflowEntityId":null,"processAdvisorMetadata":null,"flowclientsuspensionreason":"None","flowclientsuspensiontime":null,"flowclientsuspensionreasondetails":null,"creator":{"id":"350bd895-8fff-465e-b2ce-f3943b7d2b43","type":"User","tenantId":"688cdea3-eec2-4ad7-b65b-3b2b2e535888"},"provisioningMethod":"FromDefinition","failureAlertSubscription":true,"clientLastModifiedTime":"2022-12-04T05:01:42.0327586Z"},"$schema":"https://schema.management.azure.com/providers/Microsoft.Logic/schemas/2016-06-01/workflowdefinition.json#","contentVersion":"1.0.0.0","parameters":{"$connections":{"defaultValue":{},"type":"Object"},"$authentication":{"defaultValue":{},"type":"SecureObject"}},"triggers":{"チャットに新しいメッセージが追加されたとき":{"metadata":{"operationMetadataId":"55791637-6863-4380-95e6-9d3dc00b55a0"},"type":"OpenApiConnectionWebhook","inputs":{"host":{"apiId":"/providers/Microsoft.PowerApps/apis/shared_teams","connectionName":"shared_teams","operationId":"WebhookChatMessageTrigger"},"parameters":{},"authentication":"@parameters('$authentication')"}}},"actions":{"作成-トリガーとなったチャットの要素（first関数で取得）":{"runAfter":{"作成-定数-処理対象の会話ID":["Succeeded"]},"metadata":{"operationMetadataId":"614c8415-39ea-403f-aa25-280d8578974e"},"type":"Compose","inputs":"@first(triggerOutputs()?['body/value'])"},"作成-定数-処理対象の会話ID":{"runAfter":{},"metadata":{"operationMetadataId":"28a7756e-d72d-475f-9bd0-638cc70117c4"},"type":"Compose","inputs":"19:meeting_MDhlZTMzMDgtNTNkZS00MjZhLTlmNTctODQ0ZDA0ZjNmYWY0@thread.v2"},"条件-処理対象の会話IDである":{"actions":{},"runAfter":{"作成-トリガーとなったチャットの要素（first関数で取得）":["Succeeded"]},"else":{"actions":{"終了":{"runAfter":{},"metadata":{"operationMetadataId":"e4c33372-cb21-479e-8035-4f897e21a547"},"type":"Terminate","inputs":{"runStatus":"Succeeded"}}}},"expression":{"equals":["@outputs('作成-トリガーとなったチャットの要素（first関数で取得）')?['conversationId']","@outputs('作成-定数-処理対象の会話ID')"]},"metadata":{"operationMetadataId":"491f34f2-8a8e-4b76-a9a3-3af7c0a74821"},"type":"If"},"作成-誰がいつ斧を投げたか":{"runAfter":{"条件-チャット本文に斧が含まれている":["Succeeded"]},"metadata":{"operationMetadataId":"c89f22c9-c6f7-4c01-8fda-4b8791b3917d"},"type":"Compose","inputs":"'ユーザー名：'\n@{outputs('メッセージ詳細を取得する')?['body/from/user/displayName']}\n\n'ユーザーID：'\n@{outputs('メッセージ詳細を取得する')?['body/from/user/id']}\n\n'本文コンテンツ：'\n@{outputs('メッセージ詳細を取得する')?['body/body/content']}\n\n'発言日時：'\n@{outputs('メッセージ詳細を取得する')?['body/createdDateTime']}\n\n'メッセージリンク：'\n@{outputs('メッセージ詳細を取得する')?['body/messageLink']}\n"},"チャットまたはチャネルでメッセージを投稿する":{"runAfter":{"ユーザーの_@mention_トークンを取得する":["Succeeded"]},"metadata":{"operationMetadataId":"bf232dc2-9e5c-4999-912b-41649f2143dd"},"type":"OpenApiConnection","inputs":{"host":{"apiId":"/providers/Microsoft.PowerApps/apis/shared_teams","connectionName":"shared_teams","operationId":"PostMessageToConversation"},"parameters":{"poster":"Flow bot","location":"Group chat","body/recipient":"@outputs('作成-トリガーとなったチャットの要素（first関数で取得）')?['conversationId']","body/messageBody":"<p>@{outputs('ユーザーの_@mention_トークンを取得する')?['body/atMention']} さん<br>\nマサカリを落としましたよ！<br>\n╰( `•ω•)╮—===≡≡≡ 🪓</p>"},"authentication":"@parameters('$authentication')"}},"条件-ユーザーIDがnullである（=_botである）":{"actions":{"終了_2":{"runAfter":{},"metadata":{"operationMetadataId":"04581bc3-a51a-4d19-bb14-67568a38d22d"},"type":"Terminate","inputs":{"runStatus":"Succeeded"}}},"runAfter":{"メッセージ詳細を取得する":["Succeeded"]},"expression":{"equals":["@outputs('メッセージ詳細を取得する')?['body/from/user/id']","@null"]},"metadata":{"operationMetadataId":"bbdd0b61-e2b0-4046-b70d-df846bfeec97"},"type":"If"},"メッセージ詳細を取得する":{"runAfter":{"条件-処理対象の会話IDである":["Succeeded"]},"metadata":{"operationMetadataId":"694b9cea-89a3-4518-a6f8-a9e3410b8755"},"type":"OpenApiConnection","inputs":{"host":{"apiId":"/providers/Microsoft.PowerApps/apis/shared_teams","connectionName":"shared_teams","operationId":"GetMessageDetails"},"parameters":{"messageId":"@outputs('作成-トリガーとなったチャットの要素（first関数で取得）')?['messageId']","threadType":"groupchat","body/recipient":"@outputs('作成-トリガーとなったチャットの要素（first関数で取得）')?['conversationId']"},"authentication":"@parameters('$authentication')"}},"ユーザーの_@mention_トークンを取得する":{"runAfter":{"作成-誰がいつ斧を投げたか":["Succeeded"]},"metadata":{"operationMetadataId":"991223fe-3399-468b-8a46-c0d8632c9dd1"},"type":"OpenApiConnection","inputs":{"host":{"apiId":"/providers/Microsoft.PowerApps/apis/shared_teams","connectionName":"shared_teams","operationId":"AtMentionUser"},"parameters":{"userId":"@outputs('メッセージ詳細を取得する')?['body/from/user/id']"},"authentication":"@parameters('$authentication')"}},"条件-チャット本文に斧が含まれている":{"actions":{},"runAfter":{"条件-ユーザーIDがnullである（=_botである）":["Succeeded"]},"else":{"actions":{"終了_3":{"runAfter":{},"metadata":{"operationMetadataId":"5a7db25f-0c91-41a9-a90f-f4c1fba40139"},"type":"Terminate","inputs":{"runStatus":"Succeeded"}}}},"expression":{"contains":["@outputs('メッセージ詳細を取得する')?['body/body/content']","🪓"]},"metadata":{"operationMetadataId":"22565f2a-d343-4a03-b03e-a126e426083c"},"type":"If"}}},"connectionReferences":{"shared_teams":{"connectionName":"f926dfc973f14c8397e5faa66e216e92","source":"Embedded","id":"/providers/Microsoft.PowerApps/apis/shared_teams","tier":"NotSpecified"}},"flowFailureAlertSubscribed":false,"isManaged":false}}