{"name":"6bfdadab-5e26-4104-a23c-e5f4a97b523d","id":"/providers/Microsoft.Flow/flows/6bfdadab-5e26-4104-a23c-e5f4a97b523d","type":"Microsoft.Flow/flows","properties":{"apiId":"/providers/Microsoft.PowerApps/apis/shared_logicflows","displayName":"既存のリストから新しいリストを作成","definition":{"metadata":{"workflowEntityId":null,"processAdvisorMetadata":null,"flowclientsuspensionreason":"None","flowclientsuspensiontime":null,"creator":{"id":"350bd895-8fff-465e-b2ce-f3943b7d2b43","type":"User","tenantId":"688cdea3-eec2-4ad7-b65b-3b2b2e535888"},"provisioningMethod":"FromDefinition","failureAlertSubscription":true,"clientLastModifiedTime":"2022-05-14T10:38:01.5049181Z"},"$schema":"https://schema.management.azure.com/providers/Microsoft.Logic/schemas/2016-06-01/workflowdefinition.json#","contentVersion":"1.0.0.0","parameters":{"$connections":{"defaultValue":{},"type":"Object"},"$authentication":{"defaultValue":{},"type":"SecureObject"}},"triggers":{"manual":{"metadata":{"operationMetadataId":"6736d72d-1b41-450f-9316-6ff5a6a25c77"},"type":"Request","kind":"Button","inputs":{"schema":{"type":"object","properties":{},"required":[]}}}},"actions":{"SharePoint_に_HTTP_要求を送信します-コピー元のリストを取得":{"runAfter":{},"metadata":{"operationMetadataId":"f4e37fc0-6580-4133-9377-a89b3c74dbec"},"type":"OpenApiConnection","inputs":{"host":{"apiId":"/providers/Microsoft.PowerApps/apis/shared_sharepointonline","connectionName":"shared_sharepointonline","operationId":"HttpRequest"},"parameters":{"dataset":"https://m365x000309.sharepoint.com/sites/msteams_17f4f3","parameters/method":"POST","parameters/uri":"_api/Microsoft.Sharepoint.Utilities.WebTemplateExtensions.SiteScriptUtility.GetSiteScriptFromList()","parameters/headers":{"accept":"application/json;odata=verbose","content-type":"application/json;odata=verbose"},"parameters/body":"{\n\"listUrl\": \"https://m365x000309.sharepoint.com/sites/msteams_17f4f3/Lists/List2/\"\n}"},"authentication":{"value":"@json(decodeBase64(triggerOutputs().headers['X-MS-APIM-Tokens']))['$ConnectionKey']","type":"Raw"}}},"SharePoint_に_HTTP_要求を送信します_-指定したサイトにリストを作成":{"runAfter":{"作成-エスケープシーケンスを追加":["Succeeded"]},"metadata":{"operationMetadataId":"f4e37fc0-6580-4133-9377-a89b3c74dbec"},"type":"OpenApiConnection","inputs":{"host":{"apiId":"/providers/Microsoft.PowerApps/apis/shared_sharepointonline","connectionName":"shared_sharepointonline","operationId":"HttpRequest"},"parameters":{"dataset":"https://m365x000309.sharepoint.com/sites/DemoCommu","parameters/method":"POST","parameters/uri":"_api/Microsoft.Sharepoint.Utilities.WebTemplateExtensions.SiteScriptUtility.ExecuteTemplateScript()","parameters/headers":{"accept":"application/json;odata=verbose","content-type":"application/json;odata=verbose"},"parameters/body":"{\"script\": \"@{outputs('作成-エスケープシーケンスを追加')}\"}"},"authentication":{"value":"@json(decodeBase64(triggerOutputs().headers['X-MS-APIM-Tokens']))['$ConnectionKey']","type":"Raw"}}},"作成-「GetSiteScriptFromList」部分を取得":{"runAfter":{"SharePoint_に_HTTP_要求を送信します-コピー元のリストを取得":["Succeeded"]},"metadata":{"operationMetadataId":"38de516c-2805-4ce0-9cdd-a33f3eabd1ae"},"type":"Compose","inputs":"@body('SharePoint_に_HTTP_要求を送信します-コピー元のリストを取得')?['d']?['GetSiteScriptFromList']","description":"body('SharePoint_に_HTTP_要求を送信します-コピー元のリストを取得')?['d']?['GetSiteScriptFromList']"},"作成_-「$schema」プロパティを削除":{"runAfter":{"作成-「GetSiteScriptFromList」部分を取得":["Succeeded"]},"metadata":{"operationMetadataId":"b4202881-462a-47e0-834a-32ed753e186a"},"type":"Compose","inputs":"@removeProperty(json(outputs('作成-「GetSiteScriptFromList」部分を取得')),'$schema')","description":"removeProperty(json(outputs('作成-「GetSiteScriptFromList」部分を取得')),'$schema')"},"作成-エスケープシーケンスを追加":{"runAfter":{"作成_-「$schema」プロパティを削除":["Succeeded"]},"metadata":{"operationMetadataId":"4aed66d0-44fb-44a9-834a-3110a20e14bc"},"type":"Compose","inputs":"@replace(replace(string(outputs('作成_-「$schema」プロパティを削除')),'\\','\\\\'),'\"','\\\"')","description":"replace(replace(string(outputs('作成_-「$schema」プロパティを削除')),'\\','\\\\'),'\"','\\\"')"}}},"connectionReferences":{"shared_sharepointonline":{"connectionName":"shared-sharepointonl-5472558e-11c9-4f88-b2b9-5274c0a1b31b","source":"Invoker","id":"/providers/Microsoft.PowerApps/apis/shared_sharepointonline","tier":"NotSpecified"}},"flowFailureAlertSubscribed":false,"isManaged":false}}