{"name":"3164adae-3e45-4537-90e1-6c88e8cc1509","id":"/providers/Microsoft.Flow/flows/3164adae-3e45-4537-90e1-6c88e8cc1509","type":"Microsoft.Flow/flows","properties":{"apiId":"/providers/Microsoft.PowerApps/apis/shared_logicflows","displayName":"分岐ロジックの経験則 パターン2 修正後その1","definition":{"metadata":{"workflowEntityId":null,"processAdvisorMetadata":null,"flowclientsuspensionreason":"None","flowclientsuspensiontime":null,"flowclientsuspensionreasondetails":null,"creator":{"id":"4a4a76fc-3a14-4340-98f0-54fa153de806","type":"User","tenantId":"81aef3cb-2cfc-44d3-ac59-1bb45d66f910"},"provisioningMethod":"FromDefinition","failureAlertSubscription":true,"clientLastModifiedTime":"2023-01-08T15:33:25.3931399Z"},"$schema":"https://schema.management.azure.com/providers/Microsoft.Logic/schemas/2016-06-01/workflowdefinition.json#","contentVersion":"1.0.0.0","parameters":{"$authentication":{"defaultValue":{},"type":"SecureObject"}},"triggers":{"manual":{"metadata":{"operationMetadataId":"69d2351c-2b14-491d-9801-3c980c3c9531"},"type":"Request","kind":"Button","inputs":{"schema":{"type":"object","properties":{"boolean":{"title":"分岐A","type":"boolean","x-ms-dynamically-added":true,"description":"[はい] または [いいえ] を選択してください","x-ms-content-hint":"BOOLEAN"},"boolean_1":{"title":"分岐B","type":"boolean","x-ms-dynamically-added":true,"description":"[はい] または [いいえ] を選択してください","x-ms-content-hint":"BOOLEAN"},"boolean_2":{"title":"分岐C","type":"boolean","x-ms-dynamically-added":true,"description":"[はい] または [いいえ] を選択してください","x-ms-content-hint":"BOOLEAN"}},"required":["boolean","boolean_1","boolean_2"]}}}},"actions":{"条件-分岐Aが「はい」である":{"actions":{},"runAfter":{},"else":{"actions":{"終了":{"runAfter":{},"metadata":{"operationMetadataId":"5eb64d8a-beca-4268-83e9-cb5bd29345ba"},"type":"Terminate","inputs":{"runStatus":"Succeeded"}}}},"expression":{"equals":["@triggerBody()['boolean']",true]},"metadata":{"operationMetadataId":"1983047e-fc82-427e-8690-22aa270105bd"},"type":"If"},"条件-分岐Bが「はい」である":{"actions":{"条件-分岐Cが「はい」である":{"actions":{},"runAfter":{},"else":{"actions":{"終了_2":{"runAfter":{},"metadata":{"operationMetadataId":"da27be79-61a9-44ce-9b76-f52113bfc90c"},"type":"Terminate","inputs":{"runStatus":"Succeeded"}}}},"expression":{"equals":["@triggerBody()['boolean_2']",true]},"metadata":{"operationMetadataId":"841fb691-431e-4fda-be8e-b5b58a5688e0"},"type":"If"}},"runAfter":{"条件-分岐Aが「はい」である":["Succeeded"]},"expression":{"equals":["@triggerBody()['boolean_1']",true]},"metadata":{"operationMetadataId":"841fb691-431e-4fda-be8e-b5b58a5688e0"},"type":"If"},"スコープ-A且つB且つC、または、A且つ￢Ｂのときに実行":{"actions":{},"runAfter":{"条件-分岐Bが「はい」である":["Succeeded"]},"metadata":{"operationMetadataId":"900752c0-9c17-4a12-82f2-5697862a5471"},"type":"Scope"}}},"connectionReferences":{},"flowFailureAlertSubscribed":false,"isManaged":false}}