{"name":"ac98b91c-2ed1-4154-be9b-de2f3dc51f0b","id":"/providers/Microsoft.Flow/flows/ac98b91c-2ed1-4154-be9b-de2f3dc51f0b","type":"Microsoft.Flow/flows","properties":{"apiId":"/providers/Microsoft.PowerApps/apis/shared_logicflows","displayName":"フォームの未回答者をチェック","definition":{"metadata":{"workflowEntityId":null,"processAdvisorMetadata":null,"flowclientsuspensionreason":"None","flowclientsuspensiontime":null,"creator":{"id":"350bd895-8fff-465e-b2ce-f3943b7d2b43","type":"User","tenantId":"688cdea3-eec2-4ad7-b65b-3b2b2e535888"},"provisioningMethod":"FromDefinition","failureAlertSubscription":true,"clientLastModifiedTime":"2022-06-13T11:15:02.1603855Z"},"$schema":"https://schema.management.azure.com/providers/Microsoft.Logic/schemas/2016-06-01/workflowdefinition.json#","contentVersion":"1.0.0.0","parameters":{"$connections":{"defaultValue":{},"type":"Object"},"$authentication":{"defaultValue":{},"type":"SecureObject"}},"triggers":{"manual":{"metadata":{"operationMetadataId":"6a562159-0d7d-4f00-9c74-a70a5882a188"},"type":"Request","kind":"Button","inputs":{"schema":{"type":"object","properties":{"text":{"title":"フォームURL","type":"string","x-ms-dynamically-added":true,"description":"入力を指定してください","x-ms-content-hint":"TEXT"},"boolean":{"title":"未回答者にメンションする（左：しない、右：する）","type":"boolean","x-ms-dynamically-added":true,"description":"[はい] または [いいえ] を選択してください","x-ms-content-hint":"BOOLEAN"}},"required":[]}}}},"actions":{"HTTP要求-フォームの回答をすべて取得":{"runAfter":{"HTTP要求-フォームの情報を取得":["Succeeded"]},"metadata":{"operationMetadataId":"9f78a653-af0f-4386-a7e2-cace10c803de"},"type":"OpenApiConnection","inputs":{"host":{"apiId":"/providers/Microsoft.PowerApps/apis/shared_sharepointonline","connectionName":"shared_sharepointonline","operationId":"HttpRequest"},"parameters":{"dataset":"https://forms.office.com","parameters/method":"GET","parameters/uri":"/formapi/DownloadExcelFile.ashx?formid=@{outputs('作成-フォームID')}&timezoneOffset=180&minResponseId=1&maxResponseId=@{outputs('HTTP要求-フォームの情報を取得')?['body']?['rowCount']}"},"authentication":{"value":"@json(decodeBase64(triggerOutputs().headers['X-MS-APIM-Tokens']))['$ConnectionKey']","type":"Raw"}}},"HTTP要求-フォームの情報を取得":{"runAfter":{"作成-フォームID":["Succeeded"]},"metadata":{"operationMetadataId":"0063d82e-b7d6-490a-84a7-50cf5e7988aa"},"type":"OpenApiConnection","inputs":{"host":{"apiId":"/providers/Microsoft.PowerApps/apis/shared_sharepointonline","connectionName":"shared_sharepointonline","operationId":"HttpRequest"},"parameters":{"dataset":"https://forms.office.com/formapi","parameters/method":"GET","parameters/uri":"api/light/forms(@{outputs('作成-フォームID')})"},"authentication":{"value":"@json(decodeBase64(triggerOutputs().headers['X-MS-APIM-Tokens']))['$ConnectionKey']","type":"Raw"}}},"作成-フォームID":{"runAfter":{"変数を初期化する-チェック対象メンバー":["Succeeded"]},"metadata":{"operationMetadataId":"dbe289de-4197-4434-9657-7dc888917f4e"},"type":"Compose","inputs":"@split(triggerBody()['text'],'id=')[1]"},"表内に存在する行を一覧表示":{"runAfter":{"ファイルの作成-一時保存Excelファイルを作成":["Succeeded"]},"metadata":{"operationMetadataId":"e4e718da-21e4-43fc-99c0-751d798f1717","tableId":"Table1"},"type":"OpenApiConnection","inputs":{"host":{"apiId":"/providers/Microsoft.PowerApps/apis/shared_excelonlinebusiness","connectionName":"shared_excelonlinebusiness","operationId":"GetItems"},"parameters":{"source":"me","drive":"b!Rl6cMfndukyvuIu02Uqp83sQnUpEbu9Pt8ZBsBTiBIB5BzB5cEj8T7keA7DDdDhm","file":"@outputs('ファイルの作成-一時保存Excelファイルを作成')?['body/Path']","table":"Table1","dateTimeFormat":"ISO 8601"},"authentication":{"value":"@json(decodeBase64(triggerOutputs().headers['X-MS-APIM-Tokens']))['$ConnectionKey']","type":"Raw"}}},"変数を初期化する-チェック対象メンバー":{"runAfter":{},"metadata":{"operationMetadataId":"554d8133-c29d-44af-b578-df8c9ad97638"},"type":"InitializeVariable","inputs":{"variables":[{"name":"チェック対象メンバー","type":"array","value":["admin@m365x000309.onmicrosoft.com","miriamg@m365x000309.onmicrosoft.com","lynner@m365x000309.onmicrosoft.com","adelev@m365x000309.onmicrosoft.com","jonis@m365x000309.onmicrosoft.com"]}]}},"選択-Key（メールアドレス）とValue（回答日時）の配列を作る":{"runAfter":{"表内に存在する行を一覧表示":["Succeeded"]},"metadata":{"operationMetadataId":"edd5fbe7-bc2a-4a21-a816-2d1a2f05e031"},"type":"Select","inputs":{"from":"@outputs('表内に存在する行を一覧表示')?['body/value']","select":{"@{item()?['Email']}":"@item()?['Completion time']"}}},"作成-簡易版JSON_Dictionaryを作る":{"runAfter":{"選択-Key（メールアドレス）とValue（回答日時）の配列を作る":["Succeeded"]},"metadata":{"operationMetadataId":"4b5ba22e-52bd-42c9-97c2-10bb657e74e0"},"type":"Compose","inputs":"@json(concat('{',replace(replace(replace(replace(string(body('選択-Key（メールアドレス）とValue（回答日時）の配列を作る')),'{',''),'}',''),'[',''),']',''),'}'))"},"変数を初期化する-回答者と回答日時の一覧":{"runAfter":{"作成-簡易版JSON_Dictionaryを作る":["Succeeded"]},"metadata":{"operationMetadataId":"a6c3dd21-012c-42e5-ae71-889285bf7ef4"},"type":"InitializeVariable","inputs":{"variables":[{"name":"回答者と回答日時の一覧","type":"array"}]}},"変数を初期化する-メンショントークン":{"runAfter":{"変数を初期化する-回答者と回答日時の一覧":["Succeeded"]},"metadata":{"operationMetadataId":"4b2b2eb1-fffa-48a9-8f26-853a2aebb1d8"},"type":"InitializeVariable","inputs":{"variables":[{"name":"メンショントークン","type":"string"}]}},"Apply_to_each-回答者の表示名と回答日時の配列を作成":{"foreach":"@variables('チェック対象メンバー')","actions":{"ユーザー_プロフィールの取得_(V2)":{"runAfter":{},"metadata":{"operationMetadataId":"f8d96143-a68b-4b4f-b4a8-4ad4e9f0f0de"},"type":"OpenApiConnection","inputs":{"host":{"apiId":"/providers/Microsoft.PowerApps/apis/shared_office365users","connectionName":"shared_office365users","operationId":"UserProfile_V2"},"parameters":{"id":"@item()"},"authentication":{"value":"@json(decodeBase64(triggerOutputs().headers['X-MS-APIM-Tokens']))['$ConnectionKey']","type":"Raw"}}},"条件":{"actions":{"配列変数に追加_（未回答のパターン）":{"runAfter":{},"metadata":{"operationMetadataId":"f071f995-0868-4576-baa9-14ddbecd3f9b"},"type":"AppendToArrayVariable","inputs":{"name":"回答者と回答日時の一覧","value":{"名前":"@{outputs('ユーザー_プロフィールの取得_(V2)')?['body/displayName']}","日時":""}}},"ユーザーの_@メンション_トークンを取得する":{"runAfter":{"配列変数に追加_（未回答のパターン）":["Succeeded"]},"metadata":{"operationMetadataId":"437add8c-8cb1-4d48-ad01-d65ea9b7b239"},"type":"OpenApiConnection","inputs":{"host":{"apiId":"/providers/Microsoft.PowerApps/apis/shared_teams","connectionName":"shared_teams","operationId":"AtMentionUser"},"parameters":{"userId":"@outputs('ユーザー_プロフィールの取得_(V2)')?['body/id']"},"authentication":{"value":"@json(decodeBase64(triggerOutputs().headers['X-MS-APIM-Tokens']))['$ConnectionKey']","type":"Raw"}}},"文字列変数に追加_-_メンション先に追加":{"runAfter":{"ユーザーの_@メンション_トークンを取得する":["Succeeded"]},"metadata":{"operationMetadataId":"86731af3-8210-438a-8530-eb47e099ae8e"},"type":"AppendToStringVariable","inputs":{"name":"メンショントークン","value":"@{outputs('ユーザーの_@メンション_トークンを取得する')?['body/atMention']}　"}}},"runAfter":{"ユーザー_プロフィールの取得_(V2)":["Succeeded"]},"else":{"actions":{"配列変数に追加（回答済みのパターン）":{"runAfter":{},"metadata":{"operationMetadataId":"be24d6a4-8639-4f5c-92a3-d196b2bba0ae"},"type":"AppendToArrayVariable","inputs":{"name":"回答者と回答日時の一覧","value":{"名前":"@{outputs('ユーザー_プロフィールの取得_(V2)')?['body/displayName']}","日時":"@convertTimeZone(outputs('作成-簡易版JSON_Dictionaryを作る')?[string(item())], 'UTC', 'Tokyo Standard Time', 'yyyy/MM/dd HH:mm:ss')"}}}}},"expression":{"equals":["@empty(outputs('作成-簡易版JSON_Dictionaryを作る')?[string(item())])","@true"]},"metadata":{"operationMetadataId":"38c10d5a-531e-440d-b1c3-f171ad092378"},"type":"If"}},"runAfter":{"変数を初期化する-メンショントークン":["Succeeded"]},"metadata":{"operationMetadataId":"a7a87869-a57a-45f4-ae01-344d0420e826"},"type":"Foreach"},"HTMLテーブルを作成":{"actions":{"表の列名を折り返し禁止にするためにスタイルを変更する":{"runAfter":{"表の罫線を表示するためにスタイルを変更する":["Succeeded"]},"metadata":{"operationMetadataId":"c0615408-ea5e-49c7-9b1d-1dfd49415130"},"type":"Compose","inputs":"@replace(outputs('表の罫線を表示するためにスタイルを変更する'), '<th>', '<th style=\"white-space:nowrap;padding:7px\">')"},"表のpaddingを広げるためにスタイルを変更する":{"runAfter":{"表の列名を折り返し禁止にするためにスタイルを変更する":["Succeeded"]},"metadata":{"operationMetadataId":"099bbac6-4aa5-422c-8152-88457cd86fd8"},"type":"Compose","inputs":"@replace(outputs('表の列名を折り返し禁止にするためにスタイルを変更する'), '<td>', '<td style=\"padding:7px\">')"},"HTML_テーブルの作成":{"runAfter":{},"metadata":{"operationMetadataId":"ef6c5bfb-9efe-4541-97e4-fcb3ea3f5f31"},"type":"Table","inputs":{"from":"@variables('回答者と回答日時の一覧')","format":"HTML"}},"表の罫線を表示するためにスタイルを変更する":{"runAfter":{"HTML_テーブルの作成":["Succeeded"]},"metadata":{"operationMetadataId":"012d055e-fdcd-47bd-b0f9-cf753bba08b1"},"type":"Compose","inputs":"@replace(body('HTML_テーブルの作成'), '<table>', '<table border=\"3\" bgcolor=\"87ceeb\">')"}},"runAfter":{"Apply_to_each-回答者の表示名と回答日時の配列を作成":["Succeeded"]},"metadata":{"operationMetadataId":"f7c4ec2c-0016-4e4b-996e-0e7959f51211"},"type":"Scope"},"条件__-_未完了者へのメンションをいれるかどうか":{"actions":{"文字列変数に追加__-_本文にメンションを追加":{"runAfter":{},"metadata":{"operationMetadataId":"a2f8635b-c141-4d67-967a-34435c261994"},"type":"AppendToStringVariable","inputs":{"name":"未完了者の確認結果を記載した本文","value":"<br/>\n未完了のかたは対応お願いします。\n<br/>\n@{variables('メンショントークン')}"}}},"runAfter":{"変数を初期化する_-_投稿の本文":["Succeeded"]},"expression":{"equals":["@triggerBody()['boolean']","@true"]},"metadata":{"operationMetadataId":"32e94e01-047c-4341-9f8d-6d2060169c2c"},"type":"If"},"変数を初期化する_-_投稿の本文":{"runAfter":{"HTMLテーブルを作成":["Succeeded"]},"metadata":{"operationMetadataId":"c13c5834-32ae-4251-8c77-85e10cce0b35"},"type":"InitializeVariable","inputs":{"variables":[{"name":"未完了者の確認結果を記載した本文","type":"string","value":"回答を完了したひとおよびその日時は以下の通りです。\n@{outputs('表のpaddingを広げるためにスタイルを変更する')}\n<br/>\n回答フォーム：<br/>\n<a href=\"@{concat('https://forms.office.com/Pages/ResponsePage.aspx?id=',outputs('作成-フォームID'))}\">フォームを開く</a><br/>"}]}},"チャットまたはチャネルでメッセージを投稿する":{"runAfter":{"条件__-_未完了者へのメンションをいれるかどうか":["Succeeded"]},"metadata":{"operationMetadataId":"7659ec96-07c0-4845-8f20-f63205b1f740"},"type":"OpenApiConnection","inputs":{"host":{"apiId":"/providers/Microsoft.PowerApps/apis/shared_teams","connectionName":"shared_teams","operationId":"PostMessageToConversation"},"parameters":{"poster":"User","location":"Channel","body/recipient/groupId":"8515b3b8-9634-4dd5-992d-af2f0c702e88","body/recipient/channelId":"19:_MzwNRojmkbHnpbAcfjL72m34YCs01n3Jm70G_JFym01@thread.tacv2","body/messageBody":"<p>@{variables('未完了者の確認結果を記載した本文')}</p>","body/subject":"「@{outputs('HTTP要求-フォームの情報を取得')?['body']?['title']}」の回答状況です。"},"authentication":{"value":"@json(decodeBase64(triggerOutputs().headers['X-MS-APIM-Tokens']))['$ConnectionKey']","type":"Raw"}}},"作成-一時保存Excelファイルの名前":{"runAfter":{"HTTP要求-フォームの回答をすべて取得":["Succeeded"]},"metadata":{"operationMetadataId":"b16815b1-60cc-42fc-8bab-a696e7f1582c"},"type":"Compose","inputs":"@concat(convertTimeZone(utcNow(), 'UTC', 'Tokyo Standard Time', 'yyyyMMdd_HHmm'),'_',outputs('HTTP要求-フォームの情報を取得')?['body']?['title'],'.xlsx')"},"ファイルの作成-一時保存Excelファイルを作成":{"runAfter":{"作成-一時保存Excelファイルの名前":["Succeeded"]},"metadata":{"operationMetadataId":"c9974402-b1de-4ef3-8795-cc2e22a98e31"},"type":"OpenApiConnection","inputs":{"host":{"apiId":"/providers/Microsoft.PowerApps/apis/shared_onedriveforbusiness","connectionName":"shared_onedriveforbusiness","operationId":"CreateFile"},"parameters":{"folderPath":"/フォームへの回答結果","name":"@outputs('作成-一時保存Excelファイルの名前')","body":"@body('HTTP要求-フォームの回答をすべて取得')"},"authentication":{"value":"@json(decodeBase64(triggerOutputs().headers['X-MS-APIM-Tokens']))['$ConnectionKey']","type":"Raw"}},"runtimeConfiguration":{"contentTransfer":{"transferMode":"Chunked"}}}}},"connectionReferences":{"shared_sharepointonline":{"connectionName":"shared-sharepointonl-5472558e-11c9-4f88-b2b9-5274c0a1b31b","source":"Invoker","id":"/providers/Microsoft.PowerApps/apis/shared_sharepointonline","tier":"NotSpecified"},"shared_excelonlinebusiness":{"connectionName":"a9d7ac5865354ca883ee33f22e58ce4d","source":"Invoker","id":"/providers/Microsoft.PowerApps/apis/shared_excelonlinebusiness","tier":"NotSpecified"},"shared_office365users":{"connectionName":"shared-office365user-bbc62fef-29ff-40a9-9c37-376bb0336b9d","source":"Invoker","id":"/providers/Microsoft.PowerApps/apis/shared_office365users","tier":"NotSpecified"},"shared_teams":{"connectionName":"shared-teams-6b1d1b48-f86f-45e3-86b5-22c06adbb851","source":"Invoker","id":"/providers/Microsoft.PowerApps/apis/shared_teams","tier":"NotSpecified"},"shared_onedriveforbusiness":{"connectionName":"shared-onedriveforbu-ca7ba3ee-97d0-43d1-b3cd-a71fa6eda046","source":"Invoker","id":"/providers/Microsoft.PowerApps/apis/shared_onedriveforbusiness","tier":"NotSpecified"}},"flowFailureAlertSubscribed":false,"isManaged":false}}