{"name":"cb33d2db-6e54-4485-8486-4a2cf73d2893","id":"/providers/Microsoft.Flow/flows/cb33d2db-6e54-4485-8486-4a2cf73d2893","type":"Microsoft.Flow/flows","properties":{"apiId":"/providers/Microsoft.PowerApps/apis/shared_logicflows","displayName":"提出状況をチェック","definition":{"metadata":{"workflowEntityId":null,"processAdvisorMetadata":null,"flowclientsuspensionreason":"None","flowclientsuspensiontime":null,"creator":{"id":"55d6ac4e-ce92-45ea-adc1-60462c9914f4","type":"User","tenantId":"8785830a-13ec-4ec6-8c3d-712ea1fbb626"},"provisioningMethod":"FromDefinition","failureAlertSubscription":true,"clientLastModifiedTime":"2021-09-14T13:34:06.7694464Z"},"$schema":"https://schema.management.azure.com/providers/Microsoft.Logic/schemas/2016-06-01/workflowdefinition.json#","contentVersion":"1.0.0.0","parameters":{"$connections":{"defaultValue":{},"type":"Object"},"$authentication":{"defaultValue":{},"type":"SecureObject"}},"triggers":{"manual":{"splitOn":"@triggerBody()['rows']","metadata":{"flowSystemMetadata":{"swaggerOperationId":"ForASelectedMessage","taskModuleWidth":null,"taskModuleHeight":null,"inputsAdaptiveCard":"{\"$schema\":\"http://adaptivecards.io/schemas/adaptive-card.json\",\"type\":\"AdaptiveCard\",\"version\":\"1.2\",\"body\":[{\"type\":\"TextBlock\",\"weight\":\"Bolder\",\"size\":\"Medium\",\"text\":\"提出状況のチェックを実施する\"},{\"type\":\"TextBlock\",\"isSubtle\":true,\"wrap\":true,\"text\":\"Power Automate のフローを使って、メンバーの提出状況をであらわして返信します。\"},{\"type\":\"TextBlock\",\"wrap\":true,\"text\":\"いつチェックを実施しますか？\"},{\"choices\":[{\"title\":\"いますぐ\",\"value\":\"いますぐ\"},{\"title\":\"日時を指定する\",\"value\":\"日時を指定する\"}],\"placeholder\":\"Placeholder text\",\"type\":\"Input.ChoiceSet\",\"id\":\"choice\",\"value\":\"いますぐ\"},{\"type\":\"Container\",\"items\":[{\"type\":\"TextBlock\",\"text\":\"「日時を指定する」を選んだ場合は以下に日付と時間を入力してください\",\"wrap\":true},{\"type\":\"Input.Date\",\"id\":\"date\"},{\"type\":\"Input.Time\",\"id\":\"time\"}],\"$when\":\"{$root}\"},{\"title\":\"未完了者にメンションする\",\"type\":\"Input.Toggle\",\"id\":\"toggle\",\"value\":\"false\"}],\"actions\":[{\"type\":\"Action.Submit\",\"title\":\"送信\"}],\"-ms-tokens\":{}}"}},"type":"Request","kind":"ApiConnection","inputs":{"schema":{"type":"object","properties":{"rows":{"type":"array","items":{"type":"object","properties":{"entity":{"type":"object","properties":{"teamsFlowRunContext":{"type":"object","properties":{"messagePayload":{"type":"object","properties":{"id":{"title":"メッセージ ID","type":"string"}},"required":[]},"channelData":{"type":"object","properties":{"team":{"type":"object","properties":{"aadGroupId":{"title":"チーム ID","type":"string"}},"required":[]},"channel":{"type":"object","properties":{"id":{"title":"チャネル ID","type":"string"}},"required":[]}},"required":[]}}},"cardOutputs":{"type":"object","properties":{"toggle":{"title":"toggle","type":"string"},"date":{"title":"date","type":"string"},"time":{"title":"time","type":"string"},"choice":{"title":"choice","type":"string"}}}},"required":["teamsFlowRunContext","cardOutputs"]}},"required":["entity"]}}},"required":["rows"]},"host":{"connection":{"name":"@parameters('$connections')['shared_teams']['connectionId']"},"api":{"runtimeUrl":"https://japan-001.azure-apim.net/apim/teams"}},"operationId":"ForASelectedMessage","parameters":{"inputsAdaptiveCard":"{\"$schema\":\"http://adaptivecards.io/schemas/adaptive-card.json\",\"type\":\"AdaptiveCard\",\"version\":\"1.2\",\"body\":[{\"type\":\"TextBlock\",\"weight\":\"Bolder\",\"size\":\"Medium\",\"text\":\"提出状況のチェックを実施する\"},{\"type\":\"TextBlock\",\"isSubtle\":true,\"wrap\":true,\"text\":\"Power Automate のフローを使って、メンバーの提出状況をであらわして返信します。\"},{\"type\":\"TextBlock\",\"wrap\":true,\"text\":\"いつチェックを実施しますか？\"},{\"choices\":[{\"title\":\"いますぐ\",\"value\":\"いますぐ\"},{\"title\":\"日時を指定する\",\"value\":\"日時を指定する\"}],\"placeholder\":\"Placeholder text\",\"type\":\"Input.ChoiceSet\",\"id\":\"choice\",\"value\":\"いますぐ\"},{\"type\":\"Container\",\"items\":[{\"type\":\"TextBlock\",\"text\":\"「日時を指定する」を選んだ場合は以下に日付と時間を入力してください\",\"wrap\":true},{\"type\":\"Input.Date\",\"id\":\"date\"},{\"type\":\"Input.Time\",\"id\":\"time\"}],\"$when\":\"{$root}\"},{\"title\":\"未完了者にメンションする\",\"type\":\"Input.Toggle\",\"id\":\"toggle\",\"value\":\"false\"}],\"actions\":[{\"type\":\"Action.Submit\",\"title\":\"送信\"}],\"-ms-tokens\":{}}"}}}},"actions":{"変数を初期化する_-メンバーを定義":{"runAfter":{"変数を初期化する_-_いいねしたひとと日時の一覧":["Succeeded"]},"type":"InitializeVariable","inputs":{"variables":[{"name":"members","type":"array","value":["adelev@m365x794640.onmicrosoft.com","meganb@m365x794640.onmicrosoft.com","isaiahl@m365x794640.onmicrosoft.com","miriamg@m365x794640.onmicrosoft.com","johannal@m365x794640.onmicrosoft.com"]}]}},"JSON_の解析_-_メンバーの定義":{"runAfter":{"変数を初期化する_-_メンショントークンを定義":["Succeeded"]},"type":"ParseJson","inputs":{"content":"@variables('members')","schema":{"type":"array","items":{"type":"string"}}}},"メッセージを取得します":{"runAfter":{"JSON_の解析_-_メンバーの定義":["Succeeded"]},"type":"OpenApiConnection","inputs":{"host":{"apiId":"/providers/Microsoft.PowerApps/apis/shared_teams","connectionName":"shared_teams","operationId":"GetMessagesFromChannel"},"parameters":{"groupId":"@triggerBody()?['entity']?['teamsFlowRunContext']?['channelData']?['team']?['aadGroupId']","channelId":"@triggerBody()?['entity']?['teamsFlowRunContext']?['channelData']?['channel']?['id']"},"authentication":{"value":"@json(decodeBase64(triggerOutputs().headers['X-MS-APIM-Tokens']))['$ConnectionKey']","type":"Raw"}}},"リアクションをしたひと一覧を取得":{"actions":{"トリガーメッセージ抽出":{"runAfter":{},"type":"Query","inputs":{"from":"@outputs('メッセージを取得します')?['body/value']","where":"@equals(item()?['id'], triggerBody()?['entity']?['teamsFlowRunContext']?['messagePayload']?['id'])"}},"リアクション部分抽出":{"runAfter":{"トリガーメッセージ抽出":["Succeeded"]},"type":"Select","inputs":{"from":"@first(body('トリガーメッセージ抽出'))?['reactions']","select":{"reactionType":"@item()?['reactionType']","id":"@item()?['user']?['user']?['id']","createdDateTime":"@item()?['createdDateTime']"}}},"選択_-_varReactonsを辞書に変換":{"runAfter":{"リアクション部分抽出":["Succeeded"]},"type":"Select","inputs":{"from":"@body('リアクション部分抽出')","select":"@concat('\"id_', item()?['id'], '\":', string(item()))"}},"結合":{"runAfter":{"選択_-_varReactonsを辞書に変換":["Succeeded"]},"type":"Join","inputs":{"from":"@body('選択_-_varReactonsを辞書に変換')","joinWith":","}},"作成_-_JSON_Dictionary":{"runAfter":{"結合":["Succeeded"]},"type":"Compose","inputs":"@json(concat('{', body('結合'), '}'))"}},"runAfter":{"メッセージを取得します":["Succeeded"]},"type":"Scope"},"Apply_to_each_2":{"foreach":"@body('JSON_の解析_-_メンバーの定義')","actions":{"ユーザー_プロフィールの取得_(V2)":{"runAfter":{},"type":"OpenApiConnection","inputs":{"host":{"apiId":"/providers/Microsoft.PowerApps/apis/shared_office365users","connectionName":"shared_office365users","operationId":"UserProfile_V2"},"parameters":{"id":"@items('Apply_to_each_2')"},"authentication":{"value":"@json(decodeBase64(triggerOutputs().headers['X-MS-APIM-Tokens']))['$ConnectionKey']","type":"Raw"}}},"条件":{"actions":{"配列変数に追加_（リアクションなしの場合）":{"runAfter":{},"type":"AppendToArrayVariable","inputs":{"name":"reactions","value":{"名前":"@{outputs('ユーザー_プロフィールの取得_(V2)')?['body/displayName']}","日時":""}}},"ユーザーの_@メンション_トークンを取得する":{"runAfter":{"配列変数に追加_（リアクションなしの場合）":["Succeeded"]},"type":"OpenApiConnection","inputs":{"host":{"apiId":"/providers/Microsoft.PowerApps/apis/shared_teams","connectionName":"shared_teams","operationId":"AtMentionUser"},"parameters":{"userId":"@outputs('ユーザー_プロフィールの取得_(V2)')?['body/id']"},"authentication":{"value":"@json(decodeBase64(triggerOutputs().headers['X-MS-APIM-Tokens']))['$ConnectionKey']","type":"Raw"}}},"文字列変数に追加":{"runAfter":{"ユーザーの_@メンション_トークンを取得する":["Succeeded"]},"type":"AppendToStringVariable","inputs":{"name":"mention","value":"@{outputs('ユーザーの_@メンション_トークンを取得する')?['body/atMention']}　"}}},"runAfter":{"ユーザー_プロフィールの取得_(V2)":["Succeeded"]},"else":{"actions":{"配列変数に追加（リアクションありの場合）":{"runAfter":{},"type":"AppendToArrayVariable","inputs":{"name":"reactions","value":{"名前":"@{outputs('ユーザー_プロフィールの取得_(V2)')?['body/displayName']}","日時":"@convertTimeZone(outputs('作成_-_JSON_Dictionary')?[concat('id_',outputs('ユーザー_プロフィールの取得_(V2)')?['body/id'])]?['createdDateTime'], 'UTC', 'Tokyo Standard Time', 'yyyy/MM/dd HH:mm:ss')"}}}}},"expression":{"equals":["@outputs('作成_-_JSON_Dictionary')?[concat('id_',outputs('ユーザー_プロフィールの取得_(V2)')?['body/id'])]?['createdDateTime']\r\n","@null"]},"type":"If"}},"runAfter":{"リアクションをしたひと一覧を取得":["Succeeded"]},"type":"Foreach"},"HTMLテーブルを作成":{"actions":{"表の列名を折り返し禁止にするためにスタイルを変更する":{"runAfter":{"表の罫線を表示するためにスタイルを変更する":["Succeeded"]},"type":"Compose","inputs":"@replace(outputs('表の罫線を表示するためにスタイルを変更する'), '<th>', '<th style=\"white-space:nowrap;padding:7px\">')"},"表のpaddingを広げるためにスタイルを変更する":{"runAfter":{"表の列名を折り返し禁止にするためにスタイルを変更する":["Succeeded"]},"type":"Compose","inputs":"@replace(outputs('表の列名を折り返し禁止にするためにスタイルを変更する'), '<td>', '<td style=\"padding:7px\">')"},"HTML_テーブルの作成":{"runAfter":{},"type":"Table","inputs":{"from":"@variables('reactions')","format":"HTML"}},"表の罫線を表示するためにスタイルを変更する":{"runAfter":{"HTML_テーブルの作成":["Succeeded"]},"type":"Compose","inputs":"@replace(body('HTML_テーブルの作成'), '<table>', '<table border=\"3\" bgcolor=\"87ceeb\">')"}},"runAfter":{"Apply_to_each_2":["Succeeded"]},"type":"Scope"},"メッセージへの返信の投稿_(V2)":{"runAfter":{"条件__-_未完了者へのメンションをいれるかどうか":["Succeeded"]},"type":"OpenApiConnection","inputs":{"host":{"apiId":"/providers/Microsoft.PowerApps/apis/shared_teams","connectionName":"shared_teams","operationId":"PostReplyToMessageV2"},"parameters":{"groupId":"@triggerBody()?['entity']?['teamsFlowRunContext']?['channelData']?['team']?['aadGroupId']","channelId":"@triggerBody()?['entity']?['teamsFlowRunContext']?['channelData']?['channel']?['id']","messageId":"@triggerBody()?['entity']?['teamsFlowRunContext']?['messagePayload']?['id']","body/body/content":"<p>@{variables('Messagebody')}</p>"},"authentication":{"value":"@json(decodeBase64(triggerOutputs().headers['X-MS-APIM-Tokens']))['$ConnectionKey']","type":"Raw"}}},"変数を初期化する_-_いいねしたひとと日時の一覧":{"runAfter":{"条件_-_スケジュール実行であるかどうか":["Succeeded"]},"type":"InitializeVariable","inputs":{"variables":[{"name":"reactions","type":"array"}]}},"変数を初期化する_-_メンショントークンを定義":{"runAfter":{"変数を初期化する_-メンバーを定義":["Succeeded"]},"type":"InitializeVariable","inputs":{"variables":[{"name":"mention","type":"string"}]}},"条件__-_未完了者へのメンションをいれるかどうか":{"actions":{"文字列変数に追加__-_本文にメンションを追加":{"runAfter":{},"type":"AppendToStringVariable","inputs":{"name":"Messagebody","value":"<br/>\n未完了のかたは対応お願いします。\n<br/>\n@{variables('mention')}"}}},"runAfter":{"変数を初期化する_-_投稿の本文":["Succeeded"]},"expression":{"equals":["@triggerBody()?['entity']?['cardOutputs']?['toggle']","True"]},"type":"If"},"変数を初期化する_-_投稿の本文":{"runAfter":{"HTMLテーブルを作成":["Succeeded"]},"type":"InitializeVariable","inputs":{"variables":[{"name":"Messagebody","type":"string","value":"いいねをしたひとおよびその日時は以下の通りです。\n@{outputs('表のpaddingを広げるためにスタイルを変更する')}\n"}]}},"変数を初期化する_-_予定実行時間":{"runAfter":{},"type":"InitializeVariable","inputs":{"variables":[{"name":"ScheduledExecutionTime","type":"string","value":"@{triggerBody()?['entity']?['cardOutputs']?['date']} @{triggerBody()?['entity']?['cardOutputs']?['time']}"}]}},"条件_-_スケジュール実行であるかどうか":{"actions":{"タイム_ゾーンの変換　-_予定実行時間をUTCに変換":{"runAfter":{},"type":"Expression","kind":"ConvertTimeZone","inputs":{"baseTime":"@variables('ScheduledExecutionTime')","formatString":"u","sourceTimeZone":"Tokyo Standard Time","destinationTimeZone":"UTC"}},"メッセージへの返信の投稿_(V2)_2":{"runAfter":{"タイム_ゾーンの変換　-_予定実行時間をUTCに変換":["Succeeded"]},"type":"OpenApiConnection","inputs":{"host":{"apiId":"/providers/Microsoft.PowerApps/apis/shared_teams","connectionName":"shared_teams","operationId":"PostReplyToMessageV2"},"parameters":{"groupId":"@triggerBody()?['entity']?['teamsFlowRunContext']?['channelData']?['team']?['aadGroupId']","channelId":"@triggerBody()?['entity']?['teamsFlowRunContext']?['channelData']?['channel']?['id']","messageId":"@triggerBody()?['entity']?['teamsFlowRunContext']?['messagePayload']?['id']","body/body/content":"<p><strong>※この投稿はPower Automate によるものです。<br>\n　</strong>「提出状況をチェック」のスケジュール実行をセットしました。<br>\n<br>\n<strong>▼実行予定時間</strong><br>\n@{variables('ScheduledExecutionTime')}<br>\n<strong><br>\n▼未完了者へのメンションする<br>\n</strong>@{triggerBody()?['entity']?['cardOutputs']?['toggle']}</p>"},"authentication":{"value":"@json(decodeBase64(triggerOutputs().headers['X-MS-APIM-Tokens']))['$ConnectionKey']","type":"Raw"}}},"延期期限_-_指定した日時までワークフローを停止":{"runAfter":{"メッセージへの返信の投稿_(V2)_2":["Succeeded"]},"type":"Wait","inputs":{"until":{"timestamp":"@body('タイム_ゾーンの変換　-_予定実行時間をUTCに変換')"}}}},"runAfter":{"変数を初期化する_-_予定実行時間":["Succeeded"]},"expression":{"equals":["@triggerBody()?['entity']?['cardOutputs']?['choice']","日時を指定する"]},"type":"If"}}},"connectionReferences":{"shared_teams":{"connectionName":"shared-teams-a5883a1e-3f7b-4b01-8c76-cef0cb73fa2d","source":"Invoker","id":"/providers/Microsoft.PowerApps/apis/shared_teams","tier":"NotSpecified"},"shared_office365users":{"connectionName":"aaf14ef496e54e9b8324152e0b152830","source":"Invoker","id":"/providers/Microsoft.PowerApps/apis/shared_office365users","tier":"NotSpecified"}},"flowFailureAlertSubscribed":false}}