{"name":"fb96e4f3-6bce-4364-9e4d-2df4eafe3640","id":"/providers/Microsoft.Flow/flows/fb96e4f3-6bce-4364-9e4d-2df4eafe3640","type":"Microsoft.Flow/flows","properties":{"apiId":"/providers/Microsoft.PowerApps/apis/shared_logicflows","displayName":"「選択肢したファイルの場合」トリガーで取得したURLを短くする","definition":{"metadata":{"workflowEntityId":null,"processAdvisorMetadata":null,"flowclientsuspensionreason":"None","flowclientsuspensiontime":null,"flowclientsuspensionreasondetails":null,"creator":{"id":"4a4a76fc-3a14-4340-98f0-54fa153de806","type":"User","tenantId":"81aef3cb-2cfc-44d3-ac59-1bb45d66f910"},"provisioningMethod":"FromDefinition","failureAlertSubscription":true,"clientLastModifiedTime":"2023-01-16T13:06:41.5123416Z"},"$schema":"https://schema.management.azure.com/providers/Microsoft.Logic/schemas/2016-06-01/workflowdefinition.json#","contentVersion":"1.0.0.0","parameters":{"$connections":{"defaultValue":{},"type":"Object"},"$authentication":{"defaultValue":{},"type":"SecureObject"}},"triggers":{"manual":{"splitOn":"@triggerBody()['rows']","metadata":{"operationMetadataId":"714568cb-8154-4b5e-a87d-680585f33ed9"},"type":"Request","kind":"ApiConnection","inputs":{"schema":{"type":"object","properties":{},"required":[]},"host":{"connection":{"name":"@parameters('$connections')['shared_sharepointonline']['connectionId']"},"api":{"runtimeUrl":"https://japan-001.azure-apim.net/apim/sharepointonline"}},"operationId":"ForASelectedFileHybridTrigger","parameters":{"dataset":"https://m365x80247309.sharepoint.com/sites/msteams_c7dfa6","table":"06346b4d-8001-4ce1-b35a-9bdd3a4de98f"},"headersSchema":{"x-ms-user-email-encoded":{"title":"ユーザーの電子メール","type":"string","format":"byte","x-ms-dynamically-added":false}}}}},"actions":{"チャットまたはチャネルでメッセージを投稿する":{"runAfter":{"作成-短縮版URL":["Succeeded"]},"metadata":{"operationMetadataId":"4e4961f5-94ee-4a6b-86f4-8a1023f2994b"},"type":"OpenApiConnection","inputs":{"host":{"apiId":"/providers/Microsoft.PowerApps/apis/shared_teams","connectionName":"shared_teams","operationId":"PostMessageToConversation"},"parameters":{"poster":"Flow bot","location":"Chat with Flow bot","body/recipient":"@{triggerOutputs()['headers']['x-ms-user-email-encoded']};","body/messageBody":"@outputs('作成-短縮版URL')"},"authentication":{"value":"@json(decodeBase64(triggerOutputs().headers['X-MS-APIM-Tokens']))['$ConnectionKey']","type":"Raw"}}},"選択-クエリストリングをKeyとValueの配列にする":{"runAfter":{},"metadata":{"operationMetadataId":"fbef20e1-e3c8-41a5-867c-1ba14021ddc8"},"type":"Select","inputs":{"from":"@split(split(triggerBody()?['entity']?['itemUrl'],'.aspx?')[1],'&')","select":{"@{substring(item(),0,indexOf(item(),'='))}":"@substring(item(),add(indexOf(item(),'='),1))"}}},"作成-簡易版JSON_Dictionaryを作る":{"runAfter":{"選択-クエリストリングをKeyとValueの配列にする":["Succeeded"]},"metadata":{"operationMetadataId":"3c08c963-3cc6-4972-8387-0534c704f30f"},"type":"Compose","inputs":"@json(concat('{',replace(replace(replace(replace(string(body('選択-クエリストリングをKeyとValueの配列にする')),'{',''),'}',''),'[',''),']',''),'}'))"},"作成-短縮版URL":{"runAfter":{"作成-簡易版JSON_Dictionaryを作る":["Succeeded"]},"metadata":{"operationMetadataId":"bd8badad-fe6b-4d76-bf20-514a15ff3a8d"},"type":"Compose","inputs":"@concat(split(triggerBody()?['entity']?['itemUrl'],'.aspx?')[0],'.aspx?sourcedoc=',outputs('作成-簡易版JSON_Dictionaryを作る')?['sourcedoc'])"}},"outputs":{}},"connectionReferences":{"shared_sharepointonline":{"connectionName":"5ae165e1ddef4b749adca2d8cbec22c9","source":"Invoker","id":"/providers/Microsoft.PowerApps/apis/shared_sharepointonline","tier":"NotSpecified"},"shared_teams":{"connectionName":"shared-teams-d9071561-66c8-4ab3-9d55-9067bb4438ac","source":"Invoker","id":"/providers/Microsoft.PowerApps/apis/shared_teams","tier":"NotSpecified"}},"flowFailureAlertSubscribed":false,"isManaged":false}}