{"name":"bc1e4f04-2a6c-4732-a37a-b1ef692f7997","id":"/providers/Microsoft.Flow/flows/bc1e4f04-2a6c-4732-a37a-b1ef692f7997","type":"Microsoft.Flow/flows","properties":{"apiId":"/providers/Microsoft.PowerApps/apis/shared_logicflows","displayName":"CSVの中身をSharePointリストに登録（ダブルクォーテーションなしのCSV）","definition":{"metadata":{"workflowEntityId":null,"processAdvisorMetadata":null,"flowclientsuspensionreason":"None","flowclientsuspensiontime":null,"flowclientsuspensionreasondetails":null,"creator":{"id":"350bd895-8fff-465e-b2ce-f3943b7d2b43","type":"User","tenantId":"688cdea3-eec2-4ad7-b65b-3b2b2e535888"},"provisioningMethod":"FromDefinition","failureAlertSubscription":true,"clientLastModifiedTime":"2022-09-22T13:49:29.8852916Z"},"$schema":"https://schema.management.azure.com/providers/Microsoft.Logic/schemas/2016-06-01/workflowdefinition.json#","contentVersion":"1.0.0.0","parameters":{"$connections":{"defaultValue":{},"type":"Object"},"$authentication":{"defaultValue":{},"type":"SecureObject"}},"triggers":{"manual":{"metadata":{"operationMetadataId":"dde69181-2112-4341-836f-4c83b1ff0ee4"},"type":"Request","kind":"Button","inputs":{"schema":{"type":"object","properties":{},"required":[]}}}},"actions":{"変数を初期化する-ループカウンター":{"runAfter":{"ファイル_コンテンツの取得":["Succeeded"]},"metadata":{"operationMetadataId":"6e0a817e-3966-4f69-957a-46b10fecf940"},"type":"InitializeVariable","inputs":{"variables":[{"name":"ループカウンター","type":"integer","value":0}]}},"CSVから値が記載されている行を取り込む":{"actions":{"作成-CSVの全行から値を表す行（本文）を取得":{"runAfter":{},"metadata":{"operationMetadataId":"dbacdb04-8f41-422a-a346-59e978cc16ef"},"type":"Compose","inputs":"@skip(outputs('作成-CSVの全行'),1)"},"Apply_to_each_-値を表す行ごとに繰り返し処理":{"foreach":"@outputs('作成-CSVの全行から値を表す行（本文）を取得')","actions":{"作成-行を配列化":{"runAfter":{},"metadata":{"operationMetadataId":"f8ade8fa-b214-4cab-aa5e-493bccf7cd16"},"type":"Compose","inputs":"@split(item(),',')"},"Apply_to_each_-行内の項目数で繰り返し処理":{"foreach":"@outputs('作成-ヘッダー項目を配列化')","actions":{"変数の値を増やす-ループカウンタに1を加える":{"runAfter":{"配列変数に追加-Key（ヘッダー）とValue（値）のペアを配列に追加":["Succeeded"]},"metadata":{"operationMetadataId":"e260087d-2c56-4877-a024-878c8f031a80"},"type":"IncrementVariable","inputs":{"name":"ループカウンター","value":1}},"配列変数に追加-Key（ヘッダー）とValue（値）のペアを配列に追加":{"runAfter":{},"metadata":{"operationMetadataId":"d5b97060-e3d8-4bf4-a69f-240b8e67abc6"},"type":"AppendToArrayVariable","inputs":{"name":"1行分の配列","value":{"@{outputs('作成-ヘッダー項目を配列化')?[variables('ループカウンター')]}":"@{outputs('作成-行を配列化')?[variables('ループカウンター')]}"}}}},"runAfter":{"変数の設定-ループカウンタをリセットする":["Succeeded"]},"metadata":{"operationMetadataId":"71ebc9bc-25e3-4faf-b3ff-a76c131896ce"},"type":"Foreach"},"作成-JSON_Dictionaryを作る":{"runAfter":{"Apply_to_each_-行内の項目数で繰り返し処理":["Succeeded"]},"metadata":{"operationMetadataId":"4b5ba22e-52bd-42c9-97c2-10bb657e74e0"},"type":"Compose","inputs":"@json(concat('{',replace(replace(replace(replace(string(variables('1行分の配列')),'{',''),'}',''),'[',''),']',''),'}'))"},"変数の設定-ループカウンタをリセットする":{"runAfter":{"変数の設定-1行分の配列をリセット":["Succeeded"]},"metadata":{"operationMetadataId":"ebdd89e3-919f-4fe6-b3d3-50f0b0af3ac6"},"type":"SetVariable","inputs":{"name":"ループカウンター","value":0}},"変数の設定-1行分の配列をリセット":{"runAfter":{"作成-行を配列化":["Succeeded"]},"metadata":{"operationMetadataId":"fd85a947-e80c-4c81-89b4-5bc28ef0a3ca"},"type":"SetVariable","inputs":{"name":"1行分の配列","value":"@null"}},"配列変数に追加-JSON_Dictionaryを最終的な出力の配列に追加":{"runAfter":{"作成-JSON_Dictionaryを作る":["Succeeded"]},"metadata":{"operationMetadataId":"46470759-4a79-43c8-ac8b-b8a08ba70b19"},"type":"AppendToArrayVariable","inputs":{"name":"CSVの全行を取り込んだ配列","value":"@outputs('作成-JSON_Dictionaryを作る')"}}},"runAfter":{"作成-CSVの全行から値を表す行（本文）を取得":["Succeeded"]},"metadata":{"operationMetadataId":"db87b92e-d2c6-4ea1-96fa-23fdb3d9abe5"},"type":"Foreach"}},"runAfter":{"CSVからヘッダーを取り込む":["Succeeded"]},"metadata":{"operationMetadataId":"b36cb3c6-2392-4d81-adbb-064ac12b9b79"},"type":"Scope"},"変数を初期化する-1行分の配列":{"runAfter":{"変数を初期化する-ループカウンター":["Succeeded"]},"metadata":{"operationMetadataId":"3cf410d7-98b8-4051-8aed-21deb606b38f"},"type":"InitializeVariable","inputs":{"variables":[{"name":"1行分の配列","type":"array"}]}},"変数を初期化する-CSVの全行を取り込んだ配列":{"runAfter":{"変数を初期化する-1行分の配列":["Succeeded"]},"metadata":{"operationMetadataId":"163fbd4d-4790-4fcb-b814-dcf428e74879"},"type":"InitializeVariable","inputs":{"variables":[{"name":"CSVの全行を取り込んだ配列","type":"array"}]}},"作成-CSVの全行を取り込んだ配列":{"runAfter":{"CSVから値が記載されている行を取り込む":["Succeeded"]},"metadata":{"operationMetadataId":"9a487322-7217-435b-9a12-323097f7ad4c"},"type":"Compose","inputs":"@variables('CSVの全行を取り込んだ配列')"},"CSVからヘッダーを取り込む":{"actions":{"作成-CSVの全行からヘッダーを取得":{"runAfter":{},"metadata":{"operationMetadataId":"472f75e4-1b0d-4048-86a0-77436ae13a10"},"type":"Compose","inputs":"@outputs('作成-CSVの全行')?[0]"},"作成-ヘッダー項目を配列化":{"runAfter":{"作成-CSVの全行からヘッダーを取得":["Succeeded"]},"metadata":{"operationMetadataId":"927870aa-1983-487a-ab53-13f6bd6b6084"},"type":"Compose","inputs":"@split(outputs('作成-CSVの全行からヘッダーを取得'),',')"}},"runAfter":{"作成-CSVの全行":["Succeeded"]},"metadata":{"operationMetadataId":"97d5c270-617f-4667-9a7f-bc66f323ddf8"},"type":"Scope"},"Apply_to_each-SharePointリストアイテムを作成":{"foreach":"@variables('CSVの全行を取り込んだ配列')","actions":{"項目の作成":{"runAfter":{},"metadata":{"operationMetadataId":"f6559c12-fdd5-475d-9c24-cc5de0275337"},"type":"OpenApiConnection","inputs":{"host":{"apiId":"/providers/Microsoft.PowerApps/apis/shared_sharepointonline","connectionName":"shared_sharepointonline_1","operationId":"PostItem"},"parameters":{"dataset":"https://m365x000309.sharepoint.com/sites/20220722","table":"31e5a29b-1767-45fe-a1c9-808891b01867","item/Title":"@items('Apply_to_each-SharePointリストアイテムを作成')?['日付']","item/OData__x540d__x79f0_":"@items('Apply_to_each-SharePointリストアイテムを作成')?['名称']","item/OData__x4fa1__x683c_":"@items('Apply_to_each-SharePointリストアイテムを作成')?['価格']"},"authentication":"@parameters('$authentication')"}}},"runAfter":{"作成-CSVの全行を取り込んだ配列":["Succeeded"]},"metadata":{"operationMetadataId":"ddbf4353-2c16-46e6-950e-775316154972"},"type":"Foreach"},"作成-CSVの全行":{"runAfter":{"変数を初期化する-CSVの全行を取り込んだ配列":["Succeeded"]},"metadata":{"operationMetadataId":"557a3986-08ed-4257-9148-b611ce04b095"},"type":"Compose","inputs":"@split(outputs('ファイル_コンテンツの取得')?['body'], decodeUriComponent('%0D%0A'))"},"ファイル_コンテンツの取得":{"runAfter":{},"metadata":{"b!Rl6cMfndukyvuIu02Uqp83sQnUpEbu9Pt8ZBsBTiBIB5BzB5cEj8T7keA7DDdDhm.01KOUOXO3HTS6WU3RWFFCIOFKQM44M6UAY":"/CSV/書籍一覧.csv","operationMetadataId":"1e041004-8fcf-41a9-a368-2f94c302b38b","b!Rl6cMfndukyvuIu02Uqp83sQnUpEbu9Pt8ZBsBTiBIB5BzB5cEj8T7keA7DDdDhm.01KOUOXO46UFUBNGZJVZA3IYSCQI5OFBCJ":"/CSV/犬と猫.csv"},"type":"OpenApiConnection","inputs":{"host":{"apiId":"/providers/Microsoft.PowerApps/apis/shared_onedriveforbusiness","connectionName":"shared_onedriveforbusiness","operationId":"GetFileContent"},"parameters":{"id":"b!Rl6cMfndukyvuIu02Uqp83sQnUpEbu9Pt8ZBsBTiBIB5BzB5cEj8T7keA7DDdDhm.01KOUOXO46UFUBNGZJVZA3IYSCQI5OFBCJ","inferContentType":true},"authentication":{"value":"@json(decodeBase64(triggerOutputs().headers['X-MS-APIM-Tokens']))['$ConnectionKey']","type":"Raw"}}}}},"connectionReferences":{"shared_sharepointonline_1":{"connectionName":"shared-sharepointonl-5472558e-11c9-4f88-b2b9-5274c0a1b31b","source":"Embedded","id":"/providers/Microsoft.PowerApps/apis/shared_sharepointonline","tier":"NotSpecified"},"shared_onedriveforbusiness":{"connectionName":"shared-onedriveforbu-ca7ba3ee-97d0-43d1-b3cd-a71fa6eda046","source":"Invoker","id":"/providers/Microsoft.PowerApps/apis/shared_onedriveforbusiness","tier":"NotSpecified"}},"flowFailureAlertSubscribed":false,"isManaged":false}}