{"name":"a741dc44-c3e2-410d-b303-0b58901e6892","id":"/providers/Microsoft.Flow/flows/a741dc44-c3e2-410d-b303-0b58901e6892","type":"Microsoft.Flow/flows","properties":{"apiId":"/providers/Microsoft.PowerApps/apis/shared_logicflows","displayName":"この投稿と同じメンションをする","definition":{"metadata":{"workflowEntityId":null,"processAdvisorMetadata":null,"flowclientsuspensionreason":"None","flowclientsuspensiontime":null,"flowclientsuspensionreasondetails":null,"creator":{"id":"4a4a76fc-3a14-4340-98f0-54fa153de806","type":"User","tenantId":"81aef3cb-2cfc-44d3-ac59-1bb45d66f910"},"provisioningMethod":"FromDefinition","failureAlertSubscription":true,"clientLastModifiedTime":"2023-01-15T10:25:19.7625324Z"},"$schema":"https://schema.management.azure.com/providers/Microsoft.Logic/schemas/2016-06-01/workflowdefinition.json#","contentVersion":"1.0.0.0","parameters":{"$connections":{"defaultValue":{},"type":"Object"},"$authentication":{"defaultValue":{},"type":"SecureObject"}},"triggers":{"manual":{"metadata":{"operationMetadataId":"18faaac7-3c7b-4f4f-8b19-8efee4558578","flowSystemMetadata":{"swaggerOperationId":"ForASelectedMessageV2","taskModuleWidth":null,"taskModuleHeight":null,"inputsAdaptiveCard":"{\"$schema\":\"http://adaptivecards.io/schemas/adaptive-card.json\",\"type\":\"AdaptiveCard\",\"version\":\"1.3\",\"body\":[{\"type\":\"TextBlock\",\"weight\":\"Bolder\",\"size\":\"Medium\",\"text\":\"この投稿と同じメンションをする\"},{\"type\":\"TextBlock\",\"isSubtle\":true,\"wrap\":true,\"text\":\"指定した投稿と同じ宛先へのメンションを含む返信を行います。\"},{\"type\":\"TextBlock\",\"wrap\":true,\"text\":\"\\n\"},{\"type\":\"TextBlock\",\"text\":\"投稿者をメンション先に追加しますか？\"},{\"type\":\"Input.Toggle\",\"id\":\"IncludeTheContributor\",\"value\":\"false\",\"title\":\"追加する\"}],\"actions\":[{\"type\":\"Action.Submit\",\"title\":\"送信\"}],\"-ms-tokens\":{}}"}},"type":"Request","kind":"ApiConnection","inputs":{"schema":{"type":"object","properties":{"teamsFlowRunContext":{"type":"object","properties":{"messagePayload":{"type":"object","properties":{"id":{"title":"メッセージ ID","type":"string"},"replyToId":{"title":"返信メッセージ ID","type":"string"},"from":{"type":"object","properties":{"user":{"type":"object","properties":{"id":{"title":"送信者のユーザー ID","type":"string"}},"required":[]}},"required":[]}},"required":[]},"conversation":{"type":"object","properties":{"id":{"title":"会話 ID","type":"string"}},"required":[]},"channelData":{"type":"object","properties":{"team":{"type":"object","properties":{"aadGroupId":{"title":"チーム ID","type":"string"}},"required":[]},"channel":{"type":"object","properties":{"id":{"title":"チャネル ID","type":"string"}},"required":[]}},"required":[]}}},"cardOutputs":{"type":"object","properties":{"includeTheContributor":{"title":"includeTheContributor","type":"string"}}}},"required":["teamsFlowRunContext","cardOutputs"]},"host":{"connection":{"name":"@parameters('$connections')['shared_teams']['connectionId']"},"api":{"runtimeUrl":"https://japan-001.azure-apim.net/apim/teams"}},"operationId":"ForASelectedMessageV2","parameters":{"inputsAdaptiveCard":"{\"$schema\":\"http://adaptivecards.io/schemas/adaptive-card.json\",\"type\":\"AdaptiveCard\",\"version\":\"1.3\",\"body\":[{\"type\":\"TextBlock\",\"weight\":\"Bolder\",\"size\":\"Medium\",\"text\":\"この投稿と同じメンションをする\"},{\"type\":\"TextBlock\",\"isSubtle\":true,\"wrap\":true,\"text\":\"指定した投稿と同じ宛先へのメンションを含む返信を行います。\"},{\"type\":\"TextBlock\",\"wrap\":true,\"text\":\"\\n\"},{\"type\":\"TextBlock\",\"text\":\"投稿者をメンション先に追加しますか？\"},{\"type\":\"Input.Toggle\",\"id\":\"IncludeTheContributor\",\"value\":\"false\",\"title\":\"追加する\"}],\"actions\":[{\"type\":\"Action.Submit\",\"title\":\"送信\"}],\"-ms-tokens\":{}}"}}}},"actions":{"メッセージ詳細を取得する":{"runAfter":{},"metadata":{"operationMetadataId":"fac61bed-d0a5-4ea7-92ed-7dfb062f7e0f"},"type":"OpenApiConnection","inputs":{"host":{"apiId":"/providers/Microsoft.PowerApps/apis/shared_teams","connectionName":"shared_teams","operationId":"GetMessageDetails"},"parameters":{"messageId":"@triggerBody()?['teamsFlowRunContext']?['messagePayload']?['id']","threadType":"groupchat","body/recipient":"@triggerBody()?['teamsFlowRunContext']?['conversation']?['id']"},"authentication":{"value":"@json(decodeBase64(triggerOutputs().headers['X-MS-APIM-Tokens']))['$ConnectionKey']","type":"Raw"}}},"選択-メンション先のID一覧を取得":{"runAfter":{"メッセージ詳細を取得する":["Succeeded"]},"metadata":{"operationMetadataId":"b087085b-59bb-4eb4-854a-7287910fb87b"},"type":"Select","inputs":{"from":"@outputs('メッセージ詳細を取得する')?['body']?['mentions']","select":"@item()?['mentioned']?['user']?['id']"}},"Apply_to_each":{"foreach":"@body('選択-メンション先のID一覧を取得')","actions":{"ユーザーの_@mention_トークンを取得する":{"runAfter":{},"metadata":{"operationMetadataId":"cca2e6a0-2bc6-4419-956c-257210b01637"},"type":"OpenApiConnection","inputs":{"host":{"apiId":"/providers/Microsoft.PowerApps/apis/shared_teams","connectionName":"shared_teams","operationId":"AtMentionUser"},"parameters":{"userId":"@item()"},"authentication":{"value":"@json(decodeBase64(triggerOutputs().headers['X-MS-APIM-Tokens']))['$ConnectionKey']","type":"Raw"}}},"文字列変数に追加":{"runAfter":{"ユーザーの_@mention_トークンを取得する":["Succeeded"]},"metadata":{"operationMetadataId":"9a3793d1-86c9-467c-9212-e3e9a7cf3c19"},"type":"AppendToStringVariable","inputs":{"name":"メンショントークン","value":"@concat(outputs('ユーザーの_@mention_トークンを取得する')?['body/atMention'],', ')"}}},"runAfter":{"変数を初期化する-メンショントークン":["Succeeded"]},"metadata":{"operationMetadataId":"bfa49703-e481-4641-8fc8-e3a40ab4b817"},"type":"Foreach"},"変数を初期化する-メンショントークン":{"runAfter":{"選択-メンション先のID一覧を取得":["Succeeded"]},"metadata":{"operationMetadataId":"447349ca-c759-478f-bbc8-a9d5cf8b3469"},"type":"InitializeVariable","inputs":{"variables":[{"name":"メンショントークン","type":"string"}]}},"チャネル内のメッセージで応答します":{"runAfter":{"条件-対象が親の投稿である":["Succeeded"]},"metadata":{"operationMetadataId":"f4193af4-4162-48ea-a7e8-f8eb1cbfbc3a"},"type":"OpenApiConnection","inputs":{"host":{"apiId":"/providers/Microsoft.PowerApps/apis/shared_teams","connectionName":"shared_teams","operationId":"ReplyWithMessageToConversation"},"parameters":{"poster":"User","location":"Channel","body/parentMessageId":"@variables('返信先ID')","body/recipient/groupId":"@triggerBody()?['teamsFlowRunContext']?['channelData']?['team']?['aadGroupId']","body/recipient/channelId":"@triggerBody()?['teamsFlowRunContext']?['channelData']?['channel']?['id']","body/messageBody":"<p>@{variables('メンショントークン')}</p>"},"authentication":{"value":"@json(decodeBase64(triggerOutputs().headers['X-MS-APIM-Tokens']))['$ConnectionKey']","type":"Raw"}}},"条件-対象が親の投稿である":{"actions":{"変数の設定-返信先ID":{"runAfter":{},"metadata":{"operationMetadataId":"1aa87c06-0db2-47a6-8180-d39c25c876e6"},"type":"SetVariable","inputs":{"name":"返信先ID","value":"@triggerBody()?['teamsFlowRunContext']?['messagePayload']?['id']"}}},"runAfter":{"変数を初期化する-返信先ID":["Succeeded"]},"else":{"actions":{"変数の設定-返信先ID_2":{"runAfter":{},"metadata":{"operationMetadataId":"3c5ea52e-1b11-4d76-af88-f0c9a6602a1f"},"type":"SetVariable","inputs":{"name":"返信先ID","value":"@triggerBody()?['teamsFlowRunContext']?['messagePayload']?['replyToId']"}}}},"expression":{"equals":["@triggerBody()?['teamsFlowRunContext']?['messagePayload']?['replyToId']",null]},"metadata":{"operationMetadataId":"4ad4920e-211e-4c84-9bbe-5707f5bfd48e"},"type":"If"},"変数を初期化する-返信先ID":{"runAfter":{"条件-投稿者をメンション先に追加する":["Succeeded"]},"metadata":{"operationMetadataId":"c42e183a-3fd5-4a49-ac14-11b5e0d38b5c"},"type":"InitializeVariable","inputs":{"variables":[{"name":"返信先ID","type":"string"}]}},"条件-投稿者をメンション先に追加する":{"actions":{"ユーザーの_@mention_トークンを取得する_2":{"runAfter":{},"metadata":{"operationMetadataId":"968855bc-f0d2-4698-ad53-6fbcd8d360f0"},"type":"OpenApiConnection","inputs":{"host":{"apiId":"/providers/Microsoft.PowerApps/apis/shared_teams","connectionName":"shared_teams","operationId":"AtMentionUser"},"parameters":{"userId":"@outputs('メッセージ詳細を取得する')?['body/from/user/id']"},"authentication":{"value":"@json(decodeBase64(triggerOutputs().headers['X-MS-APIM-Tokens']))['$ConnectionKey']","type":"Raw"}}},"文字列変数に追加_2":{"runAfter":{"ユーザーの_@mention_トークンを取得する_2":["Succeeded"]},"metadata":{"operationMetadataId":"0537dfc6-9f1b-412e-80e9-7580e2aedfa7"},"type":"AppendToStringVariable","inputs":{"name":"メンショントークン","value":"@outputs('ユーザーの_@mention_トークンを取得する_2')?['body/atMention']"}}},"runAfter":{"Apply_to_each":["Succeeded"]},"expression":{"equals":["@triggerBody()?['cardOutputs']?['includeTheContributor']","True"]},"metadata":{"operationMetadataId":"71d48067-8daa-41bc-b22b-6c430122e46e"},"type":"If"}},"outputs":{}},"connectionReferences":{"shared_teams":{"connectionName":"shared-teams-d9071561-66c8-4ab3-9d55-9067bb4438ac","source":"Invoker","id":"/providers/Microsoft.PowerApps/apis/shared_teams","tier":"NotSpecified"}},"flowFailureAlertSubscribed":false,"isManaged":false}}