{"name":"001e07f6-0589-4a5a-8c9b-cc4a7a137227","id":"/providers/Microsoft.Flow/flows/001e07f6-0589-4a5a-8c9b-cc4a7a137227","type":"Microsoft.Flow/flows","properties":{"apiId":"/providers/Microsoft.PowerApps/apis/shared_logicflows","displayName":"メールに添付されたCSVとPDFをリストアイテムに反映","definition":{"metadata":{"workflowEntityId":null,"processAdvisorMetadata":null,"flowclientsuspensionreason":"None","flowclientsuspensiontime":null,"flowclientsuspensionreasondetails":null,"creator":{"id":"350bd895-8fff-465e-b2ce-f3943b7d2b43","type":"User","tenantId":"688cdea3-eec2-4ad7-b65b-3b2b2e535888"},"provisioningMethod":"FromDefinition","failureAlertSubscription":true,"clientLastModifiedTime":"2022-08-08T11:22:13.5520647Z"},"$schema":"https://schema.management.azure.com/providers/Microsoft.Logic/schemas/2016-06-01/workflowdefinition.json#","contentVersion":"1.0.0.0","parameters":{"$connections":{"defaultValue":{},"type":"Object"},"$authentication":{"defaultValue":{},"type":"SecureObject"}},"triggers":{"新しいメールが届いたとき_(V3)":{"splitOn":"@triggerOutputs()?['body/value']","metadata":{"Id::AAMkAGZjODg5ZDI4LWVjODktNDczNi04MjcwLTI0MTU4ZjdhMzJjNAAuAAAAAACzl2NdcJeaRquwq6ptpp9pAQCPeGTV9PbkTL6y8yjQx3QLAAC4bjXvAAA=":"書籍情報","operationMetadataId":"edaa10af-1210-4e6f-b5d0-46708cd55899"},"type":"OpenApiConnectionNotification","inputs":{"host":{"apiId":"/providers/Microsoft.PowerApps/apis/shared_office365","connectionName":"shared_office365","operationId":"OnNewEmailV3"},"parameters":{"folderPath":"Id::AAMkAGZjODg5ZDI4LWVjODktNDczNi04MjcwLTI0MTU4ZjdhMzJjNAAuAAAAAACzl2NdcJeaRquwq6ptpp9pAQCPeGTV9PbkTL6y8yjQx3QLAAC4bjXvAAA=","includeAttachments":false,"importance":"Any","fetchOnlyWithAttachment":false},"authentication":"@parameters('$authentication')"}}},"actions":{"変数を初期化する-ループカウンター":{"runAfter":{"スコープ-メールの添付ファイルを取得":["Succeeded"]},"metadata":{"operationMetadataId":"6e0a817e-3966-4f69-957a-46b10fecf940"},"type":"InitializeVariable","inputs":{"variables":[{"name":"ループカウンター","type":"integer","value":0}]}},"CSVから値が記載されている行を取り込む":{"actions":{"作成-CSVの全行から値を表す行（本文）を取得":{"runAfter":{},"metadata":{"operationMetadataId":"dbacdb04-8f41-422a-a346-59e978cc16ef"},"type":"Compose","inputs":"@skip(outputs('作成-CSVの全行'),1)"},"Apply_to_each_-ヘッダーの項目ごとに繰り返し処理":{"foreach":"@outputs('作成-CSVの全行から値を表す行（本文）を取得')","actions":{"作成-行から行頭と行末の括弧を削除":{"runAfter":{},"metadata":{"operationMetadataId":"7f8936a1-aa14-4078-ac19-3cd669a28d65"},"type":"Compose","inputs":"@substring(item(),1,sub(length(item()),2))"},"作成-行を配列化":{"runAfter":{"作成-行から行頭と行末の括弧を削除":["Succeeded"]},"metadata":{"operationMetadataId":"f8ade8fa-b214-4cab-aa5e-493bccf7cd16"},"type":"Compose","inputs":"@split(outputs('作成-行から行頭と行末の括弧を削除'),'\",\"')"},"Apply_to_each_-行内の項目数で繰り返し処理":{"foreach":"@outputs('作成-ヘッダー項目を配列化')","actions":{"変数の値を増やす-ループカウンタに1を加える":{"runAfter":{"配列変数に追加-Key（ヘッダー）とValue（値）のペアを配列に追加":["Succeeded"]},"metadata":{"operationMetadataId":"e260087d-2c56-4877-a024-878c8f031a80"},"type":"IncrementVariable","inputs":{"name":"ループカウンター","value":1}},"配列変数に追加-Key（ヘッダー）とValue（値）のペアを配列に追加":{"runAfter":{},"metadata":{"operationMetadataId":"d5b97060-e3d8-4bf4-a69f-240b8e67abc6"},"type":"AppendToArrayVariable","inputs":{"name":"1行分の配列","value":{"@{outputs('作成-ヘッダー項目を配列化')?[variables('ループカウンター')]}":"@{outputs('作成-行を配列化')?[variables('ループカウンター')]}"}}}},"runAfter":{"変数の設定-ループカウンタをリセットする":["Succeeded"]},"metadata":{"operationMetadataId":"71ebc9bc-25e3-4faf-b3ff-a76c131896ce"},"type":"Foreach"},"作成-JSON_Dictionaryを作る":{"runAfter":{"Apply_to_each_-行内の項目数で繰り返し処理":["Succeeded"]},"metadata":{"operationMetadataId":"4b5ba22e-52bd-42c9-97c2-10bb657e74e0"},"type":"Compose","inputs":"@json(concat('{',replace(replace(replace(replace(string(variables('1行分の配列')),'{',''),'}',''),'[',''),']',''),'}'))"},"変数の設定-ループカウンタをリセットする":{"runAfter":{"変数の設定-1行分の配列をリセット":["Succeeded"]},"metadata":{"operationMetadataId":"ebdd89e3-919f-4fe6-b3d3-50f0b0af3ac6"},"type":"SetVariable","inputs":{"name":"ループカウンター","value":0}},"変数の設定-1行分の配列をリセット":{"runAfter":{"作成-行を配列化":["Succeeded"]},"metadata":{"operationMetadataId":"fd85a947-e80c-4c81-89b4-5bc28ef0a3ca"},"type":"SetVariable","inputs":{"name":"1行分の配列","value":"@null"}},"配列変数に追加-JSON_Dictionaryを最終的な出力の配列に追加":{"runAfter":{"作成-JSON_Dictionaryを作る":["Succeeded"]},"metadata":{"operationMetadataId":"46470759-4a79-43c8-ac8b-b8a08ba70b19"},"type":"AppendToArrayVariable","inputs":{"name":"CSVの全行を取り込んだ配列","value":"@outputs('作成-JSON_Dictionaryを作る')"}}},"runAfter":{"作成-CSVの全行から値を表す行（本文）を取得":["Succeeded"]},"metadata":{"operationMetadataId":"db87b92e-d2c6-4ea1-96fa-23fdb3d9abe5"},"type":"Foreach"}},"runAfter":{"CSVからヘッダーを取り込む":["Succeeded"]},"metadata":{"operationMetadataId":"b36cb3c6-2392-4d81-adbb-064ac12b9b79"},"type":"Scope"},"変数を初期化する-1行分の配列":{"runAfter":{"変数を初期化する-ループカウンター":["Succeeded"]},"metadata":{"operationMetadataId":"3cf410d7-98b8-4051-8aed-21deb606b38f"},"type":"InitializeVariable","inputs":{"variables":[{"name":"1行分の配列","type":"array"}]}},"変数を初期化する-CSVの全行を取り込んだ配列":{"runAfter":{"変数を初期化する-1行分の配列":["Succeeded"]},"metadata":{"operationMetadataId":"163fbd4d-4790-4fcb-b814-dcf428e74879"},"type":"InitializeVariable","inputs":{"variables":[{"name":"CSVの全行を取り込んだ配列","type":"array"}]}},"作成-CSVの全行を取り込んだ配列":{"runAfter":{"CSVから値が記載されている行を取り込む":["Succeeded"]},"metadata":{"operationMetadataId":"9a487322-7217-435b-9a12-323097f7ad4c"},"type":"Compose","inputs":"@variables('CSVの全行を取り込んだ配列')"},"CSVからヘッダーを取り込む":{"actions":{"作成-CSVの全行からヘッダーを取得":{"runAfter":{},"metadata":{"operationMetadataId":"472f75e4-1b0d-4048-86a0-77436ae13a10"},"type":"Compose","inputs":"@outputs('作成-CSVの全行')?[0]"},"作成-ヘッダーから行頭と行末の括弧を削除":{"runAfter":{"作成-CSVの全行からヘッダーを取得":["Succeeded"]},"metadata":{"operationMetadataId":"0d0c2a2f-8b96-46a3-9d1e-6481da55997c"},"type":"Compose","inputs":"@substring(outputs('作成-CSVの全行からヘッダーを取得'),1,sub(length(outputs('作成-CSVの全行からヘッダーを取得')),2))"},"作成-ヘッダー項目を配列化":{"runAfter":{"作成-ヘッダーから行頭と行末の括弧を削除":["Succeeded"]},"metadata":{"operationMetadataId":"927870aa-1983-487a-ab53-13f6bd6b6084"},"type":"Compose","inputs":"@split(outputs('作成-ヘッダーから行頭と行末の括弧を削除'),'\",\"')"}},"runAfter":{"作成-CSVの全行":["Succeeded"]},"metadata":{"operationMetadataId":"97d5c270-617f-4667-9a7f-bc66f323ddf8"},"type":"Scope"},"作成-CSVの全行":{"runAfter":{"変数を初期化する-CSVの全行を取り込んだ配列":["Succeeded"]},"metadata":{"operationMetadataId":"557a3986-08ed-4257-9148-b611ce04b095"},"type":"Compose","inputs":"@split(replace(base64ToString(outputs('添付ファイルの取得_(V2)-CSVファイルを取得')?['body/contentBytes']), decodeUriComponent('%EF%BB%BF'), ''), decodeUriComponent('%0D%0A'))"},"作成-CSVデータの1行目":{"runAfter":{"作成-CSVの全行を取り込んだ配列":["Succeeded"]},"metadata":{"operationMetadataId":"c954d955-da9d-4715-8231-ba23eaea9fb7"},"type":"Compose","inputs":"@first(variables('CSVの全行を取り込んだ配列'))"},"項目の作成":{"runAfter":{"作成-CSVデータの1行目":["Succeeded"]},"metadata":{"operationMetadataId":"f6559c12-fdd5-475d-9c24-cc5de0275337"},"type":"OpenApiConnection","inputs":{"host":{"apiId":"/providers/Microsoft.PowerApps/apis/shared_sharepointonline","connectionName":"shared_sharepointonline_1","operationId":"PostItem"},"parameters":{"dataset":"https://m365x000309.sharepoint.com/sites/20220722","table":"c53a5873-7540-403d-a7a4-05a36027173d","item/Title":"@outputs('作成-CSVデータの1行目')?['書籍名']","item/field_1":"@outputs('作成-CSVデータの1行目')?['著者名']","item/field_2":"@outputs('作成-CSVデータの1行目')?['出版日']","item/field_3":"@outputs('作成-CSVデータの1行目')?['価格']"},"authentication":"@parameters('$authentication')"}},"添付ファイルの追加":{"runAfter":{"項目の作成":["Succeeded"]},"metadata":{"operationMetadataId":"c528c977-bee9-4ae4-82fd-b98b35277eff"},"type":"OpenApiConnection","inputs":{"host":{"apiId":"/providers/Microsoft.PowerApps/apis/shared_sharepointonline","connectionName":"shared_sharepointonline_1","operationId":"CreateAttachment"},"parameters":{"dataset":"https://m365x000309.sharepoint.com/sites/20220722","table":"c53a5873-7540-403d-a7a4-05a36027173d","itemId":"@outputs('項目の作成')?['body/ID']","displayName":"@outputs('添付ファイルの取得_(V2)-PDFファイルを取得')?['body/name']","body":"@outputs('添付ファイルの取得_(V2)-PDFファイルを取得')?['body/contentBytes']"},"authentication":"@parameters('$authentication')"}},"スコープ-メールの添付ファイルを取得":{"actions":{"作成-添付ファイルの配列":{"runAfter":{},"metadata":{"operationMetadataId":"161986cb-67ec-4998-a9b5-660b5d21074e"},"type":"Compose","inputs":"@triggerOutputs()?['body/attachments']"},"選択-Key（ファイル形式）とValue（ID）の配列を作る":{"runAfter":{"作成-添付ファイルの配列":["Succeeded"]},"metadata":{"operationMetadataId":"f9c54cbb-e512-4e72-8338-40dd334146ff"},"type":"Select","inputs":{"from":"@outputs('作成-添付ファイルの配列')","select":{"@{substring(item()?['name'],add(lastIndexOf(item()?['name'],'.'),1))}":"@item()?['id']"}}},"作成-簡易版JSON_Dictionaryを作る":{"runAfter":{"選択-Key（ファイル形式）とValue（ID）の配列を作る":["Succeeded"]},"metadata":{"operationMetadataId":"4b5ba22e-52bd-42c9-97c2-10bb657e74e0"},"type":"Compose","inputs":"@json(concat('{',replace(replace(replace(replace(string(body('選択-Key（ファイル形式）とValue（ID）の配列を作る')),'{',''),'}',''),'[',''),']',''),'}'))","description":"json(concat('{',replace(replace(replace(replace(string(body('選択-Key（ファイル形式）とValue（ID）の配列を作る')),'{',''),'}',''),'[',''),']',''),'}'))"},"添付ファイルの取得_(V2)-CSVファイルを取得":{"runAfter":{"作成-簡易版JSON_Dictionaryを作る":["Succeeded"]},"metadata":{"operationMetadataId":"78204137-27c7-4441-9d0d-4047a3c39069"},"type":"OpenApiConnection","inputs":{"host":{"apiId":"/providers/Microsoft.PowerApps/apis/shared_office365","connectionName":"shared_office365","operationId":"GetAttachment_V2"},"parameters":{"messageId":"@triggerOutputs()?['body/id']","attachmentId":"@outputs('作成-簡易版JSON_Dictionaryを作る')?['csv']"},"authentication":"@parameters('$authentication')"}},"添付ファイルの取得_(V2)-PDFファイルを取得":{"runAfter":{"添付ファイルの取得_(V2)-CSVファイルを取得":["Succeeded"]},"metadata":{"operationMetadataId":"77910ee2-722b-4c58-a296-d5581dc9ef28"},"type":"OpenApiConnection","inputs":{"host":{"apiId":"/providers/Microsoft.PowerApps/apis/shared_office365","connectionName":"shared_office365","operationId":"GetAttachment_V2"},"parameters":{"messageId":"@triggerOutputs()?['body/id']","attachmentId":"@outputs('作成-簡易版JSON_Dictionaryを作る')?['pdf']"},"authentication":"@parameters('$authentication')"}}},"runAfter":{},"metadata":{"operationMetadataId":"8c899792-76fd-408b-8f09-5af642436ea9"},"type":"Scope"}}},"connectionReferences":{"shared_sharepointonline_1":{"connectionName":"shared-sharepointonl-5472558e-11c9-4f88-b2b9-5274c0a1b31b","source":"Embedded","id":"/providers/Microsoft.PowerApps/apis/shared_sharepointonline","tier":"NotSpecified"},"shared_office365":{"connectionName":"shared-office365-18a91322-2056-4366-b86d-0fe513482f2a","source":"Embedded","id":"/providers/Microsoft.PowerApps/apis/shared_office365","tier":"NotSpecified"}},"flowFailureAlertSubscribed":false,"isManaged":false}}