{"name":"5bc8038f-de26-4604-8128-c0ad8d0c63ed","id":"/providers/Microsoft.Flow/flows/5bc8038f-de26-4604-8128-c0ad8d0c63ed","type":"Microsoft.Flow/flows","properties":{"apiId":"/providers/Microsoft.PowerApps/apis/shared_logicflows","displayName":"メールの本文にフィルタしたテーブルを載せる","definition":{"metadata":{"workflowEntityId":null,"processAdvisorMetadata":null,"flowclientsuspensionreason":"None","flowclientsuspensiontime":null,"flowclientsuspensionreasondetails":null,"creator":{"id":"350bd895-8fff-465e-b2ce-f3943b7d2b43","type":"User","tenantId":"688cdea3-eec2-4ad7-b65b-3b2b2e535888"},"provisioningMethod":"FromDefinition","failureAlertSubscription":true,"clientLastModifiedTime":"2022-11-12T08:45:02.6545339Z"},"$schema":"https://schema.management.azure.com/providers/Microsoft.Logic/schemas/2016-06-01/workflowdefinition.json#","contentVersion":"1.0.0.0","parameters":{"$connections":{"defaultValue":{},"type":"Object"},"$authentication":{"defaultValue":{},"type":"SecureObject"}},"triggers":{"manual":{"metadata":{"operationMetadataId":"482b2c80-9f33-4ec7-9ccf-1e6ed19a58f3"},"type":"Request","kind":"Button","inputs":{"schema":{"type":"object","properties":{},"required":[]}}}},"actions":{"表内に存在する行を一覧表示":{"runAfter":{},"metadata":{"01KOUOXOY6AWIRRT3HZFE3DQG6V5TA3AMK":"/登録者従業員番号を元にメール送信/オーダー一覧.xlsx","operationMetadataId":"a67402c5-bbcb-44b1-927c-fc1ff65f9dd7","tableId":"{BA5C2DED-E6FC-458C-9A40-B22149C96F00}"},"type":"OpenApiConnection","inputs":{"host":{"apiId":"/providers/Microsoft.PowerApps/apis/shared_excelonlinebusiness","connectionName":"shared_excelonlinebusiness","operationId":"GetItems"},"parameters":{"source":"me","drive":"b!Rl6cMfndukyvuIu02Uqp83sQnUpEbu9Pt8ZBsBTiBIB5BzB5cEj8T7keA7DDdDhm","file":"01KOUOXOY6AWIRRT3HZFE3DQG6V5TA3AMK","table":"{BA5C2DED-E6FC-458C-9A40-B22149C96F00}","dateTimeFormat":"ISO 8601"},"authentication":{"value":"@json(decodeBase64(triggerOutputs().headers['X-MS-APIM-Tokens']))['$ConnectionKey']","type":"Raw"}}},"選択-各行の「登録者従業員番号」列の値を取得":{"runAfter":{"表内に存在する行を一覧表示":["Succeeded"]},"metadata":{"operationMetadataId":"c66de1af-0b0a-46e2-9e07-f32c4a7503ea"},"type":"Select","inputs":{"from":"@outputs('表内に存在する行を一覧表示')?['body/value']","select":"@item()?['登録者従業員番号']"}},"作成-表内の登録者従業員番号（重複なし）":{"runAfter":{"選択-各行の「登録者従業員番号」列の値を取得":["Succeeded"]},"metadata":{"operationMetadataId":"1e773555-058f-430c-ad7c-a6d2cb6c869c"},"type":"Compose","inputs":"@union(body('選択-各行の「登録者従業員番号」列の値を取得'),body('選択-各行の「登録者従業員番号」列の値を取得'))"},"Apply_to_each":{"foreach":"@outputs('作成-表内の登録者従業員番号（重複なし）')","actions":{"メールの送信_(V2)":{"runAfter":{"作成-表のスタイル":["Succeeded"]},"metadata":{"operationMetadataId":"f5a91558-f705-40a1-8e77-10990b07956d"},"type":"OpenApiConnection","inputs":{"host":{"apiId":"/providers/Microsoft.PowerApps/apis/shared_office365","connectionName":"shared_office365","operationId":"SendEmailV2"},"parameters":{"emailMessage/To":"@outputs('ユーザー_プロフィールの取得_(V2)')?['body/mail']","emailMessage/Subject":"遅延連絡","emailMessage/Body":"<p>@{outputs('ユーザー_プロフィールの取得_(V2)')?['body/displayName']} 様<br>\n<br>\n下記オーダーの納入に遅延が発生しております。<br>\n<br>\n@{body('HTML_テーブルの作成')}<br>\n@{outputs('作成-表のスタイル')}</p>","emailMessage/Importance":"Normal"},"authentication":{"value":"@json(decodeBase64(triggerOutputs().headers['X-MS-APIM-Tokens']))['$ConnectionKey']","type":"Raw"}}},"作成-表のスタイル":{"runAfter":{"HTML_テーブルの作成":["Succeeded"]},"metadata":{"operationMetadataId":"4f6f28d1-c7e3-491e-904f-be64b0d7fa37"},"type":"Compose","inputs":"<style>\nTable {\n  background-color: #EEEEEE;\n  border-collapse: collapse;\n}\n\nTable td, Table th {\n  border: 1px solid #ddd;\n  padding: 5px 5px;\n  white-space: nowrap;\n}\n\nTable th {\n  font-size: 15px;\n  font-weight: bold;\n  padding-top: 12px;\n  padding-bottom: 12px;\n  text-align: left;\n  background-color: #1C6EA4;\n  color: white;\n}\n</style>"},"HTML_テーブルの作成":{"runAfter":{"ユーザー_プロフィールの取得_(V2)":["Succeeded"]},"metadata":{"operationMetadataId":"854693ba-70bc-4a71-9d06-03aec968325b"},"type":"Table","inputs":{"from":"@body('アレイのフィルター処理-「登録者従業員番号」で表をフィルタ')","format":"HTML"}},"アレイのフィルター処理-「登録者従業員番号」で表をフィルタ":{"runAfter":{},"metadata":{"operationMetadataId":"993651e2-037b-4ce9-899c-c50ce5381aef"},"type":"Query","inputs":{"from":"@body('選択-「@odata.etag」と「ItemInternalId」を削除済み')","where":"@equals(item()?['登録者従業員番号'], items('Apply_to_each'))"}},"ユーザー_プロフィールの取得_(V2)":{"runAfter":{"アレイのフィルター処理-「登録者従業員番号」で表をフィルタ":["Succeeded"]},"metadata":{"operationMetadataId":"e8bf7584-725c-4865-94eb-cdd98717f12a"},"type":"OpenApiConnection","inputs":{"host":{"apiId":"/providers/Microsoft.PowerApps/apis/shared_office365users","connectionName":"shared_office365users","operationId":"UserProfile_V2"},"parameters":{"id":"@body('アレイのフィルター処理-「登録者従業員番号」で表をフィルタ')?[0]?['登録者アドレス']"},"authentication":{"value":"@json(decodeBase64(triggerOutputs().headers['X-MS-APIM-Tokens']))['$ConnectionKey']","type":"Raw"}}}},"runAfter":{"選択-「@odata.etag」と「ItemInternalId」を削除済み":["Succeeded"]},"metadata":{"operationMetadataId":"0865d197-a1ef-4168-96b9-527d63df6d0c"},"type":"Foreach"},"選択-「@odata.etag」と「ItemInternalId」を削除済み":{"runAfter":{"作成-表内の登録者従業員番号（重複なし）":["Succeeded"]},"metadata":{"operationMetadataId":"b95d50de-7409-401c-91cd-f2367fbcb4cc"},"type":"Select","inputs":{"from":"@outputs('表内に存在する行を一覧表示')?['body/value']","select":"@removeProperty(removeProperty(json(replace(string(item()),'@odata.etag','@odataetag')),'@odataetag'),'ItemInternalId')"}}}},"connectionReferences":{"shared_excelonlinebusiness":{"connectionName":"a9d7ac5865354ca883ee33f22e58ce4d","source":"Invoker","id":"/providers/Microsoft.PowerApps/apis/shared_excelonlinebusiness","tier":"NotSpecified"},"shared_office365":{"connectionName":"shared-office365-18a91322-2056-4366-b86d-0fe513482f2a","source":"Invoker","id":"/providers/Microsoft.PowerApps/apis/shared_office365","tier":"NotSpecified"},"shared_office365users":{"connectionName":"shared-office365user-bbc62fef-29ff-40a9-9c37-376bb0336b9d","source":"Invoker","id":"/providers/Microsoft.PowerApps/apis/shared_office365users","tier":"NotSpecified"}},"flowFailureAlertSubscribed":false,"isManaged":false}}