{"name":"ad0970f3-984e-4bf6-8d7d-c68465f11509","id":"/providers/Microsoft.Flow/flows/ad0970f3-984e-4bf6-8d7d-c68465f11509","type":"Microsoft.Flow/flows","properties":{"apiId":"/providers/Microsoft.PowerApps/apis/shared_logicflows","displayName":"ExcelのテーブルをCrearCollect関数の実行文に変換する","definition":{"metadata":{"workflowEntityId":null,"processAdvisorMetadata":null,"flowclientsuspensionreason":"None","flowclientsuspensiontime":null,"flowclientsuspensionreasondetails":null,"creator":{"id":"350bd895-8fff-465e-b2ce-f3943b7d2b43","type":"User","tenantId":"688cdea3-eec2-4ad7-b65b-3b2b2e535888"},"provisioningMethod":"FromDefinition","failureAlertSubscription":true,"clientLastModifiedTime":"2022-07-31T10:44:28.3074476Z"},"$schema":"https://schema.management.azure.com/providers/Microsoft.Logic/schemas/2016-06-01/workflowdefinition.json#","contentVersion":"1.0.0.0","parameters":{"$connections":{"defaultValue":{},"type":"Object"},"$authentication":{"defaultValue":{},"type":"SecureObject"}},"triggers":{"manual":{"metadata":{"operationMetadataId":"6f7de8bb-fd8d-4cf0-a5c8-4e6a5f907694"},"type":"Request","kind":"Button","inputs":{"schema":{"type":"object","properties":{},"required":[]}}}},"actions":{"表内に存在する行を一覧表示":{"runAfter":{},"metadata":{"01KOUOXOZUI3QRDU647ZF3QGHSK3BUGMSD":"/テーブルからコレクションコードを作成/書籍一覧.xlsx","operationMetadataId":"6900927a-5097-476e-b146-f196c9b1ab25","tableId":"{00000000-000C-0000-FFFF-FFFF00000000}"},"type":"OpenApiConnection","inputs":{"host":{"apiId":"/providers/Microsoft.PowerApps/apis/shared_excelonlinebusiness","connectionName":"shared_excelonlinebusiness","operationId":"GetItems"},"parameters":{"source":"me","drive":"b!Rl6cMfndukyvuIu02Uqp83sQnUpEbu9Pt8ZBsBTiBIB5BzB5cEj8T7keA7DDdDhm","file":"01KOUOXOZUI3QRDU647ZF3QGHSK3BUGMSD","table":"{00000000-000C-0000-FFFF-FFFF00000000}","dateTimeFormat":"ISO 8601"},"authentication":{"value":"@json(decodeBase64(triggerOutputs().headers['X-MS-APIM-Tokens']))['$ConnectionKey']","type":"Raw"}}},"作成-プロパティ名についているダブルクォーテーションを削除":{"runAfter":{"作成-コレクションコードを生成":["Succeeded"]},"metadata":{"operationMetadataId":"0cfa7d3c-3a53-4e22-bf79-885bfde9490a"},"type":"Compose","inputs":"@replace(replace(replace(outputs('作成-コレクションコードを生成'),'{\"','{'),'\":',':'),',\"',',')"},"作成-コレクション名":{"runAfter":{"Apply_to_each-配列の要素ごとに繰り返し処理":["Succeeded"]},"metadata":{"operationMetadataId":"1835cbfd-844b-4ba1-b6fb-6e53a0590df3"},"type":"Compose","inputs":"SampleCollection"},"作成-配列の括弧を削除":{"runAfter":{"作成-コレクション名":["Succeeded"]},"metadata":{"operationMetadataId":"ccca60a3-c5d6-4c50-bea8-67cfb61fc7c2"},"type":"Compose","inputs":"@replace(replace(string(variables('フローによる加工が完了した後の配列')),'[',''),']','')"},"作成-コレクションコードを生成":{"runAfter":{"作成-配列の括弧を削除":["Succeeded"]},"metadata":{"operationMetadataId":"d06a7c0f-1c37-4a46-8ad4-4a2579aa4590"},"type":"Compose","inputs":"ClearCollect(@{outputs('作成-コレクション名')},@{outputs('作成-配列の括弧を削除')})"},"Apply_to_each-各行の不要なプロパティを削除":{"foreach":"@outputs('表内に存在する行を一覧表示')?['body/value']","actions":{"配列変数に追加-「@odata.etag」と「ItemInternalId」を削除済み":{"runAfter":{},"metadata":{"operationMetadataId":"fba54f9e-b8e6-412a-86cd-30daae973cab"},"type":"AppendToArrayVariable","inputs":{"name":"テーブルから取得したデータ","value":"@removeProperty(removeProperty(json(replace(string(item()),'@odata.etag','@odataetag')),'@odataetag'),'ItemInternalId')"}}},"runAfter":{"変数を初期化する-フローによる加工が完了した後の配列":["Succeeded"]},"metadata":{"operationMetadataId":"17678f99-0413-4597-8195-4a1434345ba1"},"type":"Foreach"},"Apply_to_each-配列の要素ごとに繰り返し処理":{"foreach":"@variables('テーブルから取得したデータ')","actions":{"Apply_to_each-プロパティごとの繰り返し処理":{"foreach":"@body('選択-配列のプロパティ名を取得')","actions":{"作成-プロパティの値を取得":{"runAfter":{},"metadata":{"operationMetadataId":"a194ac7d-21b9-4fe2-b16a-946c609d4c2f"},"type":"Compose","inputs":"@items('Apply_to_each-配列の要素ごとに繰り返し処理')?[items('Apply_to_each-プロパティごとの繰り返し処理')]"},"スコープ-取得したプロパティに対してconvertTimeZone関数を実行":{"actions":{"作成":{"runAfter":{},"metadata":{"operationMetadataId":"65c03833-7686-4fe7-8f58-736d38e265fa"},"type":"Compose","inputs":"@convertTimeZone(outputs('作成-プロパティの値を取得'), 'UTC', 'Tokyo Standard Time', 'yyyy/M/d')"}},"runAfter":{"作成-プロパティの値を取得":["Succeeded"]},"metadata":{"operationMetadataId":"2d3ff14d-d1b1-47c3-a568-ae7d355ea23e"},"type":"Scope"},"作成-スコープ内の処理成否":{"runAfter":{"スコープ-取得したプロパティに対してconvertTimeZone関数を実行":["Succeeded","Failed","Skipped","TimedOut"]},"metadata":{"operationMetadataId":"5e90febd-ee7a-4ca2-a067-43aacc9a3613"},"type":"Compose","inputs":"@first(result('スコープ-取得したプロパティに対してconvertTimeZone関数を実行'))?['status']"},"条件-処理結果が「Succeeded」であるか":{"actions":{"作成-プロパティの値を更新した配列を作成":{"runAfter":{},"metadata":{"operationMetadataId":"6f0e3442-f191-413d-9e82-990b66133d6d"},"type":"Compose","inputs":"@setProperty(variables('一時領域'), items('Apply_to_each-プロパティごとの繰り返し処理'), outputs('作成'))"},"変数の設定-一時領域を更新":{"runAfter":{"作成-プロパティの値を更新した配列を作成":["Succeeded"]},"metadata":{"operationMetadataId":"a024bfd0-fd22-48a4-a0ba-52ee258f8815"},"type":"SetVariable","inputs":{"name":"一時領域","value":"@outputs('作成-プロパティの値を更新した配列を作成')"}}},"runAfter":{"作成-スコープ内の処理成否":["Succeeded"]},"expression":{"equals":["@outputs('作成-スコープ内の処理成否')","Succeeded"]},"metadata":{"operationMetadataId":"6641f9bd-4eeb-47fb-ae72-42ff48096b2f"},"type":"If"}},"runAfter":{"選択-配列のプロパティ名を取得":["Succeeded"]},"metadata":{"operationMetadataId":"d94eda4a-caca-46a2-84a0-f65c26c00f84"},"type":"Foreach"},"選択-配列のプロパティ名を取得":{"runAfter":{"変数の設定-一時領域に現在の要素を設定":["Succeeded"]},"metadata":{"operationMetadataId":"5d972ab6-ef5f-4d66-98c4-ad465216f616"},"type":"Select","inputs":{"from":"@split(substring(string(items('Apply_to_each-配列の要素ごとに繰り返し処理')), 1, sub(length(string(items('Apply_to_each-配列の要素ごとに繰り返し処理'))), 2)), ',')","select":"@substring(substring(item(), 0, indexOf(item(), ':')), 1, sub(length(substring(item(), 0, indexOf(item(), ':'))), 2))"}},"配列変数に追加-更新した配列要素を最終的な出力結果に追加":{"runAfter":{"Apply_to_each-プロパティごとの繰り返し処理":["Succeeded"]},"metadata":{"operationMetadataId":"283f81ed-894b-47b7-87fc-9d2d8bbc2665"},"type":"AppendToArrayVariable","inputs":{"name":"フローによる加工が完了した後の配列","value":"@variables('一時領域')"}},"変数の設定-一時領域に現在の要素を設定":{"runAfter":{},"metadata":{"operationMetadataId":"5557b2b2-31d2-476f-b9ab-f6c54479409c"},"type":"SetVariable","inputs":{"name":"一時領域","value":"@items('Apply_to_each-配列の要素ごとに繰り返し処理')"}}},"runAfter":{"Apply_to_each-各行の不要なプロパティを削除":["Succeeded"]},"metadata":{"operationMetadataId":"8e44df0f-fc4e-4920-a9a1-f7626e0fb947"},"type":"Foreach"},"変数を初期化する-フローによる加工が完了した後の配列":{"runAfter":{"変数を初期化する-一時領域":["Succeeded"]},"metadata":{"operationMetadataId":"b083cf71-980f-4dd5-b40a-c6fdc12a047e"},"type":"InitializeVariable","inputs":{"variables":[{"name":"フローによる加工が完了した後の配列","type":"array"}]}},"変数を初期化する-テーブルから取得したデータ":{"runAfter":{"表内に存在する行を一覧表示":["Succeeded"]},"metadata":{"operationMetadataId":"80900db1-1459-43a8-a50f-5b92b4148bc8"},"type":"InitializeVariable","inputs":{"variables":[{"name":"テーブルから取得したデータ","type":"array"}]}},"変数を初期化する-一時領域":{"runAfter":{"変数を初期化する-テーブルから取得したデータ":["Succeeded"]},"metadata":{"operationMetadataId":"97778c91-99c3-40e8-ad19-6184e5ac4665"},"type":"InitializeVariable","inputs":{"variables":[{"name":"一時領域","type":"object"}]}}}},"connectionReferences":{"shared_excelonlinebusiness":{"connectionName":"a9d7ac5865354ca883ee33f22e58ce4d","source":"Invoker","id":"/providers/Microsoft.PowerApps/apis/shared_excelonlinebusiness","tier":"NotSpecified"}},"flowFailureAlertSubscribed":false,"isManaged":false}}