{"name":"0aefa473-7ced-46b3-be49-19df91225ac8","id":"/providers/Microsoft.Flow/flows/0aefa473-7ced-46b3-be49-19df91225ac8","type":"Microsoft.Flow/flows","properties":{"apiId":"/providers/Microsoft.PowerApps/apis/shared_logicflows","displayName":"会議出席者レポートに部署情報を追加","definition":{"metadata":{"workflowEntityId":null,"processAdvisorMetadata":null,"flowclientsuspensionreason":"None","flowclientsuspensiontime":null,"creator":{"id":"350bd895-8fff-465e-b2ce-f3943b7d2b43","type":"User","tenantId":"688cdea3-eec2-4ad7-b65b-3b2b2e535888"},"provisioningMethod":"FromDefinition","failureAlertSubscription":true,"clientLastModifiedTime":"2022-07-05T20:57:28.5449134Z"},"$schema":"https://schema.management.azure.com/providers/Microsoft.Logic/schemas/2016-06-01/workflowdefinition.json#","contentVersion":"1.0.0.0","parameters":{"$connections":{"defaultValue":{},"type":"Object"},"$authentication":{"defaultValue":{},"type":"SecureObject"}},"triggers":{"ファイルが作成されたとき":{"recurrence":{"frequency":"Minute","interval":1},"metadata":{"b!Rl6cMfndukyvuIu02Uqp83sQnUpEbu9Pt8ZBsBTiBIB5BzB5cEj8T7keA7DDdDhm.01KOUOXOYNOSIMN66G6FCKLE6V4DZYIMOC":"/会議参加者","operationMetadataId":"717c8e40-d506-4d84-81dd-9a08c9de111e"},"type":"OpenApiConnection","inputs":{"host":{"apiId":"/providers/Microsoft.PowerApps/apis/shared_onedriveforbusiness","connectionName":"shared_onedriveforbusiness","operationId":"OnNewFileV2"},"parameters":{"folderId":"b!Rl6cMfndukyvuIu02Uqp83sQnUpEbu9Pt8ZBsBTiBIB5BzB5cEj8T7keA7DDdDhm.01KOUOXOYNOSIMN66G6FCKLE6V4DZYIMOC","includeSubfolders":false,"inferContentType":true},"authentication":"@parameters('$authentication')"}}},"actions":{"ファイル_コンテンツの取得":{"runAfter":{},"metadata":{"operationMetadataId":"4956ec0f-943d-47a3-83e7-3781b509694e"},"type":"OpenApiConnection","inputs":{"host":{"apiId":"/providers/Microsoft.PowerApps/apis/shared_onedriveforbusiness","connectionName":"shared_onedriveforbusiness","operationId":"GetFileContent"},"parameters":{"id":"@triggerOutputs()?['headers/x-ms-file-id']","inferContentType":true},"authentication":"@parameters('$authentication')"}},"作成-CSVの全行":{"runAfter":{"ファイル_コンテンツの取得":["Succeeded"]},"metadata":{"operationMetadataId":"557a3986-08ed-4257-9148-b611ce04b095"},"type":"Compose","inputs":"@split(body('ファイル_コンテンツの取得'),decodeUriComponent('%0A'))"},"Apply_to_each":{"foreach":"@outputs('作成-CSVの全行')","actions":{"条件":{"actions":{"配列変数に追加-出席者":{"runAfter":{"ユーザー_プロフィールの取得_(V2)_":["Succeeded"]},"metadata":{"operationMetadataId":"3bab4a30-d02d-44ec-ba12-77945329ba77"},"type":"AppendToArrayVariable","inputs":{"name":"出席者","value":{"氏名":"@{outputs('ユーザー_プロフィールの取得_(V2)_')?['body/displayName']}","メールアドレス":"@{outputs('作成-ユーザー')}","所属":"@{outputs('ユーザー_プロフィールの取得_(V2)_')?['body/department']}"}}},"ユーザー_プロフィールの取得_(V2)_":{"runAfter":{"作成-ユーザー":["Succeeded"]},"metadata":{"operationMetadataId":"49fc4950-1652-42db-8ed4-7bb898be993a"},"type":"OpenApiConnection","inputs":{"host":{"apiId":"/providers/Microsoft.PowerApps/apis/shared_office365users","connectionName":"shared_office365users","operationId":"UserProfile_V2"},"parameters":{"id":"@outputs('作成-ユーザー')"},"authentication":"@parameters('$authentication')"}},"作成-ユーザー":{"runAfter":{},"metadata":{"operationMetadataId":"f7757491-2761-4456-bf70-24d9b0d38c38"},"type":"Compose","inputs":"@trim(substring(item(), add(lastIndexOf(item(), concat('者', decodeUriComponent('%09'))), 2)))"}},"runAfter":{},"expression":{"not":{"equals":["@lastIndexOf(item(),concat('者',decodeUriComponent('%09')))",-1]}},"metadata":{"operationMetadataId":"99a5dd84-e16e-4567-9cc2-772b69549033"},"type":"If"}},"runAfter":{"変数を初期化する-出席者":["Succeeded"]},"metadata":{"operationMetadataId":"2682a406-e25d-4d2e-bc33-e53cfa052a41"},"type":"Foreach"},"変数を初期化する-出席者":{"runAfter":{"作成-CSVの全行":["Succeeded"]},"metadata":{"operationMetadataId":"a59829f3-3e22-4b74-967e-663685ee67f2"},"type":"InitializeVariable","inputs":{"variables":[{"name":"出席者","type":"array"}]}},"CSV_テーブルの作成":{"runAfter":{"Apply_to_each":["Succeeded"]},"metadata":{"operationMetadataId":"d4629156-f543-4545-a2b1-99b6f7ac99f2"},"type":"Table","inputs":{"from":"@variables('出席者')","format":"CSV"}},"ファイルの作成":{"runAfter":{"CSV_テーブルの作成":["Succeeded"]},"metadata":{"operationMetadataId":"c9974402-b1de-4ef3-8795-cc2e22a98e31"},"type":"OpenApiConnection","inputs":{"host":{"apiId":"/providers/Microsoft.PowerApps/apis/shared_onedriveforbusiness","connectionName":"shared_onedriveforbusiness","operationId":"CreateFile"},"parameters":{"folderPath":"/会議参加者/処理済みCSV","name":"@triggerOutputs()?['headers/x-ms-file-name-encoded']","body":"@concat(decodeUriComponent('%EF%BB%BF'),body('CSV_テーブルの作成'))"},"authentication":"@parameters('$authentication')"},"runtimeConfiguration":{"contentTransfer":{"transferMode":"Chunked"}}}}},"connectionReferences":{"shared_onedriveforbusiness":{"connectionName":"shared-onedriveforbu-ca7ba3ee-97d0-43d1-b3cd-a71fa6eda046","source":"Embedded","id":"/providers/Microsoft.PowerApps/apis/shared_onedriveforbusiness","tier":"NotSpecified"},"shared_office365users":{"connectionName":"shared-office365user-bbc62fef-29ff-40a9-9c37-376bb0336b9d","source":"Embedded","id":"/providers/Microsoft.PowerApps/apis/shared_office365users","tier":"NotSpecified"}},"flowFailureAlertSubscribed":false,"isManaged":false}}