{"name":"904e62f5-24f4-45e3-a69f-6cb00fd359bf","id":"/providers/Microsoft.Flow/flows/904e62f5-24f4-45e3-a69f-6cb00fd359bf","type":"Microsoft.Flow/flows","properties":{"apiId":"/providers/Microsoft.PowerApps/apis/shared_logicflows","displayName":"指定された形式に日付を変換","definition":{"metadata":{"workflowEntityId":null,"processAdvisorMetadata":null,"flowChargedByPaygo":null,"flowclientsuspensionreason":"None","flowclientsuspensiontime":null,"flowclientsuspensionreasondetails":null,"creator":{"id":"63e843f5-2386-41af-aade-de2849a21c2f","type":"User","tenantId":"9c090045-a219-4ceb-9ac8-9e80cf18437e"},"provisioningMethod":"FromDefinition","failureAlertSubscription":true,"clientLastModifiedTime":"2024-06-27T11:13:31.5922401Z","connectionKeySavedTimeKey":"2024-06-27T11:13:31.5922401Z"},"$schema":"https://schema.management.azure.com/providers/Microsoft.Logic/schemas/2016-06-01/workflowdefinition.json#","contentVersion":"1.0.0.0","parameters":{"$authentication":{"defaultValue":{},"type":"SecureObject"}},"triggers":{"manual":{"metadata":{"operationMetadataId":"4231b322-2498-4b35-ac71-a6436f1c7f18"},"type":"Request","kind":"Button","inputs":{"schema":{"type":"object","properties":{},"required":[]}}}},"actions":{"作成-入力":{"runAfter":{},"metadata":{"operationMetadataId":"8d839580-935b-40a1-b4f9-a5f218c88548"},"type":"Compose","inputs":"a: 6/1, 2, 10, 7/3, 6, 9\nb: 6/15-17, 7/15-20\nc: 6/21-22, 7/23, 25"},"作成-改行で分割":{"runAfter":{"作成-空白を削除":["Succeeded"]},"metadata":{"operationMetadataId":"17c7e0ec-eff7-472c-9282-9d8bc3cc44ce"},"type":"Compose","inputs":"@split(outputs('作成-空白を削除'),decodeUriComponent('%0A'))"},"作成-出力":{"runAfter":{"Apply_to_each-行ごとに繰り返し":["Succeeded"]},"metadata":{"operationMetadataId":"442947c3-5702-4005-93df-7768dcd07657"},"type":"Compose","inputs":"@variables('出力')"},"作成-空白を削除":{"runAfter":{"作成-入力":["Succeeded"]},"metadata":{"operationMetadataId":"68cfd17a-cb43-474f-8deb-473474186cc7"},"type":"Compose","inputs":"@replace(outputs('作成-入力'),' ','')"},"Apply_to_each-行ごとに繰り返し":{"foreach":"@outputs('作成-改行で分割')","actions":{"作成-コロンで分割":{"runAfter":{},"metadata":{"operationMetadataId":"cbe5b176-0131-4a6a-919f-3ea913ea9ed8"},"type":"Compose","inputs":"@split(item(),':')"},"作成-コロンの右側をカンマで分割":{"runAfter":{"作成-コロンの右側":["Succeeded"]},"metadata":{"operationMetadataId":"b1ff1dee-318b-4ac0-a804-e2fc7c9e36d4"},"type":"Compose","inputs":"@split(outputs('作成-コロンの右側'),',')"},"Apply_to_each-日ごとに繰り返し処理":{"foreach":"@outputs('作成-コロンの右側をカンマで分割')","actions":{"作成-現在のアイテム":{"runAfter":{},"metadata":{"operationMetadataId":"e81fcf17-43b2-4e16-9c29-d17beb8c9acb"},"type":"Compose","inputs":"@item()"},"条件-スラッシュを含んでいる":{"actions":{"変数の設定-月":{"runAfter":{},"metadata":{"operationMetadataId":"b47c11c9-f95b-4a2b-9aa5-58d0f63e18c2"},"type":"SetVariable","inputs":{"name":"月","value":"@{split(item(),'/')[0]}"}},"変数の設定-日":{"runAfter":{"変数の設定-月":["Succeeded"]},"metadata":{"operationMetadataId":"5fc61b6f-d8be-4943-8398-fa3784229765"},"type":"SetVariable","inputs":{"name":"日","value":"@{split(item(),'/')[1]}"}}},"runAfter":{"作成-現在のアイテム":["Succeeded"]},"else":{"actions":{"変数の設定-日_2":{"runAfter":{},"metadata":{"operationMetadataId":"a4eea79c-06bb-4ce9-83b6-febee6603497"},"type":"SetVariable","inputs":{"name":"日","value":"@{item()}"}}}},"expression":{"contains":["@item()","/"]},"metadata":{"operationMetadataId":"3383fba1-9f09-48a0-a9b8-fb5b9b981049"},"type":"If"},"条件-日付がハイフンを含んでいる":{"actions":{"変数の設定-指定範囲内の日付":{"runAfter":{"作成-指定範囲の終了日":["Succeeded"]},"metadata":{"operationMetadataId":"7f76b7dd-9349-4917-802d-7bb046a88459"},"type":"SetVariable","inputs":{"name":"指定範囲内の日付","value":"@range(outputs('作成-指定範囲の開始日'), add(sub(outputs('作成-指定範囲の終了日'), outputs('作成-指定範囲の開始日')), 1))"}},"作成-指定範囲の開始日":{"runAfter":{},"metadata":{"operationMetadataId":"bc72790e-fb9c-44d8-95b3-8b15c584ede2"},"type":"Compose","inputs":"@int(split(variables('日'),'-')[0])"},"作成-指定範囲の終了日":{"runAfter":{"作成-指定範囲の開始日":["Succeeded"]},"metadata":{"operationMetadataId":"b670d8f7-b35b-47af-93b2-925d74547f7e"},"type":"Compose","inputs":"@int(split(variables('日'),'-')[1])"}},"runAfter":{"条件-スラッシュを含んでいる":["Succeeded"]},"else":{"actions":{"変数の設定-指定範囲内の日付-2":{"runAfter":{},"metadata":{"operationMetadataId":"fa7b5fb9-65bf-498a-a3d3-f4ff84e41a8f"},"type":"SetVariable","inputs":{"name":"指定範囲内の日付","value":"@createArray(variables('日'))"}}}},"expression":{"contains":["@variables('日')","-"]},"metadata":{"operationMetadataId":"afcdfbe5-f9ad-4d0b-82cd-2b51cc4fdaed"},"type":"If"},"Apply_to_each":{"foreach":"@variables('指定範囲内の日付')","actions":{"配列変数に追加-出力":{"runAfter":{},"metadata":{"operationMetadataId":"de6a05d9-5b04-4c94-9c36-c6398c7d43b6"},"type":"AppendToArrayVariable","inputs":{"name":"出力","value":"@{outputs('作成-コロンの左側')} @{variables('月')}/@{item()}"}}},"runAfter":{"条件-日付がハイフンを含んでいる":["Succeeded"]},"metadata":{"operationMetadataId":"eff5ea1a-0e2e-474f-a3ec-b19634884017"},"type":"Foreach"}},"runAfter":{"作成-コロンの右側をカンマで分割":["Succeeded"]},"metadata":{"operationMetadataId":"d9e11eb0-fd7e-41d9-9daa-10bcf8e9b0a3"},"type":"Foreach"},"作成-コロンの左側":{"runAfter":{"作成-コロンで分割":["Succeeded"]},"metadata":{"operationMetadataId":"13c1d192-fe4e-4f43-b18a-ecc2fdbc58d1"},"type":"Compose","inputs":"@outputs('作成-コロンで分割')[0]"},"作成-コロンの右側":{"runAfter":{"作成-コロンの左側":["Succeeded"]},"metadata":{"operationMetadataId":"13c1d192-fe4e-4f43-b18a-ecc2fdbc58d1"},"type":"Compose","inputs":"@outputs('作成-コロンで分割')[1]"}},"runAfter":{"変数を初期化する-指定範囲内の日付":["Succeeded"]},"metadata":{"operationMetadataId":"5a6973a4-f7ff-4955-814c-bf37a89f5902"},"type":"Foreach"},"変数を初期化する-出力":{"runAfter":{"作成-改行で分割":["Succeeded"]},"metadata":{"operationMetadataId":"aae432df-9548-4f0d-9041-4f730f210d98"},"type":"InitializeVariable","inputs":{"variables":[{"name":"出力","type":"array"}]}},"変数を初期化する-月":{"runAfter":{"変数を初期化する-出力":["Succeeded"]},"metadata":{"operationMetadataId":"f7c71e18-09c8-435f-b927-0f2535b8e7c3"},"type":"InitializeVariable","inputs":{"variables":[{"name":"月","type":"string"}]}},"変数を初期化する-日":{"runAfter":{"変数を初期化する-月":["Succeeded"]},"metadata":{"operationMetadataId":"a5c4d100-0be2-4844-ad5c-8dba9c44d4aa"},"type":"InitializeVariable","inputs":{"variables":[{"name":"日","type":"string"}]}},"変数を初期化する-指定範囲内の日付":{"runAfter":{"変数を初期化する-日":["Succeeded"]},"metadata":{"operationMetadataId":"32b4bdcf-4cec-4c75-837b-ab4ba4ffcb4d"},"type":"InitializeVariable","inputs":{"variables":[{"name":"指定範囲内の日付","type":"array"}]}}}},"connectionReferences":{},"flowFailureAlertSubscribed":false,"isManaged":false}}