{"name":"c4447b22-f1cf-41e6-a097-a96fc1412bcc","id":"/providers/Microsoft.Flow/flows/c4447b22-f1cf-41e6-a097-a96fc1412bcc","type":"Microsoft.Flow/flows","properties":{"apiId":"/providers/Microsoft.PowerApps/apis/shared_logicflows","displayName":" CSVの中身をSharePointリストに登録（カンマとダブルクォーテーションの意図を自動で判定）","definition":{"metadata":{"workflowEntityId":null,"processAdvisorMetadata":null,"flowclientsuspensionreason":"None","flowclientsuspensiontime":null,"flowclientsuspensionreasondetails":null,"creator":{"id":"350bd895-8fff-465e-b2ce-f3943b7d2b43","type":"User","tenantId":"688cdea3-eec2-4ad7-b65b-3b2b2e535888"},"provisioningMethod":"FromDefinition","failureAlertSubscription":true,"clientLastModifiedTime":"2022-09-03T14:06:54.1684637Z"},"$schema":"https://schema.management.azure.com/providers/Microsoft.Logic/schemas/2016-06-01/workflowdefinition.json#","contentVersion":"1.0.0.0","parameters":{"$connections":{"defaultValue":{},"type":"Object"},"$authentication":{"defaultValue":{},"type":"SecureObject"}},"triggers":{"manual":{"metadata":{"operationMetadataId":"589c92a6-34d4-4365-83f5-132c9242deb7"},"type":"Request","kind":"Button","inputs":{"schema":{"type":"object","properties":{},"required":[]},"headersSchema":{"x-ms-user-name-encoded":{"title":"ユーザー名","type":"string","format":"byte","x-ms-dynamically-added":false}}}}},"actions":{"変数を初期化する-一時領域":{"runAfter":{"変数を初期化する-ダブルクォーテーションの出現回数":["Succeeded"]},"metadata":{"operationMetadataId":"ed75ebcc-397e-4a1c-8743-a83643eaac9a"},"type":"InitializeVariable","inputs":{"variables":[{"name":"一時領域","type":"string"}]}},"変数を初期化する-1行分の配列（Keyなし）":{"runAfter":{"変数を初期化する-一時領域":["Succeeded"]},"metadata":{"operationMetadataId":"35d91fbf-a5ed-4185-b2ec-6c3f91cd7538"},"type":"InitializeVariable","inputs":{"variables":[{"name":"1行分の配列（Keyなし）","type":"array"}]}},"変数を初期化する-ダブルクォーテーションの出現回数":{"runAfter":{"変数を初期化する-CSVの全行を取り込んだ配列（Keyあり）":["Succeeded"]},"metadata":{"operationMetadataId":"e81745a4-da44-403f-8f17-114b0904773e"},"type":"InitializeVariable","inputs":{"variables":[{"name":"ダブルクォーテーションの出現回数","type":"integer","value":0}]}},"作成-CSVの全行を取り込んだ配列（Keyあり）を表示":{"runAfter":{"Apply_to_each-行の個数だけ繰り返し処理":["Succeeded"]},"metadata":{"operationMetadataId":"95b4b9af-9f90-4f8a-b88c-795139b360fa"},"type":"Compose","inputs":"@variables('CSVの全行を取り込んだ配列（Keyあり）')"},"変数を初期化する-ループカウンター（1文字単位）":{"runAfter":{"変数を初期化する-1行分の配列（Keyあり）":["Succeeded"]},"metadata":{"operationMetadataId":"4b0c5a0e-4a10-439d-9846-d9261912c6d9"},"type":"InitializeVariable","inputs":{"variables":[{"name":"ループカウンター（1文字単位）","type":"integer","value":0}]}},"ファイル_コンテンツの取得":{"runAfter":{},"metadata":{"b!Rl6cMfndukyvuIu02Uqp83sQnUpEbu9Pt8ZBsBTiBIB5BzB5cEj8T7keA7DDdDhm.01KOUOXO3HTS6WU3RWFFCIOFKQM44M6UAY":"/CSV/書籍一覧.csv","operationMetadataId":"1e041004-8fcf-41a9-a368-2f94c302b38b"},"type":"OpenApiConnection","inputs":{"host":{"apiId":"/providers/Microsoft.PowerApps/apis/shared_onedriveforbusiness","connectionName":"shared_onedriveforbusiness","operationId":"GetFileContent"},"parameters":{"id":"b!Rl6cMfndukyvuIu02Uqp83sQnUpEbu9Pt8ZBsBTiBIB5BzB5cEj8T7keA7DDdDhm.01KOUOXO3HTS6WU3RWFFCIOFKQM44M6UAY","inferContentType":true},"authentication":{"value":"@json(decodeBase64(triggerOutputs().headers['X-MS-APIM-Tokens']))['$ConnectionKey']","type":"Raw"}}},"作成-CSVの全行":{"runAfter":{"アレイのフィルター処理-空白の行を排除":["Succeeded"]},"metadata":{"operationMetadataId":"557a3986-08ed-4257-9148-b611ce04b095"},"type":"Compose","inputs":"@body('アレイのフィルター処理-空白の行を排除')"},"CSVからヘッダーを取り込む":{"actions":{"作成-CSVの全行からヘッダーを取得":{"runAfter":{},"metadata":{"operationMetadataId":"472f75e4-1b0d-4048-86a0-77436ae13a10"},"type":"Compose","inputs":"@outputs('作成-CSVの全行')?[0]"},"作成-ヘッダー項目を配列化":{"runAfter":{"作成-CSVの全行からヘッダーを取得":["Succeeded"]},"metadata":{"operationMetadataId":"927870aa-1983-487a-ab53-13f6bd6b6084"},"type":"Compose","inputs":"@split(outputs('作成-CSVの全行からヘッダーを取得'), ',')"}},"runAfter":{"作成-CSVの全行":["Succeeded"]},"metadata":{"operationMetadataId":"97d5c270-617f-4667-9a7f-bc66f323ddf8"},"type":"Scope"},"作成-CSVの全行から値を表す行（本文）を取得":{"runAfter":{"CSVからヘッダーを取り込む":["Succeeded"]},"metadata":{"operationMetadataId":"dbacdb04-8f41-422a-a346-59e978cc16ef"},"type":"Compose","inputs":"@skip(outputs('作成-CSVの全行'), 1)"},"Apply_to_each-行の個数だけ繰り返し処理":{"foreach":"@outputs('作成-CSVの全行から値を表す行（本文）を取得')","actions":{"選択-1文字ずつ区切って配列にする":{"runAfter":{},"metadata":{"operationMetadataId":"3eeb9a36-d7ec-4b84-926c-ad6b3493d195"},"type":"Select","inputs":{"from":"@range(0, length(items('Apply_to_each-行の個数だけ繰り返し処理')))","select":"@substring(items('Apply_to_each-行の個数だけ繰り返し処理'), item(), 1)"}},"Apply_to_each-行の1文字ごとにループ":{"foreach":"@body('選択-1文字ずつ区切って配列にする')","actions":{"条件-ダブルクォーテーションであるか":{"actions":{"変数の値を増やす-ダブルクォーテーションの出現回数をカウントアップ":{"runAfter":{},"metadata":{"operationMetadataId":"4a979dd1-aa69-42a1-90a7-2f205d71c92d"},"type":"IncrementVariable","inputs":{"name":"ダブルクォーテーションの出現回数","value":1}}},"runAfter":{"条件-カンマであるか":["Succeeded"]},"expression":{"equals":["@item()","\""]},"metadata":{"operationMetadataId":"502a42f5-db7c-43d6-98e4-abda640f948f"},"type":"If"},"条件-カンマであるか":{"actions":{"条件-ダブルクォーテーションの出現回数が偶数である":{"actions":{"変数の設定-一時領域をクリア":{"runAfter":{"配列変数に追加--一時領域の文字列を1行分の配列（Keyなし）に追加":["Succeeded"]},"metadata":{"operationMetadataId":"e1412c02-df95-490e-8db7-386e16101942"},"type":"SetVariable","inputs":{"name":"一時領域","value":"@{null}"}},"作成-一時領域の両端からダブルクォーテーションを削除":{"runAfter":{},"metadata":{"operationMetadataId":"2f79fb9e-9775-4247-b08d-06fcb631d8f6"},"type":"Compose","inputs":"@if(startsWith(variables('一時領域'),'\"'),slice(variables('一時領域'),1,sub(length(variables('一時領域')),1)),variables('一時領域'))"},"配列変数に追加--一時領域の文字列を1行分の配列（Keyなし）に追加":{"runAfter":{"作成-2つ並んだダブルクォーテーションを1に置換_2":["Succeeded"]},"metadata":{"operationMetadataId":"f1e9d5b3-a26c-42bd-999e-83df2ba6d5b0"},"type":"AppendToArrayVariable","inputs":{"name":"1行分の配列（Keyなし）","value":"@outputs('作成-2つ並んだダブルクォーテーションを1に置換_2')"}},"作成-2つ並んだダブルクォーテーションを1に置換_2":{"runAfter":{"作成-一時領域の両端からダブルクォーテーションを削除":["Succeeded"]},"metadata":{"operationMetadataId":"4342e93e-3b8a-418c-973f-4329377d842b"},"type":"Compose","inputs":"@replace(outputs('作成-一時領域の両端からダブルクォーテーションを削除'), '\"\"', '\"')"}},"runAfter":{},"else":{"actions":{"文字列変数に追加-現在の文字列を一時領域に追加":{"runAfter":{},"metadata":{"operationMetadataId":"571e624c-6b7a-4d6c-9851-943071a2afb6"},"type":"AppendToStringVariable","inputs":{"name":"一時領域","value":"@item()"}}}},"expression":{"equals":["@mod(variables('ダブルクォーテーションの出現回数'),2)",0]},"metadata":{"operationMetadataId":"b40e16b4-deb8-43f9-ad2c-a7265efb5d3d"},"type":"If"}},"runAfter":{"作成-承知中の文字を表示":["Succeeded"]},"else":{"actions":{"文字列変数に追加-現在の文字列を一時領域に追加2":{"runAfter":{},"metadata":{"operationMetadataId":"d1dc91aa-c948-493d-8d8e-cf29020b8355"},"type":"AppendToStringVariable","inputs":{"name":"一時領域","value":"@item()"}}}},"expression":{"equals":["@item()",","]},"metadata":{"operationMetadataId":"ce33c29a-f9b1-4355-8409-972c82ce8ee0"},"type":"If"},"変数の値を増やす-ループカウンター（1文字単位）を1増やす":{"runAfter":{},"metadata":{"operationMetadataId":"131ae9e2-c7f1-449e-8a70-f0b90c6a9102"},"type":"IncrementVariable","inputs":{"name":"ループカウンター（1文字単位）","value":1}},"条件-最後のループであるか":{"actions":{"作成-一時領域の両端からダブルクォーテーションを削除2":{"runAfter":{},"metadata":{"operationMetadataId":"05b29a52-a2a6-4e17-bbd2-173a3c46a7bb"},"type":"Compose","inputs":"@if(startsWith(variables('一時領域'), '\"'), slice(variables('一時領域'), 1, sub(length(variables('一時領域')), 1)), variables('一時領域'))"},"配列変数に追加-一時領域の文字列を1行分の配列（Keyなし）に追加2":{"runAfter":{"作成-一時領域の両端からダブルクォーテーションを削除2":["Succeeded"]},"metadata":{"operationMetadataId":"54e4de63-1bda-422e-abe3-075b783d55cc"},"type":"AppendToArrayVariable","inputs":{"name":"1行分の配列（Keyなし）","value":"@outputs('作成-一時領域の両端からダブルクォーテーションを削除2')"}},"変数の設定-一時領域をクリア_2":{"runAfter":{"配列変数に追加-一時領域の文字列を1行分の配列（Keyなし）に追加2":["Succeeded"]},"metadata":{"operationMetadataId":"b96891d6-4540-4436-88ef-f935dafd81bc"},"type":"SetVariable","inputs":{"name":"一時領域","value":"@null"}},"変数の設定-ループカウンター（1文字単位）をリセット":{"runAfter":{"変数の設定-一時領域をクリア_2":["Succeeded"]},"metadata":{"operationMetadataId":"bdff695f-fc2c-4da0-b1e0-db51d59dcbac"},"type":"SetVariable","inputs":{"name":"ループカウンター（1文字単位）","value":0}}},"runAfter":{"条件-ダブルクォーテーションであるか":["Succeeded"]},"expression":{"equals":["@variables('ループカウンター（1文字単位）')","@length(body('選択-1文字ずつ区切って配列にする'))"]},"metadata":{"operationMetadataId":"995a81e3-aa29-4e9f-832b-6899db50d865"},"type":"If"},"作成-承知中の文字を表示":{"runAfter":{"変数の値を増やす-ループカウンター（1文字単位）を1増やす":["Succeeded"]},"metadata":{"operationMetadataId":"2c86782d-d9ce-4194-b1c5-20b3492afc25"},"type":"Compose","inputs":"@items('Apply_to_each-行の1文字ごとにループ')"}},"runAfter":{"選択-1文字ずつ区切って配列にする":["Succeeded"]},"metadata":{"operationMetadataId":"56d21569-9435-4868-92d0-ac67a4762155"},"type":"Foreach"},"変数の設定-1行分の配列（Keyなし）をリセット":{"runAfter":{"配列変数に追加-CSVの全行を取り込んだ配列（Keyあり）に要素を追加":["Succeeded"]},"metadata":{"operationMetadataId":"b96891d6-4540-4436-88ef-f935dafd81bc"},"type":"SetVariable","inputs":{"name":"1行分の配列（Keyなし）","value":"@null"}},"作成-1行分の配列（Keyなし）を表示":{"runAfter":{"Apply_to_each-行の1文字ごとにループ":["Succeeded"]},"metadata":{"operationMetadataId":"83164f5a-a4b0-4d38-80d6-4a21a66a3610"},"type":"Compose","inputs":"@variables('1行分の配列（Keyなし）')"},"変数の設定-ループカウンター（1列単位）をリセットする":{"runAfter":{"作成-1行分の配列（Keyなし）を表示":["Succeeded"]},"metadata":{"operationMetadataId":"ebdd89e3-919f-4fe6-b3d3-50f0b0af3ac6"},"type":"SetVariable","inputs":{"name":"ループカウンター（1列単位）","value":0}},"Apply_to_each_-行内の項目数で繰り返し処理":{"foreach":"@outputs('作成-ヘッダー項目を配列化')","actions":{"変数の値を増やす-ループカウンター（1列単位）に1を加える":{"runAfter":{"配列変数に追加-Key（ヘッダー）とValue（値）のペアを配列に追加":["Succeeded"]},"metadata":{"operationMetadataId":"e260087d-2c56-4877-a024-878c8f031a80"},"type":"IncrementVariable","inputs":{"name":"ループカウンター（1列単位）","value":1}},"配列変数に追加-Key（ヘッダー）とValue（値）のペアを配列に追加":{"runAfter":{},"metadata":{"operationMetadataId":"d5b97060-e3d8-4bf4-a69f-240b8e67abc6"},"type":"AppendToArrayVariable","inputs":{"name":"1行分の配列（Keyあり）","value":{"@{outputs('作成-ヘッダー項目を配列化')?[variables('ループカウンター（1列単位）')]}":"@{variables('1行分の配列（Keyなし）')?[variables('ループカウンター（1列単位）')]}"}}}},"runAfter":{"変数の設定-ループカウンター（1列単位）をリセットする":["Succeeded"]},"metadata":{"operationMetadataId":"71ebc9bc-25e3-4faf-b3ff-a76c131896ce"},"type":"Foreach"},"作成-JSON_Dictionaryを作る":{"runAfter":{"Apply_to_each_-行内の項目数で繰り返し処理":["Succeeded"]},"metadata":{"operationMetadataId":"4b5ba22e-52bd-42c9-97c2-10bb657e74e0"},"type":"Compose","inputs":"@json(concat('{',replace(replace(replace(replace(string(variables('1行分の配列（Keyあり）')),'{',''),'}',''),'[',''),']',''),'}'))"},"配列変数に追加-CSVの全行を取り込んだ配列（Keyあり）に要素を追加":{"runAfter":{"作成-JSON_Dictionaryを作る":["Succeeded"]},"metadata":{"operationMetadataId":"63fbf4ce-deb0-41e3-832f-c96960bb7612"},"type":"AppendToArrayVariable","inputs":{"name":"CSVの全行を取り込んだ配列（Keyあり）","value":"@outputs('作成-JSON_Dictionaryを作る')"}}},"runAfter":{"変数を初期化する-ループカウンター（1列単位）":["Succeeded"]},"metadata":{"operationMetadataId":"56d21569-9435-4868-92d0-ac67a4762155"},"type":"Foreach"},"変数を初期化する-ループカウンター（1列単位）":{"runAfter":{"変数を初期化する-ループカウンター（1文字単位）":["Succeeded"]},"metadata":{"operationMetadataId":"4b0c5a0e-4a10-439d-9846-d9261912c6d9"},"type":"InitializeVariable","inputs":{"variables":[{"name":"ループカウンター（1列単位）","type":"integer","value":0}]}},"変数を初期化する-1行分の配列（Keyあり）":{"runAfter":{"変数を初期化する-1行分の配列（Keyなし）":["Succeeded"]},"metadata":{"operationMetadataId":"3cf410d7-98b8-4051-8aed-21deb606b38f"},"type":"InitializeVariable","inputs":{"variables":[{"name":"1行分の配列（Keyあり）","type":"array"}]}},"作成-CSVの中身を改行で区切って配列にする":{"runAfter":{"ファイル_コンテンツの取得":["Succeeded"]},"metadata":{"operationMetadataId":"4bfcc7ea-0962-4eb1-b71c-3695773c7265"},"type":"Compose","inputs":"@split(outputs('ファイル_コンテンツの取得')?['body'], decodeUriComponent('%0D%0A'))"},"アレイのフィルター処理-空白の行を排除":{"runAfter":{"作成-CSVの中身を改行で区切って配列にする":["Succeeded"]},"metadata":{"operationMetadataId":"9cbb9505-e489-49f8-b0a5-c4af14a5b364"},"type":"Query","inputs":{"from":"@outputs('作成-CSVの中身を改行で区切って配列にする')","where":"@equals(empty(item()), false)"}},"変数を初期化する-CSVの全行を取り込んだ配列（Keyあり）":{"runAfter":{"作成-CSVの全行から値を表す行（本文）を取得":["Succeeded"]},"metadata":{"operationMetadataId":"163fbd4d-4790-4fcb-b814-dcf428e74879"},"type":"InitializeVariable","inputs":{"variables":[{"name":"CSVの全行を取り込んだ配列（Keyあり）","type":"array"}]}},"Apply_to_each-SharePointリストアイテムを作成":{"foreach":"@variables('CSVの全行を取り込んだ配列（Keyあり）')","actions":{"項目の作成":{"runAfter":{},"metadata":{"operationMetadataId":"f6559c12-fdd5-475d-9c24-cc5de0275337"},"type":"OpenApiConnection","inputs":{"host":{"apiId":"/providers/Microsoft.PowerApps/apis/shared_sharepointonline","connectionName":"shared_sharepointonline_1","operationId":"PostItem"},"parameters":{"dataset":"https://m365x000309.sharepoint.com/sites/20220722","table":"fe3c9c78-8297-4303-a120-dc50007a19ee","item/Title":"@items('Apply_to_each-SharePointリストアイテムを作成')?['書籍名']","item/field_1":"@items('Apply_to_each-SharePointリストアイテムを作成')?['著者名']","item/field_2":"@items('Apply_to_each-SharePointリストアイテムを作成')?['出版日']","item/field_3":"@items('Apply_to_each-SharePointリストアイテムを作成')?['価格']"},"authentication":{"value":"@json(decodeBase64(triggerOutputs().headers['X-MS-APIM-Tokens']))['$ConnectionKey']","type":"Raw"}}}},"runAfter":{"作成-CSVの全行を取り込んだ配列（Keyあり）を表示":["Succeeded"]},"metadata":{"operationMetadataId":"ddbf4353-2c16-46e6-950e-775316154972"},"type":"Foreach"}}},"connectionReferences":{"shared_onedriveforbusiness":{"connectionName":"shared-onedriveforbu-ca7ba3ee-97d0-43d1-b3cd-a71fa6eda046","source":"Invoker","id":"/providers/Microsoft.PowerApps/apis/shared_onedriveforbusiness","tier":"NotSpecified"},"shared_sharepointonline_1":{"connectionName":"shared-sharepointonl-5472558e-11c9-4f88-b2b9-5274c0a1b31b","source":"Invoker","id":"/providers/Microsoft.PowerApps/apis/shared_sharepointonline","tier":"NotSpecified"}},"flowFailureAlertSubscribed":false,"isManaged":false}}