{"name":"c869caec-ae4b-4230-b335-5569ca1fe9f6","id":"/providers/Microsoft.Flow/flows/c869caec-ae4b-4230-b335-5569ca1fe9f6","type":"Microsoft.Flow/flows","properties":{"apiId":"/providers/Microsoft.PowerApps/apis/shared_logicflows","displayName":"チーム一覧を取得","definition":{"metadata":{"workflowEntityId":null,"processAdvisorMetadata":null,"flowclientsuspensionreason":"None","flowclientsuspensiontime":null,"creator":{"id":"350bd895-8fff-465e-b2ce-f3943b7d2b43","type":"User","tenantId":"688cdea3-eec2-4ad7-b65b-3b2b2e535888"},"provisioningMethod":"FromDefinition","failureAlertSubscription":true,"clientLastModifiedTime":"2022-06-05T01:20:47.1698954Z"},"$schema":"https://schema.management.azure.com/providers/Microsoft.Logic/schemas/2016-06-01/workflowdefinition.json#","contentVersion":"1.0.0.0","parameters":{"$connections":{"defaultValue":{},"type":"Object"},"$authentication":{"defaultValue":{},"type":"SecureObject"}},"triggers":{"manual":{"metadata":{"operationMetadataId":"07a6b34a-e20a-43e9-86a4-427e9ffb4d38"},"type":"Request","kind":"Button","inputs":{"schema":{"type":"object","properties":{},"required":[]}}}},"actions":{"選択":{"runAfter":{"アレイのフィルター処理-チームに紐づくグループのみを取得":["Succeeded"]},"metadata":{"operationMetadataId":"ba94df46-187b-4ce7-80e0-c90c8b7cfc60"},"type":"Select","inputs":{"from":"@body('アレイのフィルター処理-チームに紐づくグループのみを取得')","select":{"displayName":"@item()?['displayName']","mail":"@item()?['mail']","visibility":"@item()?['visibility']","createdDateTime":"@convertTimeZone(item()?['createdDateTime'], 'UTC', 'Tokyo Standard Time', 'yyyy/MM/dd HH:mm:ss')","Id":"@item()?['Id']"}}},"変数を初期化する-リクエスト先URI":{"runAfter":{"変数を初期化する-Microsoft365グループ":["Succeeded"]},"metadata":{"operationMetadataId":"e9301258-4366-4c43-8958-d536b6048c88"},"type":"InitializeVariable","inputs":{"variables":[{"name":"リクエスト先URI","type":"string","value":"https://graph.microsoft.com/beta/groups"}]}},"変数を初期化する-Microsoft365グループ":{"runAfter":{},"metadata":{"operationMetadataId":"9804c8f1-4967-4eb1-ae39-9a049fda817e"},"type":"InitializeVariable","inputs":{"variables":[{"name":"Microsoft365グループ","type":"array"}]}},"スコープ-OneDriveにCSV保存してチャットで保存先を通知する":{"actions":{"マイ_プロフィールの取得_(V2)":{"runAfter":{"変数の設定-チャットの本文":["Succeeded"]},"metadata":{"operationMetadataId":"c31bd169-1d5e-40d9-91ae-a0e49c1813d9"},"type":"OpenApiConnection","inputs":{"host":{"apiId":"/providers/Microsoft.PowerApps/apis/shared_office365users","connectionName":"shared_office365users_1","operationId":"MyProfile_V2"},"parameters":{},"authentication":{"value":"@json(decodeBase64(triggerOutputs().headers['X-MS-APIM-Tokens']))['$ConnectionKey']","type":"Raw"}}},"チャットまたはチャネルでメッセージを投稿する":{"runAfter":{"マイ_プロフィールの取得_(V2)":["Succeeded"]},"metadata":{"operationMetadataId":"2e23e97c-97ab-4744-8785-dbb67e7cbbeb"},"type":"OpenApiConnection","inputs":{"host":{"apiId":"/providers/Microsoft.PowerApps/apis/shared_teams","connectionName":"shared_teams_1","operationId":"PostMessageToConversation"},"parameters":{"poster":"Flow bot","location":"Chat with Flow bot","body/recipient":"@{outputs('マイ_プロフィールの取得_(V2)')?['body/mail']};","body/messageBody":"<p>@{variables('チャットの本文')}</p>"},"authentication":{"value":"@json(decodeBase64(triggerOutputs().headers['X-MS-APIM-Tokens']))['$ConnectionKey']","type":"Raw"}}},"変数の設定-チャットの本文":{"runAfter":{"共有リンクを作成する":["Succeeded"]},"metadata":{"operationMetadataId":"e13fc81b-e40a-4769-9408-af184e988f29"},"type":"SetVariable","inputs":{"name":"チャットの本文","value":"テナント内のすべてのチームをCSV形式でエクスポートしました。<br>\n<br>\n【CSVの保存先パス】<br>\n<a href=\"@{outputs('共有リンクを作成する')?['body/WebUrl']}\">CSVを開く</a><br>"}},"共有リンクを作成する":{"runAfter":{"ファイルの作成":["Succeeded"]},"metadata":{"operationMetadataId":"1ea5ae58-9988-4322-a21e-b09c30a2e772"},"type":"OpenApiConnection","inputs":{"host":{"apiId":"/providers/Microsoft.PowerApps/apis/shared_onedriveforbusiness","connectionName":"shared_onedriveforbusiness_1","operationId":"CreateShareLinkV2"},"parameters":{"id":"@outputs('ファイルの作成')?['body/Id']","type":"View","scope":"Organization"},"authentication":{"value":"@json(decodeBase64(triggerOutputs().headers['X-MS-APIM-Tokens']))['$ConnectionKey']","type":"Raw"}}},"ファイルの作成":{"runAfter":{},"metadata":{"operationMetadataId":"c9974402-b1de-4ef3-8795-cc2e22a98e31"},"type":"OpenApiConnection","inputs":{"host":{"apiId":"/providers/Microsoft.PowerApps/apis/shared_onedriveforbusiness","connectionName":"shared_onedriveforbusiness_1","operationId":"CreateFile"},"parameters":{"folderPath":"/チーム一覧を取得","name":"@{convertTimeZone(utcNow(), 'UTC', 'Tokyo Standard Time', 'yyyyMMdd_HHmm')}.csv","body":"@concat(decodeUriComponent('%EF%BB%BF'),body('CSV_テーブルの作成'))"},"authentication":{"value":"@json(decodeBase64(triggerOutputs().headers['X-MS-APIM-Tokens']))['$ConnectionKey']","type":"Raw"}},"runtimeConfiguration":{"contentTransfer":{"transferMode":"Chunked"}}}},"runAfter":{"変数を初期化する-チャットの本文":["Succeeded"]},"metadata":{"operationMetadataId":"a468edb0-7f7b-4315-be0f-93c4770535f5"},"type":"Scope"},"変数を初期化する-チャットの本文":{"runAfter":{"CSV_テーブルの作成":["Succeeded"]},"metadata":{"operationMetadataId":"5cb7843e-9bfd-4b5b-9fa7-0f3bc1f97426"},"type":"InitializeVariable","inputs":{"variables":[{"name":"チャットの本文","type":"string"}]}},"CSV_テーブルの作成":{"runAfter":{"選択":["Succeeded"]},"metadata":{"operationMetadataId":"bf967d90-f788-4fad-9788-2e3a91f61976"},"type":"Table","inputs":{"from":"@body('選択')","format":"CSV"}},"アレイのフィルター処理-チームに紐づくグループのみを取得":{"runAfter":{"Do_until-テナント内のグループをすべて取得":["Succeeded"]},"metadata":{"operationMetadataId":"04ebc904-1ca7-48e8-b3e5-2b93414c72ce"},"type":"Query","inputs":{"from":"@variables('Microsoft365グループ')","where":"@equals(empty(item()?['resourceProvisioningOptions']), false)"}},"Do_until-テナント内のグループをすべて取得":{"actions":{"HTTP_要求を送信します":{"runAfter":{},"limit":{"timeout":"P1D"},"metadata":{"operationMetadataId":"b5c2a423-cc34-460b-af3a-0808cbfeaaa9"},"type":"OpenApiConnection","inputs":{"host":{"apiId":"/providers/Microsoft.PowerApps/apis/shared_office365groups","connectionName":"shared_office365groups","operationId":"HttpRequest"},"parameters":{"Uri":"@variables('リクエスト先URI')","Method":"GET","ContentType":"application/json"},"authentication":{"value":"@json(decodeBase64(triggerOutputs().headers['X-MS-APIM-Tokens']))['$ConnectionKey']","type":"Raw"}}},"作成-APIから返されたグループを変数にマージする":{"runAfter":{"HTTP_要求を送信します":["Succeeded"]},"metadata":{"operationMetadataId":"0059d490-f85c-43a8-abeb-29bb60e3688c"},"type":"Compose","inputs":"@union(variables('Microsoft365グループ'),body('HTTP_要求を送信します')?['value'])"},"変数の設定-Microsoft365グループ":{"runAfter":{"作成-APIから返されたグループを変数にマージする":["Succeeded"]},"metadata":{"operationMetadataId":"0d34a6f3-c877-4758-b71e-f742ca944bec"},"type":"SetVariable","inputs":{"name":"Microsoft365グループ","value":"@outputs('作成-APIから返されたグループを変数にマージする')"}},"条件-APIからNextLinkが提示されていないか":{"actions":{"変数の設定-リクエスト先URI_2":{"runAfter":{},"metadata":{"operationMetadataId":"41a3af95-8520-49ae-a652-5442e6a6543e"},"type":"SetVariable","inputs":{"name":"リクエスト先URI","value":"@{null}"}}},"runAfter":{"変数の設定-Microsoft365グループ":["Succeeded"]},"else":{"actions":{"変数の設定-リクエスト先URI":{"runAfter":{},"metadata":{"operationMetadataId":"41a3af95-8520-49ae-a652-5442e6a6543e"},"type":"SetVariable","inputs":{"name":"リクエスト先URI","value":"@{replace(body('HTTP_要求を送信します')?['@odata.nextLink'],'groups','groups/')}"}}}},"expression":{"equals":["@empty(body('HTTP_要求を送信します')?['@odata.nextLink'])","@true"]},"metadata":{"operationMetadataId":"56cfbc26-ee62-4774-aff4-cf6fdecc9ecc"},"type":"If"}},"runAfter":{"変数を初期化する-リクエスト先URI":["Succeeded"]},"expression":"@equals(empty(variables('リクエスト先URI')), true)","limit":{"count":60,"timeout":"PT1H"},"metadata":{"operationMetadataId":"e69180fc-cbf2-45f9-965a-bf2f9a7a6692"},"type":"Until"}}},"connectionReferences":{"shared_office365users_1":{"connectionName":"shared-office365user-bbc62fef-29ff-40a9-9c37-376bb0336b9d","source":"Invoker","id":"/providers/Microsoft.PowerApps/apis/shared_office365users","tier":"NotSpecified"},"shared_teams_1":{"connectionName":"shared-teams-6b1d1b48-f86f-45e3-86b5-22c06adbb851","source":"Invoker","id":"/providers/Microsoft.PowerApps/apis/shared_teams","tier":"NotSpecified"},"shared_onedriveforbusiness_1":{"connectionName":"shared-onedriveforbu-ca7ba3ee-97d0-43d1-b3cd-a71fa6eda046","source":"Invoker","id":"/providers/Microsoft.PowerApps/apis/shared_onedriveforbusiness","tier":"NotSpecified"},"shared_office365groups":{"connectionName":"shared-office365grou-8a147f7c-06d1-4677-b39e-a607797cf056","source":"Invoker","id":"/providers/Microsoft.PowerApps/apis/shared_office365groups","tier":"NotSpecified"}},"flowFailureAlertSubscribed":false,"isManaged":false}}