{"name":"c4904075-fa06-48e3-9990-bb6401ab9bf8","id":"/providers/Microsoft.Flow/flows/c4904075-fa06-48e3-9990-bb6401ab9bf8","type":"Microsoft.Flow/flows","properties":{"apiId":"/providers/Microsoft.PowerApps/apis/shared_logicflows","displayName":"スレッドでの発言者とグループチャットを開始する","definition":{"metadata":{"workflowEntityId":null,"processAdvisorMetadata":null,"flowclientsuspensionreason":"None","flowclientsuspensiontime":null,"flowclientsuspensionreasondetails":null,"creator":{"id":"4a4a76fc-3a14-4340-98f0-54fa153de806","type":"User","tenantId":"81aef3cb-2cfc-44d3-ac59-1bb45d66f910"},"provisioningMethod":"FromDefinition","failureAlertSubscription":true,"clientLastModifiedTime":"2023-01-11T14:42:45.4250184Z"},"$schema":"https://schema.management.azure.com/providers/Microsoft.Logic/schemas/2016-06-01/workflowdefinition.json#","contentVersion":"1.0.0.0","parameters":{"$connections":{"defaultValue":{},"type":"Object"},"$authentication":{"defaultValue":{},"type":"SecureObject"}},"triggers":{"manual":{"splitOn":"@triggerBody()['rows']","metadata":{"operationMetadataId":"70d61e7e-60ab-41e2-8ded-224f71e1b316","flowSystemMetadata":{"swaggerOperationId":"ForASelectedMessage","taskModuleWidth":null,"taskModuleHeight":null,"inputsAdaptiveCard":"{}"}},"type":"Request","kind":"ApiConnection","inputs":{"schema":{"type":"object","properties":{"rows":{"type":"array","items":{"type":"object","properties":{"entity":{"type":"object","properties":{"teamsFlowRunContext":{"type":"object","properties":{"channelData":{"type":"object","properties":{"team":{"type":"object","properties":{"aadGroupId":{"title":"チーム ID","type":"string"}},"required":[]},"channel":{"type":"object","properties":{"id":{"title":"チャネル ID","type":"string"}},"required":[]}},"required":[]},"messagePayload":{"type":"object","properties":{"id":{"title":"メッセージ ID","type":"string"},"subject":{"title":"メッセージの件名","type":"string"}},"required":[]},"from":{"title":"from","type":"object","properties":{"aadObjectId":{"title":"操作元ユーザーの ID","type":"string"}},"required":[]}}}},"required":["teamsFlowRunContext"]}},"required":["entity"]}}},"required":["rows"]},"host":{"connection":{"name":"@parameters('$connections')['shared_teams']['connectionId']"},"api":{"runtimeUrl":"https://japan-001.azure-apim.net/apim/teams"}},"operationId":"ForASelectedMessage","parameters":{"inputsAdaptiveCard":"{}"}}}},"actions":{"変数を初期化する-投稿一覧":{"runAfter":{},"metadata":{"operationMetadataId":"7cbc9f71-27bf-4a5f-875d-b84401bc608f"},"type":"InitializeVariable","inputs":{"variables":[{"name":"投稿一覧","type":"array"}]}},"Teamsから投稿を取得する":{"actions":{"HTTP_要求を送信します-親の投稿を取得する":{"runAfter":{},"metadata":{"operationMetadataId":"e69f6457-cea9-4525-905f-87d746a29420"},"type":"OpenApiConnection","inputs":{"host":{"apiId":"/providers/Microsoft.PowerApps/apis/shared_office365groups","connectionName":"shared_office365groups","operationId":"HttpRequest"},"parameters":{"Uri":"https://graph.microsoft.com/beta/teams/@{triggerBody()?['entity']?['teamsFlowRunContext']?['channelData']?['team']?['aadGroupId']}/channels/@{triggerBody()?['entity']?['teamsFlowRunContext']?['channelData']?['channel']?['id']}/messages/@{triggerBody()?['entity']?['teamsFlowRunContext']?['messagePayload']?['id']}","Method":"GET","ContentType":"application/json"},"authentication":{"value":"@json(decodeBase64(triggerOutputs().headers['X-MS-APIM-Tokens']))['$ConnectionKey']","type":"Raw"}}},"配列変数に追加-親の投稿を配列に追加する":{"runAfter":{"HTTP_要求を送信します-親の投稿を取得する":["Succeeded"]},"metadata":{"operationMetadataId":"ae0cd79d-c8d3-4bc6-af46-c589efb0733a"},"type":"AppendToArrayVariable","inputs":{"name":"投稿一覧","value":"@body('HTTP_要求を送信します-親の投稿を取得する')"}}},"runAfter":{"変数を初期化する-投稿一覧":["Succeeded"]},"metadata":{"operationMetadataId":"944c35e1-f4d5-497f-b03f-9177c3473359"},"type":"Scope"},"Do_until-返信をすべて取得する":{"actions":{"Apply_to_each-返信を配列に追加する":{"foreach":"@body('HTTP_要求を送信します-返信を取得する')?['value']","actions":{"配列変数に追加-返信を配列に追加する":{"runAfter":{},"metadata":{"operationMetadataId":"388f866d-6d65-4f59-ab70-65fbb3e41c72"},"type":"AppendToArrayVariable","inputs":{"name":"投稿一覧","value":"@item()"}}},"runAfter":{"HTTP_要求を送信します-返信を取得する":["Succeeded"]},"metadata":{"operationMetadataId":"83850b40-2579-4aa2-9d9d-f1e87448be5c"},"type":"Foreach"},"HTTP_要求を送信します-返信を取得する":{"runAfter":{},"metadata":{"operationMetadataId":"b5c2a423-cc34-460b-af3a-0808cbfeaaa9"},"type":"OpenApiConnection","inputs":{"host":{"apiId":"/providers/Microsoft.PowerApps/apis/shared_office365groups","connectionName":"shared_office365groups","operationId":"HttpRequest"},"parameters":{"Uri":"@variables('リクエスト先URI')","Method":"GET","ContentType":"application/json"},"authentication":{"value":"@json(decodeBase64(triggerOutputs().headers['X-MS-APIM-Tokens']))['$ConnectionKey']","type":"Raw"}}},"変数の設定-リクエスト先URI":{"runAfter":{"Apply_to_each-返信を配列に追加する":["Succeeded"]},"metadata":{"operationMetadataId":"41a3af95-8520-49ae-a652-5442e6a6543e"},"type":"SetVariable","inputs":{"name":"リクエスト先URI","value":"@{body('HTTP_要求を送信します-返信を取得する')?['@odata.nextLink']}"}}},"runAfter":{"変数を初期化する-リクエスト先URI":["Succeeded"]},"expression":"@equals(empty(variables('リクエスト先URI')), true)","limit":{"count":60,"timeout":"PT1H"},"metadata":{"operationMetadataId":"e69180fc-cbf2-45f9-965a-bf2f9a7a6692"},"type":"Until"},"変数を初期化する-リクエスト先URI":{"runAfter":{"Teamsから投稿を取得する":["Succeeded"]},"metadata":{"operationMetadataId":"e9301258-4366-4c43-8958-d536b6048c88"},"type":"InitializeVariable","inputs":{"variables":[{"name":"リクエスト先URI","type":"string","value":"https://graph.microsoft.com/beta/teams/@{triggerBody()?['entity']?['teamsFlowRunContext']?['channelData']?['team']?['aadGroupId']}/channels/@{triggerBody()?['entity']?['teamsFlowRunContext']?['channelData']?['channel']?['id']}/messages/@{triggerBody()?['entity']?['teamsFlowRunContext']?['messagePayload']?['id']}/replies"}]}},"選択-「親の投稿」と返信それぞれの投稿者IDの一覧":{"runAfter":{"Do_until-返信をすべて取得する":["Succeeded"]},"metadata":{"operationMetadataId":"09493ac0-eeda-4b3b-ad3d-ae9eaf2547eb"},"type":"Select","inputs":{"from":"@variables('投稿一覧')","select":"@item()?['from']?['user']?['id']"}},"作成-重複を排除":{"runAfter":{"作成-チャットのタイトル":["Succeeded"]},"metadata":{"operationMetadataId":"1ae73ae4-3348-4e6a-946c-55664fcc9e94"},"type":"Compose","inputs":"@union(body('選択-「親の投稿」と返信それぞれの投稿者IDの一覧'),body('選択-「親の投稿」と返信それぞれの投稿者IDの一覧'))"},"チャットの作成":{"runAfter":{"作成-重複を排除":["Succeeded"]},"metadata":{"operationMetadataId":"52f00bdd-9696-4e7a-8029-1971bd9c10b7"},"type":"OpenApiConnection","inputs":{"host":{"apiId":"/providers/Microsoft.PowerApps/apis/shared_teams","connectionName":"shared_teams","operationId":"CreateChat"},"parameters":{"item/members":"@join(outputs('作成-重複を排除'),';')","item/topic":"@triggerBody()?['entity']?['teamsFlowRunContext']?['messagePayload']?['subject']"},"authentication":{"value":"@json(decodeBase64(triggerOutputs().headers['X-MS-APIM-Tokens']))['$ConnectionKey']","type":"Raw"}}},"作成-チャットのタイトル":{"runAfter":{"選択-「親の投稿」と返信それぞれの投稿者IDの一覧":["Succeeded"]},"metadata":{"operationMetadataId":"9182105e-d737-41e2-92e8-60e52e55311d"},"type":"Compose","inputs":"@if\r\n(\r\n    empty\r\n    (\r\n        triggerBody()?['entity']?['teamsFlowRunContext']?['messagePayload']?['subject']\r\n    )\r\n    ,\r\n    null\r\n    ,\r\n    triggerBody()?['entity']?['teamsFlowRunContext']?['messagePayload']?['subject']\r\n)"},"作成-チャットの本文":{"runAfter":{"チャットの作成":["Succeeded"]},"metadata":{"operationMetadataId":"f96994d8-7ed6-41d4-8447-031a88983935"},"type":"Compose","inputs":"指定したスレッドからグループチャットを作成しました。\n\n【元のスレッド】\n<a href=\"@{triggerBody()?['entity']?['teamsFlowRunContext']?['messagePayload']?['linkToMessage']}\">スレッドを開く</a>"},"チャットまたはチャネルでメッセージを投稿する":{"runAfter":{"作成-チャットの本文":["Succeeded"]},"metadata":{"operationMetadataId":"1cc70ade-cfa4-4e4d-ae53-aa5cb4ebd3cc"},"type":"OpenApiConnection","inputs":{"host":{"apiId":"/providers/Microsoft.PowerApps/apis/shared_teams","connectionName":"shared_teams","operationId":"PostMessageToConversation"},"parameters":{"poster":"Flow bot","location":"Group chat","body/recipient":"@outputs('チャットの作成')?['body/id']","body/messageBody":"<p>@{replace(outputs('作成-チャットの本文'),decodeUriComponent('%0A'),'<br/>')}</p>"},"authentication":{"value":"@json(decodeBase64(triggerOutputs().headers['X-MS-APIM-Tokens']))['$ConnectionKey']","type":"Raw"}}}}},"connectionReferences":{"shared_teams":{"connectionName":"shared-teams-d9071561-66c8-4ab3-9d55-9067bb4438ac","source":"Invoker","id":"/providers/Microsoft.PowerApps/apis/shared_teams","tier":"NotSpecified"},"shared_office365groups":{"connectionName":"a32d8162535a49e8a044eedac31a6e50","source":"Invoker","id":"/providers/Microsoft.PowerApps/apis/shared_office365groups","tier":"NotSpecified"}},"flowFailureAlertSubscribed":false,"isManaged":false}}