{"name":"ee802672-0b49-43cf-8e68-9c50a46a6ef4","id":"/providers/Microsoft.Flow/flows/ee802672-0b49-43cf-8e68-9c50a46a6ef4","type":"Microsoft.Flow/flows","properties":{"apiId":"/providers/Microsoft.PowerApps/apis/shared_logicflows","displayName":"メンション先のメンバーとチャットを開始","definition":{"metadata":{"workflowEntityId":null,"processAdvisorMetadata":null,"flowChargedByPaygo":null,"flowclientsuspensionreason":"None","flowclientsuspensiontime":null,"flowclientsuspensionreasondetails":null,"creator":{"id":"4a4a76fc-3a14-4340-98f0-54fa153de806","type":"User","tenantId":"81aef3cb-2cfc-44d3-ac59-1bb45d66f910"},"provisioningMethod":"FromDefinition","failureAlertSubscription":true,"clientLastModifiedTime":"2023-12-18T14:52:34.5255637Z","connectionKeySavedTimeKey":"2023-12-18T14:52:34.5255637Z"},"$schema":"https://schema.management.azure.com/providers/Microsoft.Logic/schemas/2016-06-01/workflowdefinition.json#","contentVersion":"1.0.0.0","parameters":{"$connections":{"defaultValue":{},"type":"Object"},"$authentication":{"defaultValue":{},"type":"SecureObject"}},"triggers":{"manual":{"metadata":{"operationMetadataId":"e28d37b4-9f3b-4c5d-b6eb-0420451dc822","flowSystemMetadata":{"swaggerOperationId":"ForASelectedMessageV2","taskModuleWidth":null,"taskModuleHeight":null,"inputsAdaptiveCard":"{}"}},"type":"Request","kind":"ApiConnection","inputs":{"schema":{"type":"object","properties":{"teamsFlowRunContext":{"type":"object","properties":{"messagePayload":{"type":"object","properties":{"id":{"title":"メッセージ ID","type":"string"},"linkToMessage":{"title":"メッセージへのリンク","type":"string"}},"required":[]},"conversation":{"type":"object","properties":{"id":{"title":"会話 ID","type":"string"}},"required":[]}}}},"required":["teamsFlowRunContext"]},"host":{"connection":{"name":"@parameters('$connections')['shared_teams']['connectionId']"},"api":{"runtimeUrl":"https://japan-001.azure-apim.net/apim/teams"}},"operationId":"ForASelectedMessageV2","parameters":{"inputsAdaptiveCard":"{}"}}}},"actions":{"メッセージ詳細を取得する":{"runAfter":{},"metadata":{"operationMetadataId":"7efdebc4-49c2-4556-b167-b131199ed8cf"},"type":"OpenApiConnection","inputs":{"host":{"apiId":"/providers/Microsoft.PowerApps/apis/shared_teams","connectionName":"shared_teams","operationId":"GetMessageDetails"},"parameters":{"messageId":"@triggerBody()?['teamsFlowRunContext']?['messagePayload']?['id']","threadType":"groupchat","body/recipient":"@triggerBody()?['teamsFlowRunContext']?['conversation']?['id']"},"authentication":{"value":"@json(decodeBase64(triggerOutputs().headers['X-MS-APIM-Tokens']))['$ConnectionKey']","type":"Raw"}}},"選択-メンション先のidを一覧取得":{"runAfter":{"メッセージ詳細を取得する":["Succeeded"]},"metadata":{"operationMetadataId":"62c391de-6852-43e0-8dd0-5380c2d03b8c"},"type":"Select","inputs":{"from":"@outputs('メッセージ詳細を取得する')?['body/mentions']","select":"@item()['mentioned/user/id']"}},"チャットの作成":{"runAfter":{"選択-メンション先のidを一覧取得":["Succeeded"]},"metadata":{"operationMetadataId":"004f0ba3-f1d3-4335-8ca2-1b0ba58d9c34"},"type":"OpenApiConnection","inputs":{"host":{"apiId":"/providers/Microsoft.PowerApps/apis/shared_teams","connectionName":"shared_teams","operationId":"CreateChat"},"parameters":{"item/members":"@join(body('選択-メンション先のidを一覧取得'), ';')"},"authentication":{"value":"@json(decodeBase64(triggerOutputs().headers['X-MS-APIM-Tokens']))['$ConnectionKey']","type":"Raw"}}},"作成-チャットの本文":{"runAfter":{"チャットの作成":["Succeeded"]},"metadata":{"operationMetadataId":"ca5686ec-6e73-40b1-a94b-ead1d86a052f"},"type":"Compose","inputs":"指定した投稿でメンションされたひととのグループチャットを作成しました。\n\n【元のスレッド】\n<a href=\"@{triggerBody()?['teamsFlowRunContext']?['messagePayload']?['linkToMessage']}\">スレッドを開く</a>"},"チャットまたはチャネルでメッセージを投稿する":{"runAfter":{"作成-チャットの本文":["Succeeded"]},"metadata":{"operationMetadataId":"b83d655b-ccfd-4c0f-8de8-a9ee2cc09c0b"},"type":"OpenApiConnection","inputs":{"host":{"apiId":"/providers/Microsoft.PowerApps/apis/shared_teams","connectionName":"shared_teams","operationId":"PostMessageToConversation"},"parameters":{"poster":"Flow bot","location":"Group chat","body/recipient":"@outputs('チャットの作成')?['body/id']","body/messageBody":"<p>@{replace(outputs('作成-チャットの本文'), decodeUriComponent('%0A'), '<br/>')}</p>"},"authentication":{"value":"@json(decodeBase64(triggerOutputs().headers['X-MS-APIM-Tokens']))['$ConnectionKey']","type":"Raw"}}}},"outputs":{}},"connectionReferences":{"shared_teams":{"connectionName":"shared-teams-d9071561-66c8-4ab3-9d55-9067bb4438ac","source":"Invoker","id":"/providers/Microsoft.PowerApps/apis/shared_teams","tier":"NotSpecified"}},"flowFailureAlertSubscribed":false,"isManaged":false}}