{"name":"69bc9eba-4ca4-4db1-8313-3997d289fc89","id":"/providers/Microsoft.Flow/flows/69bc9eba-4ca4-4db1-8313-3997d289fc89","type":"Microsoft.Flow/flows","properties":{"apiId":"/providers/Microsoft.PowerApps/apis/shared_logicflows","displayName":"ExcelのテーブルをCrearCollect関数の実行文に変換する","definition":{"metadata":{"workflowEntityId":null,"processAdvisorMetadata":null,"flowclientsuspensionreason":"None","flowclientsuspensiontime":null,"flowclientsuspensionreasondetails":null,"creator":{"id":"350bd895-8fff-465e-b2ce-f3943b7d2b43","type":"User","tenantId":"688cdea3-eec2-4ad7-b65b-3b2b2e535888"},"provisioningMethod":"FromDefinition","failureAlertSubscription":true,"clientLastModifiedTime":"2022-07-23T09:21:47.1572053Z"},"$schema":"https://schema.management.azure.com/providers/Microsoft.Logic/schemas/2016-06-01/workflowdefinition.json#","contentVersion":"1.0.0.0","parameters":{"$connections":{"defaultValue":{},"type":"Object"},"$authentication":{"defaultValue":{},"type":"SecureObject"}},"triggers":{"manual":{"metadata":{"operationMetadataId":"6f7de8bb-fd8d-4cf0-a5c8-4e6a5f907694"},"type":"Request","kind":"Button","inputs":{"schema":{"type":"object","properties":{},"required":[]}}}},"actions":{"表内に存在する行を一覧表示":{"runAfter":{},"metadata":{"01KOUOXOZUI3QRDU647ZF3QGHSK3BUGMSD":"/テーブルからコレクションコードを作成/書籍一覧.xlsx","operationMetadataId":"6900927a-5097-476e-b146-f196c9b1ab25","tableId":"{00000000-000C-0000-FFFF-FFFF00000000}"},"type":"OpenApiConnection","inputs":{"host":{"apiId":"/providers/Microsoft.PowerApps/apis/shared_excelonlinebusiness","connectionName":"shared_excelonlinebusiness","operationId":"GetItems"},"parameters":{"source":"me","drive":"b!Rl6cMfndukyvuIu02Uqp83sQnUpEbu9Pt8ZBsBTiBIB5BzB5cEj8T7keA7DDdDhm","file":"01KOUOXOZUI3QRDU647ZF3QGHSK3BUGMSD","table":"{00000000-000C-0000-FFFF-FFFF00000000}"},"authentication":{"value":"@json(decodeBase64(triggerOutputs().headers['X-MS-APIM-Tokens']))['$ConnectionKey']","type":"Raw"}}},"作成-プロパティ名についているダブルクォーテーションを削除":{"runAfter":{"作成-コレクションコードを生成":["Succeeded"]},"metadata":{"operationMetadataId":"0cfa7d3c-3a53-4e22-bf79-885bfde9490a"},"type":"Compose","inputs":"@replace(replace(replace(outputs('作成-コレクションコードを生成'),'{\"','{'),'\":',':'),',\"',',')"},"作成-コレクション名":{"runAfter":{"Apply_to_each-各行の不要なプロパティを削除":["Succeeded"]},"metadata":{"operationMetadataId":"1835cbfd-844b-4ba1-b6fb-6e53a0590df3"},"type":"Compose","inputs":"SampleCollection"},"作成-配列の括弧を削除":{"runAfter":{"作成-コレクション名":["Succeeded"]},"metadata":{"operationMetadataId":"ccca60a3-c5d6-4c50-bea8-67cfb61fc7c2"},"type":"Compose","inputs":"@replace(replace(string(variables('テーブルから取得したデータ')),'[',''),']','')"},"作成-コレクションコードを生成":{"runAfter":{"作成-配列の括弧を削除":["Succeeded"]},"metadata":{"operationMetadataId":"d06a7c0f-1c37-4a46-8ad4-4a2579aa4590"},"type":"Compose","inputs":"ClearCollect(@{outputs('作成-コレクション名')},@{outputs('作成-配列の括弧を削除')})"},"Apply_to_each-各行の不要なプロパティを削除":{"foreach":"@outputs('表内に存在する行を一覧表示')?['body/value']","actions":{"配列変数に追加-「@odata.etag」と「ItemInternalId」を削除済み":{"runAfter":{},"metadata":{"operationMetadataId":"fba54f9e-b8e6-412a-86cd-30daae973cab"},"type":"AppendToArrayVariable","inputs":{"name":"テーブルから取得したデータ","value":"@removeProperty(removeProperty(json(replace(string(item()),'@odata.etag','@odataetag')),'@odataetag'),'ItemInternalId')"}}},"runAfter":{"変数を初期化する-テーブルから取得したデータ":["Succeeded"]},"metadata":{"operationMetadataId":"17678f99-0413-4597-8195-4a1434345ba1"},"type":"Foreach"},"変数を初期化する-テーブルから取得したデータ":{"runAfter":{"表内に存在する行を一覧表示":["Succeeded"]},"metadata":{"operationMetadataId":"80900db1-1459-43a8-a50f-5b92b4148bc8"},"type":"InitializeVariable","inputs":{"variables":[{"name":"テーブルから取得したデータ","type":"array"}]}}}},"connectionReferences":{"shared_excelonlinebusiness":{"connectionName":"a9d7ac5865354ca883ee33f22e58ce4d","source":"Invoker","id":"/providers/Microsoft.PowerApps/apis/shared_excelonlinebusiness","tier":"NotSpecified"}},"flowFailureAlertSubscribed":false,"isManaged":false}}