{
  "properties": {
    "connectionReferences": {
      "shared_teams": {
        "api": {
          "name": "shared_teams"
        },
        "connection": {
          "connectionReferenceLogicalName": "wataruf_sharedteams_f16b8"
        },
        "runtimeSource": "invoker"
      },
      "shared_commondataserviceforapps": {
        "api": {
          "name": "shared_commondataserviceforapps"
        },
        "connection": {
          "connectionReferenceLogicalName": "wataruf_sharedcommondataserviceforapps_2d5c5"
        },
        "runtimeSource": "embedded"
      },
      "shared_teams-1": {
        "api": {
          "name": "shared_teams"
        },
        "connection": {
          "connectionReferenceLogicalName": "wataruf_sharedteams_e5f0f"
        },
        "runtimeSource": "invoker"
      },
      "shared_teams-3": {
        "api": {
          "name": "shared_teams"
        },
        "connection": {
          "connectionReferenceLogicalName": "wataruf_sharedteams_fb179"
        },
        "runtimeSource": "invoker"
      }
    },
    "definition": {
      "$schema": "https://schema.management.azure.com/providers/Microsoft.Logic/schemas/2016-06-01/workflowdefinition.json#",
      "contentVersion": "1.0.0.0",
      "parameters": {
        "$authentication": {
          "defaultValue": {},
          "type": "SecureObject"
        },
        "$connections": {
          "defaultValue": {},
          "type": "Object"
        }
      },
      "triggers": {
        "manual": {
          "type": "Request",
          "kind": "ApiConnection",
          "inputs": {
            "operationId": "ComposeAMessageV2",
            "parameters": {
              "inputsAdaptiveCard": "{\"$schema\":\"http://adaptivecards.io/schemas/adaptive-card.json\",\"type\":\"AdaptiveCard\",\"version\":\"1.3\",\"body\":[{\"type\":\"TextBlock\",\"weight\":\"Bolder\",\"size\":\"Medium\",\"text\":\"議題の指定\"},{\"type\":\"TextBlock\",\"isSubtle\":true,\"wrap\":true,\"text\":\"議題を入力してください。\\n\\n指定された議題に従って討論が行われます。討論は新規に作成されたスレッドで行われます。\"},{\"type\":\"TextBlock\",\"wrap\":true,\"text\":\"議題\"},{\"type\":\"Input.Text\",\"spacing\":\"None\",\"id\":\"topic\",\"placeholder\":\"AI活用の推進について\",\"value\":\"AI活用の推進について\"}],\"actions\":[{\"type\":\"Action.Submit\",\"title\":\"送信\"}],\"-ms-tokens\":{}}"
            },
            "host": {
              "connection": {
                "name": "@parameters('$connections')['shared_teams']['connectionId']"
              }
            },
            "schema": {
              "type": "object",
              "properties": {
                "cardOutputs": {
                  "properties": {
                    "topic": {
                      "title": "topic",
                      "type": "string"
                    }
                  },
                  "required": [],
                  "type": "object"
                },
                "teamsFlowRunContext": {
                  "properties": {
                    "channelData": {
                      "properties": {
                        "team": {
                          "properties": {
                            "aadGroupId": {
                              "title": "チーム ID",
                              "type": "string"
                            }
                          },
                          "required": [],
                          "type": "object"
                        },
                        "channel": {
                          "properties": {
                            "id": {
                              "title": "チャネル ID",
                              "type": "string"
                            }
                          },
                          "required": [],
                          "type": "object"
                        }
                      },
                      "required": [],
                      "type": "object"
                    }
                  },
                  "required": [],
                  "type": "object"
                }
              },
              "required": []
            }
          },
          "metadata": {
            "flowSystemMetadata": {
              "swaggerOperationId": "ComposeAMessageV2",
              "taskModuleWidth": null,
              "taskModuleHeight": null,
              "inputsAdaptiveCard": "{\"$schema\":\"http://adaptivecards.io/schemas/adaptive-card.json\",\"type\":\"AdaptiveCard\",\"version\":\"1.3\",\"body\":[{\"type\":\"TextBlock\",\"weight\":\"Bolder\",\"size\":\"Medium\",\"text\":\"議題の指定\"},{\"type\":\"TextBlock\",\"isSubtle\":true,\"wrap\":true,\"text\":\"議題を入力してください。\\n\\n指定された議題に従って討論が行われます。討論は新規に作成されたスレッドで行われます。\"},{\"type\":\"TextBlock\",\"wrap\":true,\"text\":\"議題\"},{\"type\":\"Input.Text\",\"spacing\":\"None\",\"id\":\"topic\",\"placeholder\":\"AI活用の推進について\",\"value\":\"AI活用の推進について\"}],\"actions\":[{\"type\":\"Action.Submit\",\"title\":\"送信\"}],\"-ms-tokens\":{}}"
            },
            "operationMetadataId": "c098e078-1af2-4b44-bb8d-90e24b6fc068"
          }
        }
      },
      "actions": {
        "GPT_でプロンプトを使用してテキストを作成する": {
          "type": "OpenApiConnection",
          "inputs": {
            "parameters": {
              "recordId": "5e4c1f1d-ee30-4d87-8029-39556d70b1b8",
              "item/requestv2/_8b70_984c": "@triggerBody()?['cardOutputs']?['topic']"
            },
            "host": {
              "apiId": "/providers/Microsoft.PowerApps/apis/shared_commondataserviceforapps",
              "operationId": "aibuilderpredict_customprompt",
              "connectionName": "shared_commondataserviceforapps"
            }
          },
          "runAfter": {
            "作成-チャネルID": [
              "Succeeded"
            ]
          },
          "metadata": {
            "flowSystemMetadata": {
              "portalOperationId": "aibuilderpredict_customprompt",
              "portalOperationGroup": "aibuilder",
              "portalOperationApiDisplayNameOverride": "AI Builder",
              "portalOperationIconOverride": "https://content.powerapps.com/resource/makerx/static/pauto/images/designeroperations/aiBuilderNew.51dbdb6b.png",
              "portalOperationBrandColorOverride": "#0A76C4",
              "portalOperationApiTierOverride": "Standard"
            },
            "operationMetadataId": "d5be802f-ed91-4673-8a11-b468c5096bf6"
          }
        },
        "作成-GPTによって生成したJSON": {
          "type": "Compose",
          "inputs": "@json(body('GPT_でプロンプトを使用してテキストを作成する')?['responsev2']?['predictionOutput']?['text'])",
          "runAfter": {
            "GPT_でプロンプトを使用してテキストを作成する": [
              "Succeeded"
            ]
          },
          "metadata": {
            "operationMetadataId": "dff20897-645f-419c-9789-8f98a396473b"
          }
        },
        "作成-会話-親投稿と返信": {
          "type": "Compose",
          "inputs": "@sort(outputs('作成-GPTによって生成したJSON')['values'], 'order')",
          "runAfter": {
            "作成-GPTによって生成したJSON": [
              "Succeeded"
            ]
          },
          "metadata": {
            "operationMetadataId": "831c17a2-af8a-4e5d-95af-9e0581a0607a"
          }
        },
        "それぞれに適用する-すべての返信": {
          "type": "Foreach",
          "foreach": "@outputs('作成-会話-返信のみ')",
          "actions": {
            "作成-現在のアイテム": {
              "type": "Compose",
              "inputs": "@item()",
              "metadata": {
                "operationMetadataId": "05f52c6d-cca7-4b9d-a12c-6ca401cc3d4b"
              }
            },
            "スイッチ-返信の発言者に応じて分岐": {
              "type": "Switch",
              "expression": "@outputs('作成-現在のアイテム')['speaker']",
              "default": {
                "actions": {}
              },
              "cases": {
                "Case-発言者が睦月": {
                  "actions": {
                    "チャネル内のメッセージで応答します-発言者が睦月": {
                      "type": "OpenApiConnection",
                      "inputs": {
                        "parameters": {
                          "poster": "User",
                          "location": "Channel",
                          "body/parentMessageId": "@variables('親投稿のID')",
                          "body/recipient/groupId": "@outputs('作成-チームID')",
                          "body/recipient/channelId": "@outputs('作成-チャネルID')",
                          "body/messageBody": "<p class=\"editor-paragraph\">@{outputs('作成-現在のアイテム')['content']}</p>"
                        },
                        "host": {
                          "apiId": "/providers/Microsoft.PowerApps/apis/shared_teams",
                          "operationId": "ReplyWithMessageToConversation",
                          "connectionName": "shared_teams"
                        }
                      },
                      "metadata": {
                        "operationMetadataId": "a5cd9e9b-e66c-4f83-8261-98055d56dd6e"
                      }
                    }
                  },
                  "case": "睦月"
                },
                "Case-発言者が如月": {
                  "actions": {
                    "チャネル内のメッセージで応答します-発言者が如月": {
                      "type": "OpenApiConnection",
                      "inputs": {
                        "parameters": {
                          "poster": "User",
                          "location": "Channel",
                          "body/parentMessageId": "@variables('親投稿のID')",
                          "body/recipient/groupId": "@outputs('作成-チームID')",
                          "body/recipient/channelId": "@outputs('作成-チャネルID')",
                          "body/messageBody": "<p class=\"editor-paragraph\">@{outputs('作成-現在のアイテム')['content']}</p>"
                        },
                        "host": {
                          "apiId": "/providers/Microsoft.PowerApps/apis/shared_teams",
                          "operationId": "ReplyWithMessageToConversation",
                          "connectionName": "shared_teams-1"
                        }
                      },
                      "metadata": {
                        "operationMetadataId": "4ed7d386-07d8-4425-a358-44d8312e043e"
                      }
                    }
                  },
                  "case": "如月"
                },
                "Case-発言者が弥生": {
                  "actions": {
                    "チャネル内のメッセージで応答します-発言者が弥生": {
                      "type": "OpenApiConnection",
                      "inputs": {
                        "parameters": {
                          "poster": "User",
                          "location": "Channel",
                          "body/parentMessageId": "@variables('親投稿のID')",
                          "body/recipient/groupId": "@outputs('作成-チームID')",
                          "body/recipient/channelId": "@outputs('作成-チャネルID')",
                          "body/messageBody": "<p class=\"editor-paragraph\">@{outputs('作成-現在のアイテム')['content']}</p>"
                        },
                        "host": {
                          "apiId": "/providers/Microsoft.PowerApps/apis/shared_teams",
                          "operationId": "ReplyWithMessageToConversation",
                          "connectionName": "shared_teams-3"
                        }
                      },
                      "metadata": {
                        "operationMetadataId": "858f5584-9cfa-4d13-bb20-b02de266dbe5"
                      }
                    }
                  },
                  "case": "弥生"
                }
              },
              "runAfter": {
                "作成-現在のアイテム": [
                  "Succeeded"
                ]
              },
              "metadata": {
                "operationMetadataId": "398e101b-a539-475f-935e-9ecb37dd8e68"
              }
            }
          },
          "runAfter": {
            "スイッチ-発言者に応じて分岐_-親投稿": [
              "Succeeded"
            ]
          },
          "metadata": {
            "operationMetadataId": "cb73829f-6e9f-4864-8a66-94f6d96fd5ef"
          }
        },
        "作成-会話-返信のみ": {
          "type": "Compose",
          "inputs": "@skip(outputs('作成-会話-親投稿と返信'),1)",
          "runAfter": {
            "作成-会話-親投稿のみ": [
              "Succeeded"
            ]
          },
          "metadata": {
            "operationMetadataId": "333a763a-023b-4b35-8b47-c45f6e20ecc4"
          }
        },
        "スイッチ-発言者に応じて分岐_-親投稿": {
          "type": "Switch",
          "expression": "@outputs('作成-会話-親投稿のみ')['speaker']",
          "default": {
            "actions": {}
          },
          "cases": {
            "Case-発言者が睦月_1": {
              "actions": {
                "チャットまたはチャネルでメッセージを投稿する-発言者が睦月": {
                  "type": "OpenApiConnection",
                  "inputs": {
                    "parameters": {
                      "poster": "User",
                      "location": "Channel",
                      "body/recipient/groupId": "@outputs('作成-チームID')",
                      "body/recipient/channelId": "@outputs('作成-チャネルID')",
                      "body/messageBody": "<p class=\"editor-paragraph\">@{outputs('作成-会話-親投稿のみ')['content']}</p>",
                      "body/subject": "@outputs('作成-GPTによって生成したJSON')['title']"
                    },
                    "host": {
                      "apiId": "/providers/Microsoft.PowerApps/apis/shared_teams",
                      "operationId": "PostMessageToConversation",
                      "connectionName": "shared_teams"
                    }
                  },
                  "metadata": {
                    "operationMetadataId": "cfc4fd8d-ae3b-498b-b7a4-471f5db47d23"
                  }
                },
                "変数の設定": {
                  "type": "SetVariable",
                  "inputs": {
                    "name": "親投稿のID",
                    "value": "@outputs('チャットまたはチャネルでメッセージを投稿する-発言者が睦月')?['body/id']"
                  },
                  "runAfter": {
                    "チャットまたはチャネルでメッセージを投稿する-発言者が睦月": [
                      "Succeeded"
                    ]
                  },
                  "metadata": {
                    "operationMetadataId": "cff5ddb1-e85a-4f28-a55c-de366385a284"
                  }
                }
              },
              "case": "睦月"
            },
            "Case-発言者が如月_1": {
              "actions": {
                "チャットまたはチャネルでメッセージを投稿する-発言者が如月": {
                  "type": "OpenApiConnection",
                  "inputs": {
                    "parameters": {
                      "poster": "User",
                      "location": "Channel",
                      "body/recipient/groupId": "@outputs('作成-チームID')",
                      "body/recipient/channelId": "@outputs('作成-チャネルID')",
                      "body/messageBody": "<p class=\"editor-paragraph\">@{outputs('作成-会話-親投稿のみ')['content']}</p>",
                      "body/subject": "@outputs('作成-GPTによって生成したJSON')['title']"
                    },
                    "host": {
                      "apiId": "/providers/Microsoft.PowerApps/apis/shared_teams",
                      "operationId": "PostMessageToConversation",
                      "connectionName": "shared_teams-1"
                    }
                  },
                  "metadata": {
                    "operationMetadataId": "cfc4fd8d-ae3b-498b-b7a4-471f5db47d23"
                  }
                },
                "変数の設定_1": {
                  "type": "SetVariable",
                  "inputs": {
                    "name": "親投稿のID",
                    "value": "@outputs('チャットまたはチャネルでメッセージを投稿する-発言者が如月')?['body/id']"
                  },
                  "runAfter": {
                    "チャットまたはチャネルでメッセージを投稿する-発言者が如月": [
                      "Succeeded"
                    ]
                  },
                  "metadata": {
                    "operationMetadataId": "dcc49780-474e-494e-bf9a-943679136959"
                  }
                }
              },
              "case": "如月"
            },
            "Case-発言者が弥生_1": {
              "actions": {
                "チャットまたはチャネルでメッセージを投稿する-発言者が弥生": {
                  "type": "OpenApiConnection",
                  "inputs": {
                    "parameters": {
                      "poster": "User",
                      "location": "Channel",
                      "body/recipient/groupId": "@outputs('作成-チームID')",
                      "body/recipient/channelId": "@outputs('作成-チャネルID')",
                      "body/messageBody": "<p class=\"editor-paragraph\">@{outputs('作成-会話-親投稿のみ')['content']}</p>",
                      "body/subject": "@outputs('作成-GPTによって生成したJSON')['title']"
                    },
                    "host": {
                      "apiId": "/providers/Microsoft.PowerApps/apis/shared_teams",
                      "operationId": "PostMessageToConversation",
                      "connectionName": "shared_teams-3"
                    }
                  },
                  "metadata": {
                    "operationMetadataId": "cfc4fd8d-ae3b-498b-b7a4-471f5db47d23"
                  }
                },
                "変数の設定_2": {
                  "type": "SetVariable",
                  "inputs": {
                    "name": "親投稿のID",
                    "value": "@outputs('チャットまたはチャネルでメッセージを投稿する-発言者が弥生')?['body/id']"
                  },
                  "runAfter": {
                    "チャットまたはチャネルでメッセージを投稿する-発言者が弥生": [
                      "Succeeded"
                    ]
                  },
                  "metadata": {
                    "operationMetadataId": "46af542f-5a99-4418-87a9-96a9b5cde8bf"
                  }
                }
              },
              "case": "弥生"
            }
          },
          "runAfter": {
            "変数を初期化する-親投稿のID": [
              "Succeeded"
            ]
          },
          "metadata": {
            "operationMetadataId": "398e101b-a539-475f-935e-9ecb37dd8e68"
          }
        },
        "作成-会話-親投稿のみ": {
          "type": "Compose",
          "inputs": "@outputs('作成-会話-親投稿と返信')[0]",
          "runAfter": {
            "作成-会話-親投稿と返信": [
              "Succeeded"
            ]
          },
          "metadata": {
            "operationMetadataId": "58fe947e-876d-4fe0-befe-0ba9475c1be6"
          }
        },
        "変数を初期化する-親投稿のID": {
          "type": "InitializeVariable",
          "inputs": {
            "variables": [
              {
                "name": "親投稿のID",
                "type": "string"
              }
            ]
          },
          "runAfter": {
            "作成-会話-返信のみ": [
              "Succeeded"
            ]
          },
          "metadata": {
            "operationMetadataId": "d283c667-4c56-48de-a914-d3e62718a02a"
          }
        },
        "作成-チームID": {
          "type": "Compose",
          "inputs": "@triggerBody()?['teamsFlowRunContext']?['channelData']?['team']?['aadGroupId']",
          "runAfter": {},
          "metadata": {
            "operationMetadataId": "fb28ff6b-81ed-4e6b-b206-fc96e17a6bf2"
          }
        },
        "作成-チャネルID": {
          "type": "Compose",
          "inputs": "@triggerBody()?['teamsFlowRunContext']?['channelData']?['channel']?['id']",
          "runAfter": {
            "作成-チームID": [
              "Succeeded"
            ]
          },
          "metadata": {
            "operationMetadataId": "445f6ded-4b0c-429d-8427-502cea8e8e96"
          }
        }
      },
      "outputs": {}
    },
    "templateName": null
  },
  "schemaVersion": "1.0.0.0"
}