{"name":"b811b86a-0382-4c06-9488-8afdea84db3c","id":"/providers/Microsoft.Flow/flows/b811b86a-0382-4c06-9488-8afdea84db3c","type":"Microsoft.Flow/flows","properties":{"apiId":"/providers/Microsoft.PowerApps/apis/shared_logicflows","displayName":"ExcelテーブルでIDが同じ行の内容欄を結合する","definition":{"metadata":{"workflowEntityId":null,"processAdvisorMetadata":null,"flowclientsuspensionreason":"None","flowclientsuspensiontime":null,"flowclientsuspensionreasondetails":null,"creator":{"id":"350bd895-8fff-465e-b2ce-f3943b7d2b43","type":"User","tenantId":"688cdea3-eec2-4ad7-b65b-3b2b2e535888"},"provisioningMethod":"FromDefinition","failureAlertSubscription":true,"clientLastModifiedTime":"2022-08-14T15:54:54.0192557Z"},"$schema":"https://schema.management.azure.com/providers/Microsoft.Logic/schemas/2016-06-01/workflowdefinition.json#","contentVersion":"1.0.0.0","parameters":{"$connections":{"defaultValue":{},"type":"Object"},"$authentication":{"defaultValue":{},"type":"SecureObject"}},"triggers":{"manual":{"metadata":{"operationMetadataId":"3ae90846-a5dc-4ea2-a918-016432f927d2"},"type":"Request","kind":"Button","inputs":{"schema":{"type":"object","properties":{},"required":[]}}}},"actions":{"表内に存在する行を一覧表示":{"runAfter":{},"metadata":{"01KOUOXO2UN4VUYEZ7VFFZQ3YUHLG4MGY2":"/ExcelテーブルでIDが同じ行の内容欄を結合する/Book.xlsx","operationMetadataId":"ad47579b-ceca-4c1e-a6ff-d68132a24ffe","tableId":"{F46497C7-3555-4E77-A005-0F9D4C801606}"},"type":"OpenApiConnection","inputs":{"host":{"apiId":"/providers/Microsoft.PowerApps/apis/shared_excelonlinebusiness","connectionName":"shared_excelonlinebusiness","operationId":"GetItems"},"parameters":{"source":"me","drive":"b!Rl6cMfndukyvuIu02Uqp83sQnUpEbu9Pt8ZBsBTiBIB5BzB5cEj8T7keA7DDdDhm","file":"01KOUOXO2UN4VUYEZ7VFFZQ3YUHLG4MGY2","table":"{F46497C7-3555-4E77-A005-0F9D4C801606}"},"authentication":{"value":"@json(decodeBase64(triggerOutputs().headers['X-MS-APIM-Tokens']))['$ConnectionKey']","type":"Raw"}}},"Apply_to_each":{"foreach":"@body('選択-配列のプロパティ名を取得')","actions":{"変数の設定":{"runAfter":{"作成-内容を更新":["Succeeded"]},"metadata":{"operationMetadataId":"2f8bce41-f66e-42ba-bb1b-f87c00f57a10"},"type":"SetVariable","inputs":{"name":"フローが出力する配列","value":"@outputs('作成-内容を更新')"}},"選択-内容を取得":{"runAfter":{"アレイのフィルター処理-IDが同じ要素をフィルタして取得":["Succeeded"]},"metadata":{"operationMetadataId":"aa828f26-b4aa-49a2-a25e-dbffa1fd87c6"},"type":"Select","inputs":{"from":"@body('アレイのフィルター処理-IDが同じ要素をフィルタして取得')","select":"@item()?['内容']"}},"結合-内容を結合":{"runAfter":{"選択-内容を取得":["Succeeded"]},"metadata":{"operationMetadataId":"120da350-96a7-44ad-a8f1-6cf808963d84"},"type":"Join","inputs":{"from":"@body('選択-内容を取得')","joinWith":"@{null}"}},"アレイのフィルター処理-IDが同じ要素をフィルタして取得":{"runAfter":{},"metadata":{"operationMetadataId":"4c453203-d698-40a5-83eb-91f8e50c5bb9"},"type":"Query","inputs":{"from":"@outputs('作成-テーブルのValue')","where":"@equals(item()?['ID'], items('Apply_to_each'))"}},"作成-内容を更新":{"runAfter":{"結合-内容を結合":["Succeeded"]},"metadata":{"operationMetadataId":"246d2e87-fde9-4b5a-b73a-e2ef91dcdc24"},"type":"Compose","inputs":"@setProperty(variables('フローが出力する配列'),items('Apply_to_each'),body('結合-内容を結合'))"}},"runAfter":{"変数を初期化する-フローが出力する配列":["Succeeded"]},"metadata":{"operationMetadataId":"667727c4-14e8-4064-a7b5-b3ed19287897"},"type":"Foreach"},"作成-簡易版JSON_Dictionaryを作る":{"runAfter":{"選択-テーブルのID列を取得":["Succeeded"]},"metadata":{"operationMetadataId":"4b5ba22e-52bd-42c9-97c2-10bb657e74e0"},"type":"Compose","inputs":"@json(concat('{',replace(replace(replace(replace(string(body('選択-テーブルのID列を取得')),'{',''),'}',''),'[',''),']',''),'}'))","description":"json(concat('{',replace(replace(replace(replace(string(body('選択')),'{',''),'}',''),'[',''),']',''),'}'))"},"作成-テーブルのValue":{"runAfter":{"表内に存在する行を一覧表示":["Succeeded"]},"metadata":{"operationMetadataId":"fb8cf4c8-e54a-4a39-aaf5-a27a706ebd1f"},"type":"Compose","inputs":"@outputs('表内に存在する行を一覧表示')?['body/value']"},"選択-テーブルのID列を取得":{"runAfter":{"作成-テーブルのValue":["Succeeded"]},"metadata":{"operationMetadataId":"0523e9b7-09a7-4b19-b5a9-c2bf8ac2b879"},"type":"Select","inputs":{"from":"@outputs('表内に存在する行を一覧表示')?['body/value']","select":{"@item()?['ID']":""}}},"選択-配列のプロパティ名を取得":{"runAfter":{"作成-簡易版JSON_Dictionaryを作る":["Succeeded"]},"metadata":{"operationMetadataId":"5d972ab6-ef5f-4d66-98c4-ad465216f616"},"type":"Select","inputs":{"from":"@split(substring(string(outputs('作成-簡易版JSON_Dictionaryを作る')), 1, sub(length(string(outputs('作成-簡易版JSON_Dictionaryを作る'))), 2)), ',')","select":"@substring(substring(item(), 0, indexOf(item(), ':')), 1, sub(length(substring(item(), 0, indexOf(item(), ':'))), 2))"}},"変数を初期化する-フローが出力する配列":{"runAfter":{"選択-配列のプロパティ名を取得":["Succeeded"]},"metadata":{"operationMetadataId":"18d16233-ca68-4bf2-a714-251e667c079f"},"type":"InitializeVariable","inputs":{"variables":[{"name":"フローが出力する配列","type":"object","value":"@outputs('作成-簡易版JSON_Dictionaryを作る')"}]}},"作成-フローが出力する配列":{"runAfter":{"Apply_to_each":["Succeeded"]},"metadata":{"operationMetadataId":"b3d5ce2b-5304-4a26-a2f4-083c6ae35d7e"},"type":"Compose","inputs":"@variables('フローが出力する配列')"}}},"connectionReferences":{"shared_excelonlinebusiness":{"connectionName":"a9d7ac5865354ca883ee33f22e58ce4d","source":"Invoker","id":"/providers/Microsoft.PowerApps/apis/shared_excelonlinebusiness","tier":"NotSpecified"}},"flowFailureAlertSubscribed":false,"isManaged":false}}