{"name":"7dac90be-8c3a-40d5-8c43-a27c65fec5c1","id":"/providers/Microsoft.Flow/flows/7dac90be-8c3a-40d5-8c43-a27c65fec5c1","type":"Microsoft.Flow/flows","properties":{"apiId":"/providers/Microsoft.PowerApps/apis/shared_logicflows","displayName":"分岐ロジックの経験則 パターン2 修正後その2","definition":{"metadata":{"workflowEntityId":null,"processAdvisorMetadata":null,"flowclientsuspensionreason":"None","flowclientsuspensiontime":null,"flowclientsuspensionreasondetails":null,"creator":{"id":"4a4a76fc-3a14-4340-98f0-54fa153de806","type":"User","tenantId":"81aef3cb-2cfc-44d3-ac59-1bb45d66f910"},"provisioningMethod":"FromDefinition","failureAlertSubscription":true,"clientLastModifiedTime":"2023-01-08T15:36:17.2123533Z"},"$schema":"https://schema.management.azure.com/providers/Microsoft.Logic/schemas/2016-06-01/workflowdefinition.json#","contentVersion":"1.0.0.0","parameters":{"$authentication":{"defaultValue":{},"type":"SecureObject"}},"triggers":{"manual":{"metadata":{"operationMetadataId":"69d2351c-2b14-491d-9801-3c980c3c9531"},"type":"Request","kind":"Button","inputs":{"schema":{"type":"object","properties":{"boolean":{"title":"分岐A","type":"boolean","x-ms-dynamically-added":true,"description":"[はい] または [いいえ] を選択してください","x-ms-content-hint":"BOOLEAN"},"boolean_1":{"title":"分岐B","type":"boolean","x-ms-dynamically-added":true,"description":"[はい] または [いいえ] を選択してください","x-ms-content-hint":"BOOLEAN"},"boolean_2":{"title":"分岐C","type":"boolean","x-ms-dynamically-added":true,"description":"[はい] または [いいえ] を選択してください","x-ms-content-hint":"BOOLEAN"}},"required":["boolean","boolean_1","boolean_2"]}}}},"actions":{"条件-分岐Aが「はい」である":{"actions":{},"runAfter":{"変数を初期化する":["Succeeded"]},"else":{"actions":{"変数の設定-falseに設定":{"runAfter":{},"metadata":{"operationMetadataId":"95339821-1717-44c7-9816-11f277fc01a8"},"type":"SetVariable","inputs":{"name":"処理実行フラグ","value":false}}}},"expression":{"equals":["@triggerBody()['boolean']",true]},"metadata":{"operationMetadataId":"1983047e-fc82-427e-8690-22aa270105bd"},"type":"If"},"条件-分岐Bが「はい」である":{"actions":{"条件-分岐Cが「はい」である":{"actions":{},"runAfter":{},"else":{"actions":{"変数の設定-falseに設定_2":{"runAfter":{},"metadata":{"operationMetadataId":"e2d09b97-15a7-4e51-b795-925116e03a64"},"type":"SetVariable","inputs":{"name":"処理実行フラグ","value":false}}}},"expression":{"equals":["@triggerBody()['boolean_2']",true]},"metadata":{"operationMetadataId":"841fb691-431e-4fda-be8e-b5b58a5688e0"},"type":"If"}},"runAfter":{"条件-分岐Aが「はい」である":["Succeeded"]},"expression":{"equals":["@triggerBody()['boolean_1']",true]},"metadata":{"operationMetadataId":"841fb691-431e-4fda-be8e-b5b58a5688e0"},"type":"If"},"変数を初期化する":{"runAfter":{},"metadata":{"operationMetadataId":"f49725ef-edce-4100-91fe-89960c27acf0"},"type":"InitializeVariable","inputs":{"variables":[{"name":"処理実行フラグ","type":"boolean","value":true}]}},"条件-処理実行フラグが「はい」である":{"actions":{"スコープ-A且つB且つC、または、A且つ￢Ｂのときに実行":{"actions":{},"runAfter":{},"metadata":{"operationMetadataId":"900752c0-9c17-4a12-82f2-5697862a5471"},"type":"Scope"}},"runAfter":{"条件-分岐Bが「はい」である":["Succeeded"]},"expression":{"equals":["@variables('処理実行フラグ')",true]},"metadata":{"operationMetadataId":"7268081c-1f8a-4f37-8a6a-1c4ecf38b0fc"},"type":"If"}}},"connectionReferences":{},"flowFailureAlertSubscribed":false,"isManaged":false}}