{"name":"d66258d6-b16f-477e-ac1b-11bc34def674","id":"/providers/Microsoft.Flow/flows/d66258d6-b16f-477e-ac1b-11bc34def674","type":"Microsoft.Flow/flows","properties":{"apiId":"/providers/Microsoft.PowerApps/apis/shared_logicflows","displayName":"グループチャットで出てきた誰がいつどんな絵文字を使ったのか記録する","definition":{"metadata":{"workflowEntityId":null,"processAdvisorMetadata":null,"flowclientsuspensionreason":"None","flowclientsuspensiontime":null,"flowclientsuspensionreasondetails":null,"creator":{"id":"4a4a76fc-3a14-4340-98f0-54fa153de806","type":"User","tenantId":"81aef3cb-2cfc-44d3-ac59-1bb45d66f910"},"provisioningMethod":"FromDefinition","failureAlertSubscription":true,"clientLastModifiedTime":"2022-12-10T07:59:43.1521366Z"},"$schema":"https://schema.management.azure.com/providers/Microsoft.Logic/schemas/2016-06-01/workflowdefinition.json#","contentVersion":"1.0.0.0","parameters":{"$connections":{"defaultValue":{},"type":"Object"},"$authentication":{"defaultValue":{},"type":"SecureObject"}},"triggers":{"チャットに新しいメッセージが追加されたとき":{"metadata":{"operationMetadataId":"55791637-6863-4380-95e6-9d3dc00b55a0"},"type":"OpenApiConnectionWebhook","inputs":{"host":{"apiId":"/providers/Microsoft.PowerApps/apis/shared_teams","connectionName":"shared_teams_1","operationId":"WebhookChatMessageTrigger"},"parameters":{},"authentication":"@parameters('$authentication')"}}},"actions":{"作成-トリガーとなったチャットの要素（first関数で取得）":{"runAfter":{"作成-定数-処理対象の会話ID":["Succeeded"]},"metadata":{"operationMetadataId":"614c8415-39ea-403f-aa25-280d8578974e"},"type":"Compose","inputs":"@first(triggerOutputs()?['body/value'])"},"作成-定数-処理対象の会話ID":{"runAfter":{},"metadata":{"operationMetadataId":"28a7756e-d72d-475f-9bd0-638cc70117c4"},"type":"Compose","inputs":"19:61167d4f3f824bab806f2b4197f02c70@thread.v2"},"条件-処理対象の会話IDである":{"actions":{},"runAfter":{"作成-トリガーとなったチャットの要素（first関数で取得）":["Succeeded"]},"else":{"actions":{"終了":{"runAfter":{},"metadata":{"operationMetadataId":"e4c33372-cb21-479e-8035-4f897e21a547"},"type":"Terminate","inputs":{"runStatus":"Succeeded"}}}},"expression":{"equals":["@outputs('作成-トリガーとなったチャットの要素（first関数で取得）')?['conversationId']","@outputs('作成-定数-処理対象の会話ID')"]},"metadata":{"operationMetadataId":"491f34f2-8a8e-4b76-a9a3-3af7c0a74821"},"type":"If"},"条件-ユーザーIDがnullである（=_botである）":{"actions":{"終了_2":{"runAfter":{},"metadata":{"operationMetadataId":"04581bc3-a51a-4d19-bb14-67568a38d22d"},"type":"Terminate","inputs":{"runStatus":"Succeeded"}}},"runAfter":{"メッセージ詳細を取得する":["Succeeded"]},"expression":{"equals":["@outputs('メッセージ詳細を取得する')?['body/from/user/id']","@null"]},"metadata":{"operationMetadataId":"bbdd0b61-e2b0-4046-b70d-df846bfeec97"},"type":"If"},"メッセージ詳細を取得する":{"runAfter":{"条件-処理対象の会話IDである":["Succeeded"]},"metadata":{"operationMetadataId":"694b9cea-89a3-4518-a6f8-a9e3410b8755"},"type":"OpenApiConnection","inputs":{"host":{"apiId":"/providers/Microsoft.PowerApps/apis/shared_teams","connectionName":"shared_teams_1","operationId":"GetMessageDetails"},"parameters":{"messageId":"@outputs('作成-トリガーとなったチャットの要素（first関数で取得）')?['messageId']","threadType":"groupchat","body/recipient":"@outputs('作成-トリガーとなったチャットの要素（first関数で取得）')?['conversationId']"},"authentication":"@parameters('$authentication')"}},"作成-本文":{"runAfter":{"条件-ユーザーIDがnullである（=_botである）":["Succeeded"]},"metadata":{"operationMetadataId":"cc1af933-0227-44f6-8c37-9c67f5ef29e6"},"type":"Compose","inputs":"@outputs('メッセージ詳細を取得する')?['body/body/content']"},"作成-絵文字の本体":{"runAfter":{"作成-絵文字のIMG要素":["Succeeded"]},"metadata":{"operationMetadataId":"5cf985e5-8224-4331-ac49-10a3041a8019"},"type":"Compose","inputs":"@slice(\r\nsubstring(outputs('作成-絵文字のIMG要素'),indexOf(outputs('作成-絵文字のIMG要素'),'alt=\"'))\r\n,\r\nadd(nthIndexOf(substring(outputs('作成-絵文字のIMG要素'),indexOf(outputs('作成-絵文字のIMG要素'),'alt=\"')),'\"',1),1)\r\n,\r\nnthIndexOf(substring(outputs('作成-絵文字のIMG要素'),indexOf(outputs('作成-絵文字のIMG要素'),'alt=\"')),'\"',2)\r\n)"},"作成-絵文字のタイトル":{"runAfter":{"作成-絵文字の本体":["Succeeded"]},"metadata":{"operationMetadataId":"091714d9-484a-4f6b-84d7-8b3ccfc1f7bf"},"type":"Compose","inputs":"@slice(\r\nsubstring(outputs('作成-絵文字のIMG要素'),indexOf(outputs('作成-絵文字のIMG要素'),'Title=\"'))\r\n,\r\nadd(nthIndexOf(substring(outputs('作成-絵文字のIMG要素'),indexOf(outputs('作成-絵文字のIMG要素'),'Title=\"')),'\"',1),1)\r\n,\r\nnthIndexOf(substring(outputs('作成-絵文字のIMG要素'),indexOf(outputs('作成-絵文字のIMG要素'),'Title=\"')),'\"',2)\r\n)"},"作成-絵文字のIMG要素":{"runAfter":{"条件-本文に絵文字のIMG要素が含まれている":["Succeeded"]},"metadata":{"operationMetadataId":"58d89752-98e6-4b02-bd8a-3043862ef353"},"type":"Compose","inputs":"@slice(\r\nsubstring(outputs('作成-本文'),indexOf(outputs('作成-本文'),'<img itemscope=\"\" itemtype=\"http://schema.skype.com/Emoji\"'))\r\n,\r\n0\r\n,\r\nadd(IndexOf(substring(outputs('作成-本文'),indexOf(outputs('作成-本文'),'<img itemscope=\"\" itemtype=\"http://schema.skype.com/Emoji\"')),'>'),1)\r\n)"},"項目の作成":{"runAfter":{"作成-絵文字のタイトル":["Succeeded"]},"metadata":{"operationMetadataId":"71397bb7-be3e-4cd6-b79b-587b35ae0ae7"},"type":"OpenApiConnection","inputs":{"host":{"apiId":"/providers/Microsoft.PowerApps/apis/shared_sharepointonline","connectionName":"shared_sharepointonline_1","operationId":"PostItem"},"parameters":{"dataset":"https://m365x80247309.sharepoint.com/sites/msteams_c7dfa6","table":"f2c9d387-6a14-4d41-829a-ddffc4f8bf66","item/Title":"@convertTimeZone(outputs('メッセージ詳細を取得する')?['body/createdDateTime'],'UTC','Tokyo Standard Time','yyyy/MM/dd HH:mm:ss')","item/OData__x8ab0__x304c_":"@outputs('メッセージ詳細を取得する')?['body/from/user/displayName']","item/OData__x7d75__x6587__x5b57_":"@outputs('作成-絵文字の本体')","item/OData__x7d75__x6587__x5b57__x306e__x54":"@outputs('作成-絵文字のタイトル')"},"authentication":"@parameters('$authentication')"}},"条件-本文に絵文字のIMG要素が含まれている":{"actions":{},"runAfter":{"作成-本文":["Succeeded"]},"else":{"actions":{"終了_3":{"runAfter":{},"metadata":{"operationMetadataId":"29ceaa5d-386f-4871-bee5-c6098ec090b7"},"type":"Terminate","inputs":{"runStatus":"Succeeded"}}}},"expression":{"contains":["@outputs('作成-本文')","<img itemscope=\"\" itemtype=\"http://schema.skype.com/Emoji\""]},"metadata":{"operationMetadataId":"45eb077c-458a-444c-86f3-00f30630bd47"},"type":"If"}}},"connectionReferences":{"shared_teams_1":{"connectionName":"shared-teams-d9071561-66c8-4ab3-9d55-9067bb4438ac","source":"Embedded","id":"/providers/Microsoft.PowerApps/apis/shared_teams","tier":"NotSpecified"},"shared_sharepointonline_1":{"connectionName":"5ae165e1ddef4b749adca2d8cbec22c9","source":"Embedded","id":"/providers/Microsoft.PowerApps/apis/shared_sharepointonline","tier":"NotSpecified"}},"flowFailureAlertSubscribed":false,"isManaged":false}}