{
  "properties": {
    "connectionReferences": {},
    "definition": {
      "$schema": "https://schema.management.azure.com/providers/Microsoft.Logic/schemas/2016-06-01/workflowdefinition.json#",
      "contentVersion": "undefined",
      "parameters": {
        "$authentication": {
          "defaultValue": {},
          "type": "SecureObject"
        }
      },
      "triggers": {
        "manual": {
          "metadata": {
            "operationMetadataId": "227248b0-1e0b-471b-8e16-fd3ad1954406"
          },
          "type": "Request",
          "kind": "Button",
          "inputs": {
            "schema": {
              "type": "object",
              "properties": {},
              "required": []
            }
          }
        }
      },
      "actions": {
        "変数を初期化する": {
          "runAfter": {},
          "metadata": {
            "operationMetadataId": "0be2a436-3ac1-4a7c-8d69-99715b6690ee"
          },
          "type": "InitializeVariable",
          "inputs": {
            "variables": [
              {
                "name": "変数",
                "type": "object",
                "value": {
                  "flag": "false"
                }
              }
            ]
          }
        }
      }
    },
    "templateName": null
  },
  "schemaVersion": "1.0.0.0"
}