{
  "properties": {
    "connectionReferences": {
      "shared_office365_1": {
        "runtimeSource": "embedded",
        "connection": {
          "connectionReferenceLogicalName": "wataruf_sharedoffice365_8e74e"
        },
        "api": {
          "name": "shared_office365"
        }
      },
      "shared_flowmanagement": {
        "runtimeSource": "embedded",
        "connection": {
          "connectionReferenceLogicalName": "wataruf_sharedflowmanagement_52e34"
        },
        "api": {
          "name": "shared_flowmanagement"
        }
      },
      "shared_teams": {
        "runtimeSource": "embedded",
        "connection": {
          "connectionReferenceLogicalName": "wataruf_sharedteams_0bc85"
        },
        "api": {
          "name": "shared_teams"
        }
      }
    },
    "definition": {
      "$schema": "https://schema.management.azure.com/providers/Microsoft.Logic/schemas/2016-06-01/workflowdefinition.json#",
      "contentVersion": "1.0.0.0",
      "parameters": {
        "$connections": {
          "defaultValue": {},
          "type": "Object"
        },
        "$authentication": {
          "defaultValue": {},
          "type": "SecureObject"
        },
        "通知先メールアドレス (wataruf_NotificationRecipient)": {
          "defaultValue": "wataruf@watarufenv.onmicrosoft.com",
          "type": "String",
          "metadata": {
            "schemaName": "wataruf_NotificationRecipient"
          }
        }
      },
      "triggers": {
        "Recurrence": {
          "recurrence": {
            "frequency": "Day",
            "interval": 1,
            "timeZone": "Tokyo Standard Time",
            "startTime": "2025-07-17T08:00:00Z",
            "schedule": {
              "hours": [
                "17"
              ],
              "minutes": [
                0
              ]
            }
          },
          "metadata": {
            "operationMetadataId": "319a4cfa-5cbb-47fc-a355-52be62d29786"
          },
          "type": "Recurrence"
        }
      },
      "actions": {
        "スコープ:今日が営業日であるか判定": {
          "actions": {
            "作成:今日が土日である": {
              "runAfter": {
                "作成:今日が祝日である": [
                  "Succeeded"
                ]
              },
              "metadata": {
                "operationMetadataId": "f7182444-2665-479f-99be-a07299e82793"
              },
              "type": "Compose",
              "inputs": "@or(equals(dayOfWeek(outputs('作成:今日の日付')), 0), equals(dayOfWeek(outputs('作成:今日の日付')), 6))"
            },
            "作成:今日が営業日である": {
              "runAfter": {
                "作成:今日が土日である": [
                  "Succeeded"
                ]
              },
              "metadata": {
                "operationMetadataId": "b2d97d5a-3b4e-4d34-8421-45b132df7bd5"
              },
              "type": "Compose",
              "inputs": "@and(not(outputs('作成:今日が祝日である')), not(outputs('作成:今日が土日である')))"
            },
            "Get_calendar_view_of_events_(V3):今日の日付に該当する祝日を取得": {
              "runAfter": {},
              "metadata": {
                "operationMetadataId": "db783e04-76b5-49d2-93f1-a039a93072ff"
              },
              "type": "OpenApiConnection",
              "inputs": {
                "host": {
                  "connectionName": "shared_office365_1",
                  "operationId": "GetEventsCalendarViewV3",
                  "apiId": "/providers/Microsoft.PowerApps/apis/shared_office365"
                },
                "parameters": {
                  "calendarId": "AQMkAGUxMDRhNjkwLWM5YzQtNDEyMS1hZThlLWI3YWJhY2U2YmQzMgBGAAAD3D80uzfnNkeYqyKpt2FSzAcAkINO7WDOREyK4GH7_gUr2QAAAgEGAAAAkINO7WDOREyK4GH7_gUr2QAAAN6K8gAAAQ==",
                  "startDateTimeUtc": "@outputs('作成:今日の日付')",
                  "endDateTimeUtc": "@outputs('作成:今日の日付')"
                },
                "authentication": "@parameters('$authentication')"
              }
            },
            "作成:今日が祝日である": {
              "runAfter": {
                "Get_calendar_view_of_events_(V3):今日の日付に該当する祝日を取得": [
                  "Succeeded"
                ]
              },
              "metadata": {
                "operationMetadataId": "b8e1642d-01a2-4ef6-99a1-fb129deff8cd"
              },
              "type": "Compose",
              "inputs": "@not(empty(outputs('Get_calendar_view_of_events_(V3):今日の日付に該当する祝日を取得')?['body']?['value']))"
            }
          },
          "runAfter": {
            "スコープ:今日の日付（MM部分）が5の倍数であるか判定": [
              "Succeeded"
            ]
          },
          "metadata": {
            "operationMetadataId": "4cc5385e-7a77-48ee-b5d4-c47dec95b058"
          },
          "type": "Scope"
        },
        "スコープ:今日の日付（MM部分）が5の倍数であるか判定": {
          "actions": {
            "作成:今日の日付（MM部分のみ）": {
              "runAfter": {},
              "metadata": {
                "operationMetadataId": "13f9e840-4f30-4efd-870d-c94ba043f35e"
              },
              "type": "Compose",
              "inputs": "@dayOfMonth(outputs('作成:今日の日付'))"
            },
            "作成:今日の日付が5の倍数である": {
              "runAfter": {
                "作成:今日の日付（MM部分のみ）": [
                  "Succeeded"
                ]
              },
              "metadata": {
                "operationMetadataId": "3b0c6ee7-0513-48df-a1ae-0449ea384c29"
              },
              "type": "Compose",
              "inputs": "@equals(mod(outputs('作成:今日の日付（MM部分のみ）'), 5), 0)"
            }
          },
          "runAfter": {
            "スコープ:「直近の5の倍数の日が非営業日だったフラグ」を取得": [
              "Succeeded"
            ]
          },
          "metadata": {
            "operationMetadataId": "7b4492cd-b394-433b-8f8f-3ea55e9a648e"
          },
          "type": "Scope"
        },
        "条件:今日の日付が5の倍数である": {
          "actions": {
            "条件:今日が営業日である": {
              "actions": {
                "スコープ-フラグをオフに設定": {
                  "actions": {
                    "作成:プロパティを更新": {
                      "runAfter": {},
                      "metadata": {
                        "operationMetadataId": "77fb9a28-f981-47b4-bf9c-4c1030a0f107"
                      },
                      "type": "Compose",
                      "inputs": "@setProperty(outputs('Get_flow')?['body']?['properties']?['definition']?['actions']?['変数を初期化する']?['inputs']?['variables'][0]?['value'], 'flag', 'false')"
                    },
                    "作成:プロパティ更新後のフロー定義": {
                      "runAfter": {
                        "作成:プロパティを更新": [
                          "Succeeded"
                        ]
                      },
                      "metadata": {
                        "operationMetadataId": "1875b520-511d-4ee5-ab34-880afd4d401d"
                      },
                      "type": "Compose",
                      "inputs": "@json(replace(string(outputs('Get_flow')?['body']?['properties']?['definition']), string(outputs('Get_flow')?['body']?['properties']?['definition']?['actions']?['変数を初期化する']?['inputs']?['variables'][0]?['value']), string(outputs('作成:プロパティを更新'))))"
                    },
                    "フローの更新": {
                      "runAfter": {
                        "作成:プロパティ更新後のフロー定義": [
                          "Succeeded"
                        ]
                      },
                      "metadata": {
                        "operationMetadataId": "4e7f5d26-fa9e-4f4c-a858-c89b9067e1a9"
                      },
                      "type": "OpenApiConnection",
                      "inputs": {
                        "host": {
                          "connectionName": "shared_flowmanagement",
                          "operationId": "UpdateFlow",
                          "apiId": "/providers/Microsoft.PowerApps/apis/shared_flowmanagement"
                        },
                        "parameters": {
                          "environmentName": "8361665a-57aa-e883-bc6e-39a2a80ca7bc",
                          "flowName": "72e5fa77-916f-f011-b4cd-000d3acec242",
                          "Flow/properties/displayName": "@outputs('Get_flow')?['body']?['properties']?['displayName']",
                          "Flow/properties/definition": "@outputs('作成:プロパティ更新後のフロー定義')",
                          "Flow/properties/state": "Stopped"
                        },
                        "authentication": "@parameters('$authentication')"
                      }
                    }
                  },
                  "runAfter": {
                    "チャットまたはチャネルでメッセージを投稿する": [
                      "Succeeded"
                    ]
                  },
                  "metadata": {
                    "operationMetadataId": "93226999-a231-4ed2-9fc8-b78b212e7c9e"
                  },
                  "type": "Scope"
                },
                "チャットまたはチャネルでメッセージを投稿する": {
                  "runAfter": {},
                  "metadata": {
                    "operationMetadataId": "f99525e3-c82a-4c9d-a1f6-6b5daae4b1be"
                  },
                  "type": "OpenApiConnection",
                  "inputs": {
                    "host": {
                      "connectionName": "shared_teams",
                      "operationId": "PostMessageToConversation",
                      "apiId": "/providers/Microsoft.PowerApps/apis/shared_teams"
                    },
                    "parameters": {
                      "poster": "Flow bot",
                      "location": "Chat with Flow bot",
                      "body/recipient": "@{parameters('通知先メールアドレス (wataruf_NotificationRecipient)')};",
                      "body/messageBody": "<p><span style=\"font-size: 24px\"><u><strong>今日はクリーンデスクの日です！！</strong></u></span></p>"
                    },
                    "authentication": "@parameters('$authentication')"
                  }
                }
              },
              "runAfter": {},
              "else": {
                "actions": {
                  "スコープ-フラグをオンに設定_2": {
                    "actions": {
                      "作成:プロパティを更新_2": {
                        "runAfter": {},
                        "metadata": {
                          "operationMetadataId": "77fb9a28-f981-47b4-bf9c-4c1030a0f107"
                        },
                        "type": "Compose",
                        "inputs": "@setProperty(outputs('Get_flow')?['body']?['properties']?['definition']?['actions']?['変数を初期化する']?['inputs']?['variables'][0]?['value'], 'flag', 'true')"
                      },
                      "作成:プロパティ更新後のフロー定義_2": {
                        "runAfter": {
                          "作成:プロパティを更新_2": [
                            "Succeeded"
                          ]
                        },
                        "metadata": {
                          "operationMetadataId": "1875b520-511d-4ee5-ab34-880afd4d401d"
                        },
                        "type": "Compose",
                        "inputs": "@json(replace(string(outputs('Get_flow')?['body']?['properties']?['definition']), string(outputs('Get_flow')?['body']?['properties']?['definition']?['actions']?['変数を初期化する']?['inputs']?['variables'][0]?['value']), string(outputs('作成:プロパティを更新_2'))))"
                      },
                      "フローの更新_2": {
                        "runAfter": {
                          "作成:プロパティ更新後のフロー定義_2": [
                            "Succeeded"
                          ]
                        },
                        "metadata": {
                          "operationMetadataId": "4e7f5d26-fa9e-4f4c-a858-c89b9067e1a9"
                        },
                        "type": "OpenApiConnection",
                        "inputs": {
                          "host": {
                            "connectionName": "shared_flowmanagement",
                            "operationId": "UpdateFlow",
                            "apiId": "/providers/Microsoft.PowerApps/apis/shared_flowmanagement"
                          },
                          "parameters": {
                            "environmentName": "8361665a-57aa-e883-bc6e-39a2a80ca7bc",
                            "flowName": "72e5fa77-916f-f011-b4cd-000d3acec242",
                            "Flow/properties/displayName": "@outputs('Get_flow')?['body']?['properties']?['displayName']",
                            "Flow/properties/definition": "@outputs('作成:プロパティ更新後のフロー定義_2')",
                            "Flow/properties/state": "Stopped"
                          },
                          "authentication": "@parameters('$authentication')"
                        }
                      }
                    },
                    "runAfter": {},
                    "metadata": {
                      "operationMetadataId": "d1a84c3a-f048-4da0-b536-b735bf1aa16b"
                    },
                    "type": "Scope"
                  }
                }
              },
              "expression": {
                "equals": [
                  "@outputs('作成:今日が営業日である')",
                  "@true"
                ]
              },
              "metadata": {
                "operationMetadataId": "05455535-1bdf-45e3-bbde-52604f5d044d"
              },
              "type": "If"
            }
          },
          "runAfter": {
            "スコープ:今日が営業日であるか判定": [
              "Succeeded"
            ]
          },
          "else": {
            "actions": {
              "条件:フラグがオン、かつ、今日が営業日である": {
                "actions": {
                  "スコープ-フラグをオフに設定_2": {
                    "actions": {
                      "作成:プロパティを更新_3": {
                        "runAfter": {},
                        "metadata": {
                          "operationMetadataId": "77fb9a28-f981-47b4-bf9c-4c1030a0f107"
                        },
                        "type": "Compose",
                        "inputs": "@setProperty(outputs('Get_flow')?['body']?['properties']?['definition']?['actions']?['変数を初期化する']?['inputs']?['variables'][0]?['value'], 'flag', 'false')"
                      },
                      "作成:プロパティ更新後のフロー定義_3": {
                        "runAfter": {
                          "作成:プロパティを更新_3": [
                            "Succeeded"
                          ]
                        },
                        "metadata": {
                          "operationMetadataId": "1875b520-511d-4ee5-ab34-880afd4d401d"
                        },
                        "type": "Compose",
                        "inputs": "@json(replace(string(outputs('Get_flow')?['body']?['properties']?['definition']), string(outputs('Get_flow')?['body']?['properties']?['definition']?['actions']?['変数を初期化する']?['inputs']?['variables'][0]?['value']), string(outputs('作成:プロパティを更新_3'))))"
                      },
                      "フローの更新_3": {
                        "runAfter": {
                          "作成:プロパティ更新後のフロー定義_3": [
                            "Succeeded"
                          ]
                        },
                        "metadata": {
                          "operationMetadataId": "4e7f5d26-fa9e-4f4c-a858-c89b9067e1a9"
                        },
                        "type": "OpenApiConnection",
                        "inputs": {
                          "host": {
                            "connectionName": "shared_flowmanagement",
                            "operationId": "UpdateFlow",
                            "apiId": "/providers/Microsoft.PowerApps/apis/shared_flowmanagement"
                          },
                          "parameters": {
                            "environmentName": "8361665a-57aa-e883-bc6e-39a2a80ca7bc",
                            "flowName": "72e5fa77-916f-f011-b4cd-000d3acec242",
                            "Flow/properties/displayName": "@outputs('Get_flow')?['body']?['properties']?['displayName']",
                            "Flow/properties/definition": "@outputs('作成:プロパティ更新後のフロー定義_3')",
                            "Flow/properties/state": "Stopped"
                          },
                          "authentication": "@parameters('$authentication')"
                        }
                      }
                    },
                    "runAfter": {
                      "チャットまたはチャネルでメッセージを投稿する_2": [
                        "Succeeded"
                      ]
                    },
                    "metadata": {
                      "operationMetadataId": "191255d1-9818-48fa-9e27-62ee74c89f72"
                    },
                    "type": "Scope"
                  },
                  "チャットまたはチャネルでメッセージを投稿する_2": {
                    "runAfter": {},
                    "metadata": {
                      "operationMetadataId": "4cd3b5fe-89b6-4840-80a9-657929094a03"
                    },
                    "type": "OpenApiConnection",
                    "inputs": {
                      "host": {
                        "connectionName": "shared_teams",
                        "operationId": "PostMessageToConversation",
                        "apiId": "/providers/Microsoft.PowerApps/apis/shared_teams"
                      },
                      "parameters": {
                        "poster": "Flow bot",
                        "location": "Chat with Flow bot",
                        "body/recipient": "@{parameters('通知先メールアドレス (wataruf_NotificationRecipient)')};",
                        "body/messageBody": "<p><span style=\"font-size: 24px\"><u><strong>今日はクリーンデスクの日です！！</strong></u></span></p>"
                      },
                      "authentication": "@parameters('$authentication')"
                    }
                  }
                },
                "runAfter": {},
                "else": {
                  "actions": {
                    "作成:★なにもしない★": {
                      "runAfter": {},
                      "metadata": {
                        "operationMetadataId": "903c0337-dd2a-4a51-8bdf-7272fdd4f0f2"
                      },
                      "type": "Compose",
                      "inputs": "なにもしないよ！\nだからこのアクションは削除してもいいよ！"
                    }
                  }
                },
                "expression": {
                  "and": [
                    {
                      "equals": [
                        "@outputs('作成:直近の5の倍数の日が非営業日だったフラグ')",
                        "@true"
                      ]
                    },
                    {
                      "equals": [
                        "@outputs('作成:今日が営業日である')",
                        "@true"
                      ]
                    }
                  ]
                },
                "metadata": {
                  "operationMetadataId": "23e34830-462a-4c99-87d6-4b5e887f51b5"
                },
                "type": "If"
              }
            }
          },
          "expression": {
            "equals": [
              "@outputs('作成:今日の日付が5の倍数である')",
              "@true"
            ]
          },
          "metadata": {
            "operationMetadataId": "ba55c458-c8f7-4694-8543-5ff368efe9f2"
          },
          "type": "If"
        },
        "スコープ:「直近の5の倍数の日が非営業日だったフラグ」を取得": {
          "actions": {
            "作成:直近の5の倍数の日が非営業日だったフラグ": {
              "runAfter": {
                "作成:取得した変数": [
                  "Succeeded"
                ]
              },
              "metadata": {
                "operationMetadataId": "b52b9b96-f2d5-4ad2-bee0-a61049237862"
              },
              "type": "Compose",
              "inputs": "@equals(toLower(outputs('作成:取得した変数')?['flag']), 'true')"
            },
            "Get_Flow": {
              "runAfter": {},
              "metadata": {
                "operationMetadataId": "65071f51-aa00-4e63-b2d5-56d93fd3ed72"
              },
              "type": "OpenApiConnection",
              "inputs": {
                "host": {
                  "connectionName": "shared_flowmanagement",
                  "operationId": "GetFlow",
                  "apiId": "/providers/Microsoft.PowerApps/apis/shared_flowmanagement"
                },
                "parameters": {
                  "environmentName": "8361665a-57aa-e883-bc6e-39a2a80ca7bc",
                  "flowName": "72e5fa77-916f-f011-b4cd-000d3acec242"
                },
                "authentication": "@parameters('$authentication')"
              }
            },
            "作成:取得した変数": {
              "runAfter": {
                "Get_Flow": [
                  "Succeeded"
                ]
              },
              "metadata": {
                "operationMetadataId": "89c6b24f-e10e-4d18-83af-5327795d98bb"
              },
              "type": "Compose",
              "inputs": "@outputs('Get_flow')?['body']?['properties']?['definition']?['actions']?['変数を初期化する']?['inputs']?['variables'][0]?['value']"
            }
          },
          "runAfter": {
            "作成:今日の日付": [
              "Succeeded"
            ]
          },
          "metadata": {
            "operationMetadataId": "6cd57fe6-730a-4436-a60b-e4685e94699f"
          },
          "type": "Scope"
        },
        "作成:今日の日付": {
          "runAfter": {},
          "metadata": {
            "operationMetadataId": "2f87a6bb-7b24-4e1e-8c68-b6342532fc52"
          },
          "type": "Compose",
          "inputs": "@convertTimeZone('2025-07-30', 'UTC', 'Tokyo Standard Time', 'yyyy/MM/dd')"
        }
      }
    },
    "templateName": ""
  },
  "schemaVersion": "1.0.0.0"
}