{"name":"88557388-f4d8-4f27-9d2f-0d981d31e2c8","id":"/providers/Microsoft.Flow/flows/88557388-f4d8-4f27-9d2f-0d981d31e2c8","type":"Microsoft.Flow/flows","properties":{"apiId":"/providers/Microsoft.PowerApps/apis/shared_logicflows","displayName":"分岐ロジックの経験則 パターン1 修正後","definition":{"metadata":{"workflowEntityId":null,"processAdvisorMetadata":null,"flowclientsuspensionreason":"None","flowclientsuspensiontime":null,"flowclientsuspensionreasondetails":null,"creator":{"id":"4a4a76fc-3a14-4340-98f0-54fa153de806","type":"User","tenantId":"81aef3cb-2cfc-44d3-ac59-1bb45d66f910"},"provisioningMethod":"FromDefinition","failureAlertSubscription":true,"clientLastModifiedTime":"2023-01-08T13:05:36.4744721Z"},"$schema":"https://schema.management.azure.com/providers/Microsoft.Logic/schemas/2016-06-01/workflowdefinition.json#","contentVersion":"1.0.0.0","parameters":{"$authentication":{"defaultValue":{},"type":"SecureObject"}},"triggers":{"manual":{"metadata":{"operationMetadataId":"69d2351c-2b14-491d-9801-3c980c3c9531"},"type":"Request","kind":"Button","inputs":{"schema":{"type":"object","properties":{"boolean":{"title":"分岐A","type":"boolean","x-ms-dynamically-added":true,"description":"[はい] または [いいえ] を選択してください","x-ms-content-hint":"BOOLEAN"},"boolean_1":{"title":"分岐B","type":"boolean","x-ms-dynamically-added":true,"description":"[はい] または [いいえ] を選択してください","x-ms-content-hint":"BOOLEAN"}},"required":["boolean","boolean_1"]}}}},"actions":{"条件-分岐Aが「はい」である":{"actions":{},"runAfter":{},"else":{"actions":{"終了":{"runAfter":{},"metadata":{"operationMetadataId":"8e42b900-0e45-4c99-8aee-c7da203f5bc6"},"type":"Terminate","inputs":{"runStatus":"Succeeded"}}}},"expression":{"equals":["@triggerBody()['boolean']",true]},"metadata":{"operationMetadataId":"1983047e-fc82-427e-8690-22aa270105bd"},"type":"If"},"条件-分岐Bが「はい」である":{"actions":{},"runAfter":{"条件-分岐Aが「はい」である":["Succeeded"]},"else":{"actions":{"終了_2":{"runAfter":{},"metadata":{"operationMetadataId":"4a08a480-a58e-4410-9a26-1012d622eff0"},"type":"Terminate","inputs":{"runStatus":"Succeeded"}}}},"expression":{"equals":["",""]},"metadata":{"operationMetadataId":"841fb691-431e-4fda-be8e-b5b58a5688e0"},"type":"If"},"スコープ-分岐Aがtrue、かつ分岐Bがtrueのときに実行したい処理":{"actions":{},"runAfter":{"条件-分岐Bが「はい」である":["Succeeded"]},"metadata":{"operationMetadataId":"c8ba32d2-62a6-4ee8-afc2-02fbaf45e3c5"},"type":"Scope"}}},"connectionReferences":{},"flowFailureAlertSubscribed":false,"isManaged":false}}