{
  "properties": {
    "connectionReferences": {
      "shared_flowmanagement": {
        "runtimeSource": "invoker",
        "connection": {
          "connectionReferenceLogicalName": "wataruf_sharedflowmanagement_497d2"
        },
        "api": {
          "name": "shared_flowmanagement"
        }
      },
      "shared_onedriveforbusiness": {
        "runtimeSource": "invoker",
        "connection": {
          "connectionReferenceLogicalName": "wataruf_sharedonedriveforbusiness_9de5c"
        },
        "api": {
          "name": "shared_onedriveforbusiness"
        }
      },
      "shared_office365users": {
        "runtimeSource": "invoker",
        "connection": {
          "connectionReferenceLogicalName": "wataruf_sharedoffice365users_2c442"
        },
        "api": {
          "name": "shared_office365users"
        }
      },
      "shared_teams": {
        "runtimeSource": "invoker",
        "connection": {
          "connectionReferenceLogicalName": "wataruf_sharedteams_5b276"
        },
        "api": {
          "name": "shared_teams"
        }
      }
    },
    "definition": {
      "$schema": "https://schema.management.azure.com/providers/Microsoft.Logic/schemas/2016-06-01/workflowdefinition.json#",
      "contentVersion": "1.0.0.0",
      "parameters": {
        "$connections": {
          "defaultValue": {},
          "type": "Object"
        },
        "$authentication": {
          "defaultValue": {},
          "type": "SecureObject"
        }
      },
      "triggers": {
        "manual": {
          "metadata": {
            "operationMetadataId": "5cb2721c-807c-4cc6-a033-19420932f2f1"
          },
          "type": "Request",
          "kind": "Button",
          "inputs": {
            "schema": {
              "type": "object",
              "properties": {},
              "required": []
            }
          }
        }
      },
      "actions": {
        "管理者としてフローの一覧を取得_(V2)": {
          "runAfter": {},
          "metadata": {
            "operationMetadataId": "e718b17b-d519-45f2-90f9-76a0ed893517"
          },
          "type": "OpenApiConnection",
          "inputs": {
            "host": {
              "connectionName": "shared_flowmanagement",
              "operationId": "ListFlowsInEnvironment_V2",
              "apiId": "/providers/Microsoft.PowerApps/apis/shared_flowmanagement"
            },
            "parameters": {
              "environmentName": "Default-9c090045-a219-4ceb-9ac8-9e80cf18437e",
              "includeSoftDeletedFlows": false
            },
            "authentication": {
              "type": "Raw",
              "value": "@json(decodeBase64(triggerOutputs().headers['X-MS-APIM-Tokens']))['$ConnectionKey']"
            }
          }
        },
        "選択-環境内のフロー一覧": {
          "runAfter": {
            "変数を初期化する-フローの親子関係表": [
              "Succeeded"
            ]
          },
          "metadata": {
            "operationMetadataId": "18dda542-75fd-4712-bce3-c064b3042464"
          },
          "type": "Select",
          "inputs": {
            "from": "@outputs('管理者としてフローの一覧を取得_(V2)')?['body/value']",
            "select": {
              "FlowName": "@item()?['name']",
              "FlowDisplayName": "@item()?['properties']?['displayName']",
              "EnvironmentName": "@item()?['properties']?['environment']?['name']",
              "workflowEntityId": "@item()?['properties']?['workflowEntityId']"
            }
          }
        },
        "Apply_to_each-環境内のフロー": {
          "foreach": "@body('選択-環境内のフロー一覧')",
          "actions": {
            "スコープ-try": {
              "actions": {
                "フローの取得": {
                  "runAfter": {},
                  "metadata": {
                    "operationMetadataId": "d37a58cc-0f72-41ea-9b21-72d02a4e21c0"
                  },
                  "type": "OpenApiConnection",
                  "inputs": {
                    "host": {
                      "connectionName": "shared_flowmanagement",
                      "operationId": "GetFlow",
                      "apiId": "/providers/Microsoft.PowerApps/apis/shared_flowmanagement"
                    },
                    "parameters": {
                      "environmentName": "@items('Apply_to_each-環境内のフロー')?['EnvironmentName']",
                      "flowName": "@items('Apply_to_each-環境内のフロー')?['FlowName']"
                    },
                    "authentication": {
                      "type": "Raw",
                      "value": "@json(decodeBase64(triggerOutputs().headers['X-MS-APIM-Tokens']))['$ConnectionKey']"
                    }
                  }
                },
                "作成-子フローの呼び出しを取得": {
                  "runAfter": {
                    "フローの取得": [
                      "Succeeded"
                    ]
                  },
                  "metadata": {
                    "operationMetadataId": "b846f9a4-056f-49ed-a98a-0f2315872277"
                  },
                  "type": "Compose",
                  "inputs": "@xpath(xml(json(concat('{','actions:',outputs('フローの取得')?['body/properties/definition/actions'],'}'))),'//workflowReferenceName')"
                },
                "選択-子フローのworkflowEntityIdを取得": {
                  "runAfter": {
                    "作成-子フローの呼び出しを取得": [
                      "Succeeded"
                    ]
                  },
                  "metadata": {
                    "operationMetadataId": "e9b7d6f6-4a72-41d9-bd85-cd9f1084fefe"
                  },
                  "type": "Select",
                  "inputs": {
                    "from": "@union(outputs('作成-子フローの呼び出しを取得'),outputs('作成-子フローの呼び出しを取得'))",
                    "select": "@replace(replace(base64ToString(item()?['$content']),'<workflowReferenceName>',''),'</workflowReferenceName>','')"
                  }
                },
                "Apply_to_each-親フローが呼び出している子フロー": {
                  "foreach": "@body('選択-子フローのworkflowEntityIdを取得')",
                  "actions": {
                    "配列変数に追加": {
                      "runAfter": {
                        "アレイのフィルター処理-workflowEntityIdをキーにして子フローの情報を取得": [
                          "Succeeded"
                        ]
                      },
                      "metadata": {
                        "operationMetadataId": "4625ddaa-c715-499d-b97c-030b43a31f09"
                      },
                      "type": "AppendToArrayVariable",
                      "inputs": {
                        "name": "フローの親子関係表",
                        "value": {
                          "親フロー表示名": "@{outputs('フローの取得')?['body/properties/displayName']}",
                          "親フロー名": "@{outputs('フローの取得')?['body/name']}",
                          "⇒": "⇒",
                          "子フロー表示名": "@{first(body('アレイのフィルター処理-workflowEntityIdをキーにして子フローの情報を取得'))?['FlowDisplayName']}",
                          "子フロー名": "@{first(body('アレイのフィルター処理-workflowEntityIdをキーにして子フローの情報を取得'))?['FlowName']}"
                        }
                      }
                    },
                    "アレイのフィルター処理-workflowEntityIdをキーにして子フローの情報を取得": {
                      "runAfter": {},
                      "metadata": {
                        "operationMetadataId": "91383987-b5b2-45e4-a579-08079d3518d1"
                      },
                      "type": "Query",
                      "inputs": {
                        "from": "@body('選択-環境内のフロー一覧')",
                        "where": "@equals(item()?['workflowEntityId'], items('Apply_to_each-親フローが呼び出している子フロー'))"
                      }
                    }
                  },
                  "runAfter": {
                    "選択-子フローのworkflowEntityIdを取得": [
                      "Succeeded"
                    ]
                  },
                  "metadata": {
                    "operationMetadataId": "68971711-dfd0-4975-b7a0-d641de6ab04f"
                  },
                  "type": "Foreach"
                }
              },
              "runAfter": {},
              "metadata": {
                "operationMetadataId": "475f55c0-1f74-4a28-bf7e-27763bec3b33"
              },
              "type": "Scope"
            },
            "スコープ-catch": {
              "actions": {},
              "runAfter": {
                "スコープ-try": [
                  "Succeeded",
                  "Failed",
                  "Skipped",
                  "TimedOut"
                ]
              },
              "metadata": {
                "operationMetadataId": "40ac4137-22a1-441d-aca1-50c1d848924e"
              },
              "type": "Scope"
            }
          },
          "runAfter": {
            "選択-環境内のフロー一覧": [
              "Succeeded"
            ]
          },
          "metadata": {
            "operationMetadataId": "3164b317-b8b0-4426-9f55-16170d86663c"
          },
          "type": "Foreach"
        },
        "変数を初期化する-フローの親子関係表": {
          "runAfter": {
            "管理者としてフローの一覧を取得_(V2)": [
              "Succeeded"
            ]
          },
          "metadata": {
            "operationMetadataId": "a7c7edee-7e64-4a76-b35c-18dd068681e3"
          },
          "type": "InitializeVariable",
          "inputs": {
            "variables": [
              {
                "name": "フローの親子関係表",
                "type": "array"
              }
            ]
          }
        },
        "CSV_テーブルの作成": {
          "runAfter": {
            "Apply_to_each-環境内のフロー": [
              "Succeeded"
            ]
          },
          "metadata": {
            "operationMetadataId": "515bb647-a53a-43f1-a82e-71a452dab502"
          },
          "type": "Table",
          "inputs": {
            "from": "@variables('フローの親子関係表')",
            "format": "CSV"
          }
        },
        "スコープ-OneDriveにCSV保存してチャットで保存先を通知する": {
          "actions": {
            "ファイルの作成": {
              "runAfter": {},
              "metadata": {
                "operationMetadataId": "c9974402-b1de-4ef3-8795-cc2e22a98e31"
              },
              "type": "OpenApiConnection",
              "inputs": {
                "host": {
                  "connectionName": "shared_onedriveforbusiness",
                  "operationId": "CreateFile",
                  "apiId": "/providers/Microsoft.PowerApps/apis/shared_onedriveforbusiness"
                },
                "parameters": {
                  "folderPath": "/環境内にあるフローの親子関係を一覧表示",
                  "name": "@{convertTimeZone(utcNow(), 'UTC', 'Tokyo Standard Time', 'yyyyMMdd_HHmm')}.csv",
                  "body": "@concat(decodeUriComponent('%EF%BB%BF'), body('CSV_テーブルの作成'))"
                },
                "authentication": {
                  "type": "Raw",
                  "value": "@json(decodeBase64(triggerOutputs().headers['X-MS-APIM-Tokens']))['$ConnectionKey']"
                }
              },
              "runtimeConfiguration": {
                "contentTransfer": {
                  "transferMode": "Chunked"
                }
              }
            },
            "作成-チャットの本文": {
              "runAfter": {
                "共有リンクを作成する": [
                  "Succeeded"
                ]
              },
              "metadata": {
                "operationMetadataId": "468cccc0-68b7-4b45-a6f4-baf814e4ac25"
              },
              "type": "Compose",
              "inputs": "環境内にあるフローの親子関係をCSV形式でエクスポートしました。\n\n【CSVの保存先パス】\n<a href=\"@{outputs('共有リンクを作成する')?['body/WebUrl']}\">CSVを開く</a>"
            },
            "共有リンクを作成する": {
              "runAfter": {
                "ファイルの作成": [
                  "Succeeded"
                ]
              },
              "metadata": {
                "operationMetadataId": "1ea5ae58-9988-4322-a21e-b09c30a2e772"
              },
              "type": "OpenApiConnection",
              "inputs": {
                "host": {
                  "connectionName": "shared_onedriveforbusiness",
                  "operationId": "CreateShareLinkV2",
                  "apiId": "/providers/Microsoft.PowerApps/apis/shared_onedriveforbusiness"
                },
                "parameters": {
                  "id": "@outputs('ファイルの作成')?['body/Id']",
                  "type": "View",
                  "scope": "Organization"
                },
                "authentication": {
                  "type": "Raw",
                  "value": "@json(decodeBase64(triggerOutputs().headers['X-MS-APIM-Tokens']))['$ConnectionKey']"
                }
              }
            },
            "マイ_プロフィールの取得_(V2)": {
              "runAfter": {
                "作成-チャットの本文": [
                  "Succeeded"
                ]
              },
              "metadata": {
                "operationMetadataId": "c31bd169-1d5e-40d9-91ae-a0e49c1813d9"
              },
              "type": "OpenApiConnection",
              "inputs": {
                "host": {
                  "connectionName": "shared_office365users",
                  "operationId": "MyProfile_V2",
                  "apiId": "/providers/Microsoft.PowerApps/apis/shared_office365users"
                },
                "parameters": {},
                "authentication": {
                  "type": "Raw",
                  "value": "@json(decodeBase64(triggerOutputs().headers['X-MS-APIM-Tokens']))['$ConnectionKey']"
                }
              }
            },
            "チャットまたはチャネルでメッセージを投稿する": {
              "runAfter": {
                "マイ_プロフィールの取得_(V2)": [
                  "Succeeded"
                ]
              },
              "metadata": {
                "operationMetadataId": "2e23e97c-97ab-4744-8785-dbb67e7cbbeb"
              },
              "type": "OpenApiConnection",
              "inputs": {
                "host": {
                  "connectionName": "shared_teams",
                  "operationId": "PostMessageToConversation",
                  "apiId": "/providers/Microsoft.PowerApps/apis/shared_teams"
                },
                "parameters": {
                  "poster": "Flow bot",
                  "location": "Chat with Flow bot",
                  "body/recipient": "@outputs('マイ_プロフィールの取得_(V2)')?['body/mail']",
                  "body/messageBody": "<p>@{replace(outputs('作成-チャットの本文'), decodeUriComponent('%0A'), '<br/>')}</p>"
                },
                "authentication": {
                  "type": "Raw",
                  "value": "@json(decodeBase64(triggerOutputs().headers['X-MS-APIM-Tokens']))['$ConnectionKey']"
                }
              }
            }
          },
          "runAfter": {
            "CSV_テーブルの作成": [
              "Succeeded"
            ]
          },
          "metadata": {
            "operationMetadataId": "a468edb0-7f7b-4315-be0f-93c4770535f5"
          },
          "type": "Scope"
        }
      }
    },
    "templateName": ""
  },
  "schemaVersion": "1.0.0.0"
}