{
  "properties": {
    "connectionReferences": {},
    "definition": {
      "$schema": "https://schema.management.azure.com/providers/Microsoft.Logic/schemas/2016-06-01/workflowdefinition.json#",
      "contentVersion": "1.0.0.0",
      "parameters": {
        "$authentication": {
          "defaultValue": {},
          "type": "SecureObject"
        }
      },
      "triggers": {
        "manual": {
          "metadata": {
            "operationMetadataId": "433390bd-0b32-4f95-91b4-c582d6b539e9"
          },
          "type": "Request",
          "kind": "Button",
          "inputs": {
            "schema": {
              "type": "object",
              "properties": {},
              "required": []
            }
          }
        }
      },
      "actions": {
        "子フローの実行": {
          "runAfter": {},
          "metadata": {
            "operationMetadataId": "fc79a2fd-f0a0-40d9-b5ea-e4dfa08a7667"
          },
          "type": "Workflow",
          "inputs": {
            "host": {
              "workflowReferenceName": "ffcc5bf7-03aa-ee11-be37-6045bd63d558"
            }
          }
        },
        "子フローの実行_2": {
          "runAfter": {
            "子フローの実行": [
              "Succeeded"
            ]
          },
          "metadata": {
            "operationMetadataId": "701e85ff-cc7a-4c52-b25d-e8f02c606acc"
          },
          "type": "Workflow",
          "inputs": {
            "host": {
              "workflowReferenceName": "4a142908-04aa-ee11-be37-6045bd63d558"
            }
          }
        },
        "子フローの実行_3": {
          "runAfter": {
            "子フローの実行_2": [
              "Succeeded"
            ]
          },
          "metadata": {
            "operationMetadataId": "3152b371-79f4-4280-98c2-6f2585be2c87"
          },
          "type": "Workflow",
          "inputs": {
            "host": {
              "workflowReferenceName": "35cd7f12-04aa-ee11-be37-6045bd63d558"
            }
          }
        }
      }
    },
    "templateName": ""
  },
  "schemaVersion": "1.0.0.0"
}