{
  "properties": {
    "connectionReferences": {},
    "definition": {
      "$schema": "https://schema.management.azure.com/providers/Microsoft.Logic/schemas/2016-06-01/workflowdefinition.json#",
      "contentVersion": "1.0.0.0",
      "parameters": {
        "$authentication": {
          "defaultValue": {},
          "type": "SecureObject"
        }
      },
      "triggers": {
        "manual": {
          "metadata": {
            "operationMetadataId": "ab8a5265-1bb5-44f5-b8ec-6f0697703a5d"
          },
          "type": "Request",
          "kind": "Button",
          "inputs": {
            "schema": {
              "type": "object",
              "properties": {},
              "required": []
            }
          }
        }
      },
      "actions": {
        "子フローの実行": {
          "runAfter": {},
          "metadata": {
            "operationMetadataId": "46741c3e-ea36-4510-bf4f-116fda5444f8"
          },
          "type": "Workflow",
          "inputs": {
            "host": {
              "workflowReferenceName": "ffcc5bf7-03aa-ee11-be37-6045bd63d558"
            }
          }
        },
        "子フローの実行_2": {
          "runAfter": {
            "子フローの実行": [
              "Succeeded"
            ]
          },
          "metadata": {
            "operationMetadataId": "82ba6e58-9a7c-4e6e-ab4a-2ecaeee69da7"
          },
          "type": "Workflow",
          "inputs": {
            "host": {
              "workflowReferenceName": "35cd7f12-04aa-ee11-be37-6045bd63d558"
            }
          }
        }
      }
    },
    "templateName": null
  },
  "schemaVersion": "1.0.0.0"
}