{"name":"21931b02-8d20-44ad-a21e-19bb8d960870","id":"/providers/Microsoft.Flow/flows/21931b02-8d20-44ad-a21e-19bb8d960870","type":"Microsoft.Flow/flows","properties":{"apiId":"/providers/Microsoft.PowerApps/apis/shared_logicflows","displayName":"チームのメンバーを別チームのタグに同期","definition":{"metadata":{"workflowEntityId":null,"processAdvisorMetadata":null,"flowChargedByPaygo":null,"flowclientsuspensionreason":"None","flowclientsuspensiontime":null,"flowclientsuspensionreasondetails":"","creator":{"id":"4a4a76fc-3a14-4340-98f0-54fa153de806","type":"User","tenantId":"81aef3cb-2cfc-44d3-ac59-1bb45d66f910"},"provisioningMethod":"FromDefinition","failureAlertSubscription":true,"clientLastModifiedTime":"2023-06-03T07:43:17.2978936Z"},"$schema":"https://schema.management.azure.com/providers/Microsoft.Logic/schemas/2016-06-01/workflowdefinition.json#","contentVersion":"1.0.0.0","parameters":{"$connections":{"defaultValue":{},"type":"Object"},"$authentication":{"defaultValue":{},"type":"SecureObject"}},"triggers":{"グループ_メンバーが追加または削除されたとき":{"recurrence":{"frequency":"Minute","interval":1},"splitOn":"@triggerOutputs()?['body']","metadata":{"operationMetadataId":"684523df-1e03-4189-9a92-8d334840094d"},"type":"OpenApiConnection","inputs":{"host":{"apiId":"/providers/Microsoft.PowerApps/apis/shared_office365groups","connectionName":"shared_office365groups","operationId":"OnGroupMembershipChange"},"parameters":{"groupId":"fd9a1dbb-221f-48d0-9ebf-8c8d52422ee4"},"authentication":"@parameters('$authentication')"}}},"actions":{"作成-同期先のタグがあるチームのID":{"runAfter":{},"metadata":{"operationMetadataId":"aaa4b890-517f-49dd-850f-dc1d29c19fa8"},"type":"Compose","inputs":"3994cbe8-a0eb-42d0-863f-f07b79339f47"},"作成-タグの名前":{"runAfter":{"作成-同期先のタグがあるチームのID":["Succeeded"]},"metadata":{"operationMetadataId":"c6d5ca2f-7335-472e-8a1d-6b2d781b6e08"},"type":"Compose","inputs":"同期元チームのタグ"},"スコープ-同期元のチームメンバーを取得":{"actions":{"グループ_メンバーの一覧表示-同期元チーム":{"runAfter":{},"metadata":{"operationMetadataId":"8535af7b-aa7d-42ed-a122-959c73777e1d"},"type":"OpenApiConnection","inputs":{"host":{"apiId":"/providers/Microsoft.PowerApps/apis/shared_office365groups","connectionName":"shared_office365groups","operationId":"ListGroupMembers"},"parameters":{"groupId":"@trigger()?['inputs']?['parameters']?['groupId']"},"authentication":"@parameters('$authentication')"}},"選択-同期元チームに含まれるメンバー":{"runAfter":{"グループ_メンバーの一覧表示-同期元チーム":["Succeeded"]},"metadata":{"operationMetadataId":"1d6e8c81-7d8c-4e4e-a7c2-d16397b8eca1"},"type":"Select","inputs":{"from":"@outputs('グループ_メンバーの一覧表示-同期元チーム')?['body/value']","select":{"userId":"@item()?['id']","displayName":"@item()?['displayName']"}}}},"runAfter":{"作成-タグの名前":["Succeeded"]},"metadata":{"operationMetadataId":"a6354a62-a008-48dc-a418-71ff124b7b57"},"type":"Scope"},"スコープ-同期元チームと同期先チームのメンバーの差異を取得":{"actions":{"アレイのフィルター処理-同期元チームのみにいるメンバーを取得":{"runAfter":{},"metadata":{"operationMetadataId":"f96dc70b-5a61-4200-9be8-3a0c70d24e8b"},"type":"Query","inputs":{"from":"@body('選択-同期元チームに含まれるメンバー')","where":"@equals(contains(body('選択-同期先チームに含まれるメンバー'), item()), false)"}},"アレイのフィルター処理-同期先チームのみにいるメンバーを取得":{"runAfter":{"アレイのフィルター処理-同期元チームのみにいるメンバーを取得":["Succeeded"]},"metadata":{"operationMetadataId":"64c2b124-b1d8-4aa1-b603-a7155acd930d"},"type":"Query","inputs":{"from":"@body('選択-同期先チームに含まれるメンバー')","where":"@equals(contains(body('選択-同期元チームに含まれるメンバー'), item()), false)"}}},"runAfter":{"スコープ-同期先タグに含まれるメンバーを取得":["Succeeded"]},"metadata":{"operationMetadataId":"e8067f2c-0651-4601-93b5-ba69f6b9a6b2"},"type":"Scope"},"スコープ-同期元チームとタグのメンバーの差異を取得":{"actions":{"アレイのフィルター処理-同期元チームに有り、かつ、タグに無しメンバー":{"runAfter":{},"metadata":{"operationMetadataId":"3b1c5d30-73eb-4b60-967b-d34433bd9b35"},"type":"Query","inputs":{"from":"@body('選択-同期元チームに含まれるメンバー')","where":"@equals(contains(body('選択-タグに含まれるメンバー'), item()), false)"}},"アレイのフィルター処理-同期元チームに無し、かつ、タグに有りメンバー":{"runAfter":{"アレイのフィルター処理-同期元チームに有り、かつ、タグに無しメンバー":["Succeeded"]},"metadata":{"operationMetadataId":"842a9449-c4f7-47c5-9656-1d5dcc6bbb50"},"type":"Query","inputs":{"from":"@body('選択-タグに含まれるメンバー')","where":"@equals(contains(body('選択-同期元チームに含まれるメンバー'), item()), false)"}}},"runAfter":{"スコープ-同期元チームと同期先チームのメンバーの差異を取得":["Succeeded"]},"metadata":{"operationMetadataId":"2ffa5c3f-d13f-48c8-b00c-f29e7403ed89"},"type":"Scope"},"Apply_to_each-同期先チームにメンバーを追加":{"foreach":"@body('アレイのフィルター処理-同期元チームのみにいるメンバーを取得')","actions":{"チームにメンバーを追加する":{"runAfter":{},"metadata":{"operationMetadataId":"5828efde-8aa0-4901-8883-edf25d346b56"},"type":"OpenApiConnection","inputs":{"host":{"apiId":"/providers/Microsoft.PowerApps/apis/shared_teams","connectionName":"shared_teams","operationId":"AddMemberToTeam"},"parameters":{"teamId":"@outputs('作成-同期先のタグがあるチームのID')","body/userId":"@items('Apply_to_each-同期先チームにメンバーを追加')?['userId']","body/owner":false},"authentication":"@parameters('$authentication')"}}},"runAfter":{"スコープ-同期元チームとタグのメンバーの差異を取得":["Succeeded"]},"metadata":{"operationMetadataId":"8d57b4d1-9dc5-4eac-bab2-ac66c8190df7"},"type":"Foreach"},"Apply_to_each-不足しているメンバーをタグに追加":{"foreach":"@body('アレイのフィルター処理-同期元チームに有り、かつ、タグに無しメンバー')","actions":{"タグにメンバーを追加する":{"runAfter":{},"metadata":{"operationMetadataId":"0f0e11b5-12fd-42cf-8d1a-7385c798db87"},"type":"OpenApiConnection","inputs":{"host":{"apiId":"/providers/Microsoft.PowerApps/apis/shared_teams","connectionName":"shared_teams","operationId":"AddMemberToTag"},"parameters":{"groupId":"@outputs('作成-同期先のタグがあるチームのID')","tagId":"@outputs('作成-タグID')","body/userId":"@items('Apply_to_each-不足しているメンバーをタグに追加')?['userId']"},"authentication":"@parameters('$authentication')"}}},"runAfter":{"Apply_to_each-同期先チームにメンバーを追加":["Succeeded"]},"metadata":{"operationMetadataId":"e44f7f3c-31e2-4d06-93ba-14f041a3c272"},"type":"Foreach"},"Apply_to_each-不要なメンバーをタグから削除":{"foreach":"@body('アレイのフィルター処理-同期元チームに無し、かつ、タグに有りメンバー')","actions":{"アレイのフィルター処理-タグ内のメンバー一覧から削除対象ユーザーを取得":{"runAfter":{},"metadata":{"operationMetadataId":"1f2b5a6e-d690-4854-b18f-a5092d35ce08"},"type":"Query","inputs":{"from":"@outputs('タグのメンバーを一覧表示する')?['body/value']","where":"@equals(item()?['userId'], items('Apply_to_each-不要なメンバーをタグから削除')?['userId'])"}},"タグからメンバーを削除する":{"runAfter":{"アレイのフィルター処理-タグ内のメンバー一覧から削除対象ユーザーを取得":["Succeeded"]},"metadata":{"operationMetadataId":"1dfb0783-f3e9-4ac3-a11d-03febc12d16a"},"type":"OpenApiConnection","inputs":{"host":{"apiId":"/providers/Microsoft.PowerApps/apis/shared_teams","connectionName":"shared_teams","operationId":"DeleteTagMember"},"parameters":{"groupId":"@outputs('作成-同期先のタグがあるチームのID')","tagId":"@outputs('作成-タグID')","tagMemberId":"@first(body('アレイのフィルター処理-タグ内のメンバー一覧から削除対象ユーザーを取得'))?['id']"},"authentication":"@parameters('$authentication')"}}},"runAfter":{"Apply_to_each-不足しているメンバーをタグに追加":["Succeeded"]},"metadata":{"operationMetadataId":"be92a501-6af1-460f-be3b-8bace483781a"},"type":"Foreach"},"スコープ-同期先タグに含まれるメンバーを取得":{"actions":{"チームのタグをすべて一覧表示する":{"runAfter":{},"metadata":{"operationMetadataId":"41077d97-a8ed-4edf-bea4-cb57fb077d97"},"type":"OpenApiConnection","inputs":{"host":{"apiId":"/providers/Microsoft.PowerApps/apis/shared_teams","connectionName":"shared_teams","operationId":"GetTags"},"parameters":{"groupId":"@outputs('作成-同期先のタグがあるチームのID')"},"authentication":"@parameters('$authentication')"}},"アレイのフィルター処理":{"runAfter":{"チームのタグをすべて一覧表示する":["Succeeded"]},"metadata":{"operationMetadataId":"87fc02ff-c5db-43f4-917e-af1ee573143d"},"type":"Query","inputs":{"from":"@outputs('チームのタグをすべて一覧表示する')?['body/value']","where":"@equals(item()?['displayName'], outputs('作成-タグの名前'))"}},"作成-タグID":{"runAfter":{"アレイのフィルター処理":["Succeeded"]},"metadata":{"operationMetadataId":"05324d44-3589-4c59-a6a7-f4caa16dcdd1"},"type":"Compose","inputs":"@first(body('アレイのフィルター処理'))?['Id']"},"タグのメンバーを一覧表示する":{"runAfter":{"作成-タグID":["Succeeded"]},"metadata":{"operationMetadataId":"a113da78-6a55-4020-bc4b-b1b0581e5664"},"type":"OpenApiConnection","inputs":{"host":{"apiId":"/providers/Microsoft.PowerApps/apis/shared_teams","connectionName":"shared_teams","operationId":"GetTagMembers"},"parameters":{"groupId":"@outputs('作成-同期先のタグがあるチームのID')","tagId":"@outputs('作成-タグID')"},"authentication":"@parameters('$authentication')"}},"選択-タグに含まれるメンバー":{"runAfter":{"タグのメンバーを一覧表示する":["Succeeded"]},"metadata":{"operationMetadataId":"9288c494-8ffd-49c7-9ed5-1bf1bb18cc8f"},"type":"Select","inputs":{"from":"@outputs('タグのメンバーを一覧表示する')?['body/value']","select":{"userId":"@item()?['userId']","displayName":"@item()?['displayName']"}}}},"runAfter":{"スコープ-同期先のチームメンバーを取得":["Succeeded"]},"metadata":{"operationMetadataId":"46341155-c52c-4e6b-b79e-c924e3691856"},"type":"Scope"},"スコープ-同期先のチームメンバーを取得":{"actions":{"グループ_メンバーの一覧表示-同期先チーム":{"runAfter":{},"metadata":{"operationMetadataId":"7de0136f-70e2-496e-a80f-dcef36aec090"},"type":"OpenApiConnection","inputs":{"host":{"apiId":"/providers/Microsoft.PowerApps/apis/shared_office365groups","connectionName":"shared_office365groups","operationId":"ListGroupMembers"},"parameters":{"groupId":"@outputs('作成-同期先のタグがあるチームのID')"},"authentication":"@parameters('$authentication')"}},"選択-同期先チームに含まれるメンバー":{"runAfter":{"グループ_メンバーの一覧表示-同期先チーム":["Succeeded"]},"metadata":{"operationMetadataId":"1308d92e-54bb-483e-9495-74d732093add"},"type":"Select","inputs":{"from":"@outputs('グループ_メンバーの一覧表示-同期先チーム')?['body/value']","select":{"userId":"@item()?['id']","displayName":"@item()?['displayName']"}}}},"runAfter":{"スコープ-同期元のチームメンバーを取得":["Succeeded"]},"metadata":{"operationMetadataId":"a6354a62-a008-48dc-a418-71ff124b7b57"},"type":"Scope"}},"outputs":{}},"connectionReferences":{"shared_office365groups":{"connectionName":"a32d8162535a49e8a044eedac31a6e50","source":"Embedded","id":"/providers/Microsoft.PowerApps/apis/shared_office365groups","tier":"NotSpecified"},"shared_teams":{"connectionName":"shared-teams-d9071561-66c8-4ab3-9d55-9067bb4438ac","source":"Embedded","id":"/providers/Microsoft.PowerApps/apis/shared_teams","tier":"NotSpecified"}},"flowFailureAlertSubscribed":false,"isManaged":false}}