{
  "properties": {
    "connectionReferences": {},
    "definition": {
      "$schema": "https://schema.management.azure.com/providers/Microsoft.Logic/schemas/2016-06-01/workflowdefinition.json#",
      "contentVersion": "1.0.0.0",
      "parameters": {
        "$authentication": {
          "defaultValue": {},
          "type": "SecureObject"
        }
      },
      "triggers": {
        "manual": {
          "metadata": {
            "operationMetadataId": "60bafd2b-26a2-4ebc-9301-defc6257454c"
          },
          "type": "Request",
          "kind": "Button",
          "inputs": {
            "schema": {
              "type": "object",
              "properties": {
                "text": {
                  "description": "入力を指定してください",
                  "title": "スコープの処理結果",
                  "type": "string",
                  "x-ms-content-hint": "TEXT",
                  "x-ms-dynamically-added": true
                }
              },
              "required": [
                "text"
              ]
            }
          }
        }
      },
      "actions": {
        "PowerApp_または_Flow_に応答する": {
          "runAfter": {
            "条件-失敗が0件である": [
              "Succeeded"
            ]
          },
          "metadata": {
            "operationMetadataId": "a0ffd8f8-7c2f-4b78-aed7-a23181d05ba7"
          },
          "type": "Response",
          "kind": "PowerApp",
          "inputs": {
            "statusCode": 200,
            "body": {
              "このスコープでのエラー発生の有無": "@variables('このスコープのエラーの有無')"
            },
            "schema": {
              "type": "object",
              "properties": {
                "このスコープでのエラー発生の有無": {
                  "title": "このスコープでのエラー発生の有無",
                  "x-ms-dynamically-added": true,
                  "type": "boolean"
                }
              }
            }
          }
        },
        "作成-スコープの処理結果を取得": {
          "runAfter": {
            "変数を初期化する": [
              "Succeeded"
            ]
          },
          "metadata": {
            "operationMetadataId": "b7f03fa4-2550-4e9d-8d59-1c7491df97c6"
          },
          "type": "Compose",
          "inputs": "@triggerBody()?['text']"
        },
        "選択-処理結果からアクション名と実行成否を取得": {
          "runAfter": {
            "作成-スコープの処理結果を取得": [
              "Succeeded"
            ]
          },
          "metadata": {
            "operationMetadataId": "bd6195de-13e8-4747-9fda-364d9189f41c"
          },
          "type": "Select",
          "inputs": {
            "from": "@json(string(outputs('作成-スコープの処理結果を取得')))",
            "select": {
              "アクション名": "@item()['name']",
              "status": "@item()['status']"
            }
          }
        },
        "アレイのフィルター処理-実行成否が失敗であるものを取得": {
          "runAfter": {
            "選択-処理結果からアクション名と実行成否を取得": [
              "Succeeded"
            ]
          },
          "metadata": {
            "operationMetadataId": "02527d73-2e1b-4d01-8bae-e0b1d7f456ef"
          },
          "type": "Query",
          "inputs": {
            "from": "@body('選択-処理結果からアクション名と実行成否を取得')",
            "where": "@equals(item()['status'], 'Failed')"
          }
        },
        "作成-失敗の件数": {
          "runAfter": {
            "アレイのフィルター処理-実行成否が失敗であるものを取得": [
              "Succeeded"
            ]
          },
          "metadata": {
            "operationMetadataId": "d46c5d9c-9ca6-484a-90a3-5bd1295ffccd"
          },
          "type": "Compose",
          "inputs": "@length(body('アレイのフィルター処理-実行成否が失敗であるものを取得'))"
        },
        "条件-失敗が0件である": {
          "actions": {},
          "runAfter": {
            "作成-失敗の件数": [
              "Succeeded"
            ]
          },
          "else": {
            "actions": {
              "変数の設定-このスコープのエラーの有無をtrueに変更": {
                "runAfter": {},
                "metadata": {
                  "operationMetadataId": "569b8958-d044-4455-925e-b62df1ccd526"
                },
                "type": "SetVariable",
                "inputs": {
                  "name": "このスコープのエラーの有無",
                  "value": true
                }
              }
            }
          },
          "expression": {
            "equals": [
              "@outputs('作成-失敗の件数')",
              0
            ]
          },
          "metadata": {
            "operationMetadataId": "9cc60002-9b16-4e81-84d3-2c1f92cc76d4"
          },
          "type": "If"
        },
        "変数を初期化する": {
          "runAfter": {},
          "metadata": {
            "operationMetadataId": "fd99c1e3-3bce-46b3-a5a6-5dea2349e028"
          },
          "type": "InitializeVariable",
          "inputs": {
            "variables": [
              {
                "name": "このスコープのエラーの有無",
                "type": "boolean",
                "value": false
              }
            ]
          }
        }
      }
    },
    "templateName": ""
  },
  "schemaVersion": "1.0.0.0"
}