{
  "properties": {
    "connectionReferences": {
      "shared_office365_1": {
        "runtimeSource": "invoker",
        "connection": {
          "connectionReferenceLogicalName": "cr738_sharedoffice365_ce471"
        },
        "api": {
          "name": "shared_office365"
        }
      }
    },
    "definition": {
      "$schema": "https://schema.management.azure.com/providers/Microsoft.Logic/schemas/2016-06-01/workflowdefinition.json#",
      "contentVersion": "1.0.0.0",
      "parameters": {
        "$connections": {
          "defaultValue": {},
          "type": "Object"
        },
        "$authentication": {
          "defaultValue": {},
          "type": "SecureObject"
        }
      },
      "triggers": {
        "manual": {
          "metadata": {
            "operationMetadataId": "60bafd2b-26a2-4ebc-9301-defc6257454c"
          },
          "type": "Request",
          "kind": "Button",
          "inputs": {
            "schema": {
              "type": "object",
              "properties": {},
              "required": []
            }
          }
        }
      },
      "actions": {
        "スコープ-フェーズ1の処理": {
          "actions": {
            "作成-ゼロ除算のエラーを発生させる": {
              "runAfter": {},
              "metadata": {
                "operationMetadataId": "83ead594-5d09-41ca-8eae-1658571ec91b"
              },
              "type": "Compose",
              "inputs": "@div(1,0)"
            }
          },
          "runAfter": {
            "変数を初期化する-エラーの発生回数": [
              "Succeeded"
            ]
          },
          "metadata": {
            "operationMetadataId": "d8268448-437e-48ef-b6bc-047ba18a3c6f"
          },
          "type": "Scope"
        },
        "スコープ-フェーズ2の処理": {
          "actions": {},
          "runAfter": {
            "条件-フェーズ1でエラーが発生": [
              "Succeeded"
            ]
          },
          "metadata": {
            "operationMetadataId": "d8268448-437e-48ef-b6bc-047ba18a3c6f"
          },
          "type": "Scope"
        },
        "変数を初期化する-エラーの発生回数": {
          "runAfter": {},
          "metadata": {
            "operationMetadataId": "d5fc65b1-9453-4a61-8036-6d8534254829"
          },
          "type": "InitializeVariable",
          "inputs": {
            "variables": [
              {
                "name": "エラーの発生回数",
                "type": "integer",
                "value": 0
              }
            ]
          }
        },
        "条件-エラー発生回数が1回以上である": {
          "actions": {
            "作成-エラー時の通知": {
              "runAfter": {},
              "metadata": {
                "operationMetadataId": "d6aa4218-387c-4420-bbf5-7a6b3aa05e7e"
              },
              "type": "Compose",
              "inputs": "エラー発生時刻：\n@{convertTimeZone(utcnow(), 'UTC', 'Tokyo Standard Time', 'yyyy/MM/dd HH:mm')}\n\nエラー内容は下記リンクから参照してください。\n<a href='https://flow.microsoft.com/manage/environments/@{workflow()['tags']['environmentName']}/flows/@{workflow()['name']}/runs/@{workflow()['run']['name']}'>ワークフロー実行結果画面</a>"
            },
            "メールの送信_(V2)_": {
              "runAfter": {
                "作成-エラー時の通知": [
                  "Succeeded"
                ]
              },
              "metadata": {
                "operationMetadataId": "735e9c15-68ee-47f9-8ada-5b096fde060f"
              },
              "type": "OpenApiConnection",
              "inputs": {
                "host": {
                  "connectionName": "shared_office365_1",
                  "operationId": "SendEmailV2",
                  "apiId": "/providers/Microsoft.PowerApps/apis/shared_office365"
                },
                "parameters": {
                  "emailMessage/To": "admin@M365x80247309.OnMicrosoft.com",
                  "emailMessage/Subject": "エラーの通知です。",
                  "emailMessage/Body": "<p>@{replace(outputs('作成-エラー時の通知'), decodeUriComponent('%0A'), '<br/>')}</p>",
                  "emailMessage/Importance": "Normal"
                },
                "authentication": {
                  "type": "Raw",
                  "value": "@json(decodeBase64(triggerOutputs().headers['X-MS-APIM-Tokens']))['$ConnectionKey']"
                }
              }
            },
            "終了-フローを「失敗」ステータスで終了する": {
              "runAfter": {
                "メールの送信_(V2)_": [
                  "Succeeded"
                ]
              },
              "metadata": {
                "operationMetadataId": "e0dc339b-9e42-49f3-bbcc-96f36ab0df2b"
              },
              "type": "Terminate",
              "inputs": {
                "runStatus": "Failed"
              }
            }
          },
          "runAfter": {
            "条件-フェーズ2でエラーが発生": [
              "Succeeded"
            ]
          },
          "expression": {
            "greaterOrEquals": [
              "@variables('エラーの発生回数')",
              1
            ]
          },
          "metadata": {
            "operationMetadataId": "4ba057cc-0fdf-4918-af98-077aeda761e1"
          },
          "type": "If"
        },
        "子フローの実行-エラー処理-フェーズ1": {
          "runAfter": {
            "スコープ-フェーズ1の処理": [
              "Succeeded",
              "Failed",
              "Skipped",
              "TimedOut"
            ]
          },
          "metadata": {
            "operationMetadataId": "d5f2ad3d-e43e-4f18-b69c-b71b6ccc6216"
          },
          "type": "Workflow",
          "inputs": {
            "host": {
              "workflowReferenceName": "968fb825-4f97-ee11-be37-6045bd63d558"
            },
            "body": {
              "text": "@result('スコープ-フェーズ1の処理')"
            }
          }
        },
        "子フローの実行-エラー処理-フェーズ2": {
          "runAfter": {
            "スコープ-フェーズ2の処理": [
              "Succeeded",
              "TimedOut",
              "Skipped",
              "Failed"
            ]
          },
          "metadata": {
            "operationMetadataId": "d5f2ad3d-e43e-4f18-b69c-b71b6ccc6216"
          },
          "type": "Workflow",
          "inputs": {
            "host": {
              "workflowReferenceName": "968fb825-4f97-ee11-be37-6045bd63d558"
            },
            "body": {
              "text": "@{result('スコープ-フェーズ2の処理')}"
            }
          }
        },
        "条件-フェーズ1でエラーが発生": {
          "actions": {
            "変数の値を増やす-エラーの発生件数をカウントアップ": {
              "runAfter": {},
              "metadata": {
                "operationMetadataId": "6bd30ad9-1079-4a85-b890-65fd16f216f8"
              },
              "type": "IncrementVariable",
              "inputs": {
                "name": "エラーの発生回数",
                "value": 1
              }
            }
          },
          "runAfter": {
            "子フローの実行-エラー処理-フェーズ1": [
              "Succeeded"
            ]
          },
          "expression": {
            "and": [
              {
                "equals": [
                  "@body('子フローの実行-エラー処理-フェーズ1')?['このスコープでのエラー発生の有無']",
                  true
                ]
              }
            ]
          },
          "metadata": {
            "operationMetadataId": "987227ff-e209-4b87-877d-e11357af1926"
          },
          "type": "If"
        },
        "条件-フェーズ2でエラーが発生": {
          "actions": {
            "変数の値を増やす-エラーの発生件数をカウントアップ2": {
              "runAfter": {},
              "metadata": {
                "operationMetadataId": "d2fb5f16-0819-41c4-a951-76bf521d5dd1"
              },
              "type": "IncrementVariable",
              "inputs": {
                "name": "エラーの発生回数",
                "value": 1
              }
            }
          },
          "runAfter": {
            "子フローの実行-エラー処理-フェーズ2": [
              "Succeeded"
            ]
          },
          "expression": {
            "and": [
              {
                "equals": [
                  "@body('子フローの実行-エラー処理-フェーズ2')?['このスコープでのエラー発生の有無']",
                  true
                ]
              }
            ]
          },
          "metadata": {
            "operationMetadataId": "2042f2a3-4e4e-4cc6-a6e2-88261c98e8e5"
          },
          "type": "If"
        }
      }
    },
    "templateName": ""
  },
  "schemaVersion": "1.0.0.0"
}