{"name":"dfa8d131-4f92-2e33-0d8b-cf633cd499b3","id":"/providers/Microsoft.Flow/flows/dfa8d131-4f92-2e33-0d8b-cf633cd499b3","type":"Microsoft.Flow/flows","properties":{"apiId":"/providers/Microsoft.PowerApps/apis/shared_logicflows","displayName":"語彙の組み合わせ登場回数カウント","definition":{"$schema":"https://schema.management.azure.com/providers/Microsoft.Logic/schemas/2016-06-01/workflowdefinition.json#","contentVersion":"1.0.0.0","parameters":{"$connections":{"defaultValue":{},"type":"Object"},"$authentication":{"defaultValue":{},"type":"SecureObject"}},"triggers":{"manual":{"metadata":{"operationMetadataId":"4acccff5-81c1-4bed-8473-37c7d6c132df"},"type":"Request","kind":"Button","inputs":{"schema":{"type":"object","properties":{},"required":[]}}}},"actions":{"スコープ:語彙リストの全項目を取得":{"actions":{"複数の項目の取得:語彙リストの全項目を取得":{"runAfter":{},"metadata":{"operationMetadataId":"f7ad8934-4333-47e1-ade8-12772f22f7af"},"type":"OpenApiConnection","inputs":{"host":{"connectionName":"shared_sharepointonline","operationId":"GetItems","apiId":"/providers/Microsoft.PowerApps/apis/shared_sharepointonline"},"parameters":{"dataset":"https://watarufenv.sharepoint.com/sites/msteams_32be13","table":"c17dfbe5-ec8f-4d4e-b7c9-e50f8b2ce2d5","$filter":"ID ge 1"},"authentication":{"type":"Raw","value":"@json(decodeBase64(triggerOutputs().headers['X-MS-APIM-Tokens']))['$ConnectionKey']"}},"runtimeConfiguration":{"paginationPolicy":{"minimumItemCount":100000}}},"作成:語彙リストの全項目-Value":{"runAfter":{"複数の項目の取得:語彙リストの全項目を取得":["Succeeded"]},"metadata":{"operationMetadataId":"4eba18eb-c36e-49c7-951a-95feb3c7873c"},"type":"Compose","inputs":"@outputs('複数の項目の取得:語彙リストの全項目を取得')?['body/value']"},"選択:語彙リストの全項目":{"runAfter":{"作成:語彙リストの全項目-Value":["Succeeded"]},"metadata":{"operationMetadataId":"03c4433c-30b0-4d0c-90c0-679c56faf229"},"type":"Select","inputs":{"from":"@outputs('作成:語彙リストの全項目-Value')","select":{"形容詞":"@item()?['Title']","名詞":"@item()?['Noun']","形容詞-名詞":"@concat(item()?['Title'],'-',item()?['Noun'])","ID":"@item()?['ID']"}}}},"runAfter":{},"metadata":{"operationMetadataId":"edb5ede9-a12e-46cc-a8f9-75742acc99e9"},"type":"Scope"},"スコープ:形容詞と名詞の組み合わせパターンを取得":{"actions":{"選択:形容詞と名詞の組み合わせを取得":{"runAfter":{},"metadata":{"operationMetadataId":"538bfdbb-b568-43c9-afba-d74507f5cbfa"},"type":"Select","inputs":{"from":"@body('選択:語彙リストの全項目')","select":"@item()?['形容詞-名詞']"}},"作成:重複排除":{"runAfter":{"選択:形容詞と名詞の組み合わせを取得":["Succeeded"]},"metadata":{"operationMetadataId":"4fbf5b7d-0ff3-4162-ab05-985cdd861e6c"},"type":"Compose","inputs":"@union(body('選択:形容詞と名詞の組み合わせを取得'),body('選択:形容詞と名詞の組み合わせを取得'))"}},"runAfter":{"スコープ:語彙リストの全項目を取得":["Succeeded"]},"metadata":{"operationMetadataId":"648406e5-f82f-4223-bfaf-9a4aa1b3e417"},"type":"Scope"},"スコープ:アイテムIDごとの「登場回数」列の値を算出":{"actions":{"Apply_to_each-形容詞と名詞の組み合わせごとに登場回数をカウント":{"foreach":"@outputs('作成:重複排除')","actions":{"作成:現在の項目-形容詞と名詞の組み合わせ":{"runAfter":{},"metadata":{"operationMetadataId":"5005d0ce-fa7f-456e-bd6a-4b356952f851"},"type":"Compose","inputs":"@item()"},"アレイのフィルター処理:一致する形容詞-名詞の組み合わせを取得":{"runAfter":{"作成:現在の項目-形容詞と名詞の組み合わせ":["Succeeded"]},"metadata":{"operationMetadataId":"adbf8f64-56c1-4428-9879-2a0215d20734"},"type":"Query","inputs":{"from":"@body('選択:語彙リストの全項目')","where":"@equals(item()?['形容詞-名詞'], outputs('作成:現在の項目-形容詞と名詞の組み合わせ'))"}},"作成:登場回数":{"runAfter":{"アレイのフィルター処理:一致する形容詞-名詞の組み合わせを取得":["Succeeded"]},"metadata":{"operationMetadataId":"3396643a-82b2-4d10-9602-91c5a3636aa2"},"type":"Compose","inputs":"@length(body('アレイのフィルター処理:一致する形容詞-名詞の組み合わせを取得'))"},"選択:IDと登場回数":{"runAfter":{"作成:登場回数":["Succeeded"]},"metadata":{"operationMetadataId":"a34c08f8-776c-41dc-b842-c7d8871edc53"},"type":"Select","inputs":{"from":"@body('アレイのフィルター処理:一致する形容詞-名詞の組み合わせを取得')","select":{"ID":"@item()?['ID']","登場回数":"@outputs('作成:登場回数')"}}},"作成:配列変数に配列をマージ":{"runAfter":{"選択:IDと登場回数":["Succeeded"]},"metadata":{"operationMetadataId":"e0859c6e-afe7-4504-8f6d-bb186af44eda"},"type":"Compose","inputs":"@union(variables('IDごとの登場回数'),body('選択:IDと登場回数'))"},"変数の設定:IDごとの登場回数":{"runAfter":{"作成:配列変数に配列をマージ":["Succeeded"]},"metadata":{"operationMetadataId":"b546da8d-127f-47dc-887f-8203f7fc7a23"},"type":"SetVariable","inputs":{"name":"IDごとの登場回数","value":"@outputs('作成:配列変数に配列をマージ')"}}},"runAfter":{},"metadata":{"operationMetadataId":"a9c3c14b-e3b6-4b32-bc19-5c051199480c"},"type":"Foreach"},"作成:IDごとの登場回数":{"runAfter":{"Apply_to_each-形容詞と名詞の組み合わせごとに登場回数をカウント":["Succeeded"]},"metadata":{"operationMetadataId":"e1c1afa4-5320-47f4-b91e-8a7a37a2d725"},"type":"Compose","inputs":"@sort(variables('IDごとの登場回数'),'ID')"}},"runAfter":{"変数を初期化する:IDごとの登場回数":["Succeeded"]},"metadata":{"operationMetadataId":"8dfed101-1263-4600-a6c6-cf08e49e0d84"},"type":"Scope"},"変数を初期化する:IDごとの登場回数":{"runAfter":{"スコープ:形容詞と名詞の組み合わせパターンを取得":["Succeeded"]},"metadata":{"operationMetadataId":"ac2fe69b-c1b5-4e11-9d4c-b1c942ce535c"},"type":"InitializeVariable","inputs":{"variables":[{"name":"IDごとの登場回数","type":"array"}]}},"スコープ:登場回数を語彙リストに入力":{"actions":{"Apply_to_each:登場回数を語彙リストに入力":{"foreach":"@outputs('作成:IDごとの登場回数')","actions":{"作成:現在の項目-IDと登場回数":{"runAfter":{},"metadata":{"operationMetadataId":"e7d5dbe3-ee52-447c-aa15-3425b39e1328"},"type":"Compose","inputs":"@item()"},"項目の更新":{"runAfter":{"作成:現在の項目-IDと登場回数":["Succeeded"]},"metadata":{"operationMetadataId":"7c93b09f-fc75-405f-b719-87be9fc2df94"},"type":"OpenApiConnection","inputs":{"host":{"connectionName":"shared_sharepointonline","operationId":"PatchItem","apiId":"/providers/Microsoft.PowerApps/apis/shared_sharepointonline"},"parameters":{"dataset":"https://watarufenv.sharepoint.com/sites/msteams_32be13","table":"c17dfbe5-ec8f-4d4e-b7c9-e50f8b2ce2d5","id":"@outputs('作成:現在の項目-IDと登場回数')?['ID']","item/OccurrenceCount":"@outputs('作成:現在の項目-IDと登場回数')?['登場回数']"},"authentication":{"type":"Raw","value":"@json(decodeBase64(triggerOutputs().headers['X-MS-APIM-Tokens']))['$ConnectionKey']"}}}},"runAfter":{},"metadata":{"operationMetadataId":"48d38b30-d3b4-4071-af27-be0e13996e2d"},"type":"Foreach"}},"runAfter":{"スコープ:アイテムIDごとの「登場回数」列の値を算出":["Succeeded"]},"metadata":{"operationMetadataId":"acac42f7-f360-4071-a07e-ab1e7305940c"},"type":"Scope"}}},"connectionReferences":{"shared_sharepointonline":{"connectionName":"shared-sharepointonl-0dc59810-792c-4e1e-adaa-b19be00cf88c","source":"Invoker","id":"/providers/Microsoft.PowerApps/apis/shared_sharepointonline","tier":"NotSpecified","apiName":"sharepointonline","isProcessSimpleApiReferenceConversionAlreadyDone":false}},"flowFailureAlertSubscribed":false,"isManaged":false}}