{"name":"ffb58058-0704-4ade-82a7-244c5d244752","id":"/providers/Microsoft.Flow/flows/ffb58058-0704-4ade-82a7-244c5d244752","type":"Microsoft.Flow/flows","properties":{"apiId":"/providers/Microsoft.PowerApps/apis/shared_logicflows","displayName":"添付ファイルのファイルパスを確認","definition":{"metadata":{"workflowEntityId":null,"processAdvisorMetadata":null,"flowclientsuspensionreason":"None","flowclientsuspensiontime":null,"creator":{"id":"350bd895-8fff-465e-b2ce-f3943b7d2b43","type":"User","tenantId":"688cdea3-eec2-4ad7-b65b-3b2b2e535888"},"provisioningMethod":"FromDefinition","failureAlertSubscription":true,"clientLastModifiedTime":"2022-03-31T03:25:56.3192194Z"},"$schema":"https://schema.management.azure.com/providers/Microsoft.Logic/schemas/2016-06-01/workflowdefinition.json#","contentVersion":"1.0.0.0","parameters":{"$connections":{"defaultValue":{},"type":"Object"},"$authentication":{"defaultValue":{},"type":"SecureObject"}},"triggers":{"manual":{"splitOn":"@triggerBody()['rows']","metadata":{"operationMetadataId":"c38d9a10-bb16-49b6-8e69-985de6961b5e","flowSystemMetadata":{"swaggerOperationId":"ForASelectedMessage","taskModuleWidth":null,"taskModuleHeight":null,"inputsAdaptiveCard":"{}"}},"type":"Request","kind":"ApiConnection","inputs":{"schema":{"type":"object","properties":{"rows":{"type":"array","items":{"type":"object","properties":{"entity":{"type":"object","properties":{"teamsFlowRunContext":{"type":"object","properties":{"channelData":{"type":"object","properties":{"team":{"type":"object","properties":{"aadGroupId":{"title":"チーム ID","type":"string"}},"required":[]},"channel":{"type":"object","properties":{"id":{"title":"チャネル ID","type":"string"}},"required":[]}},"required":[]},"messagePayload":{"type":"object","properties":{"id":{"title":"メッセージ ID","type":"string"},"linkToMessage":{"title":"メッセージへのリンク","type":"string"}},"required":[]},"conversation":{"type":"object","properties":{"id":{"title":"会話 ID","type":"string"}},"required":[]}}}},"required":["teamsFlowRunContext"]}},"required":["entity"]}}},"required":["rows"]},"host":{"connection":{"name":"@parameters('$connections')['shared_teams']['connectionId']"},"api":{"runtimeUrl":"https://japan-001.azure-apim.net/apim/teams"}},"operationId":"ForASelectedMessage","parameters":{"inputsAdaptiveCard":"{}"}}}},"actions":{"選択_-_attatchments配列のContentUrlをSelectする":{"runAfter":{"メッセージ詳細を取得する":["Succeeded"]},"metadata":{"operationMetadataId":"f0ac8cfe-1aff-4d54-adeb-ad02a80548e2"},"type":"Select","inputs":{"from":"@body('メッセージ詳細を取得する')?['attachments']","select":"@item()?['contentUrl']"}},"結合_-_Selectの結果を改行（br)を挟んで結合する":{"runAfter":{"選択_-_attatchments配列のContentUrlをSelectする":["Succeeded"]},"metadata":{"operationMetadataId":"ef00bdd7-d499-4b2b-ab0c-7f88e022b658"},"type":"Join","inputs":{"from":"@body('選択_-_attatchments配列のContentUrlをSelectする')","joinWith":"<br><br>"}},"チャットまたはチャネルでメッセージを投稿する_-_自分宛てにチャットで送る":{"runAfter":{"マイ_プロフィールの取得_(V2)":["Succeeded"]},"metadata":{"operationMetadataId":"ce30fb40-46a5-4ab3-8744-6d1c9f1ff36b"},"type":"OpenApiConnection","inputs":{"host":{"apiId":"/providers/Microsoft.PowerApps/apis/shared_teams","connectionName":"shared_teams","operationId":"PostMessageToConversation"},"parameters":{"poster":"Flow bot","location":"Chat with Flow bot","body/recipient":"@outputs('マイ_プロフィールの取得_(V2)')?['body/mail']","body/messageBody":"<p>@{variables('本文')}</p>"},"authentication":{"value":"@json(decodeBase64(triggerOutputs().headers['X-MS-APIM-Tokens']))['$ConnectionKey']","type":"Raw"}}},"メッセージ詳細を取得する":{"runAfter":{},"metadata":{"operationMetadataId":"5267a1d3-7955-4179-b115-6874e7038fc0"},"type":"OpenApiConnection","inputs":{"host":{"apiId":"/providers/Microsoft.PowerApps/apis/shared_teams","connectionName":"shared_teams","operationId":"GetMessageDetails"},"parameters":{"messageId":"@triggerBody()?['entity']?['teamsFlowRunContext']?['messagePayload']?['id']","threadType":"groupchat","body/recipient":"@triggerBody()?['entity']?['teamsFlowRunContext']?['conversation']?['id']"},"authentication":{"value":"@json(decodeBase64(triggerOutputs().headers['X-MS-APIM-Tokens']))['$ConnectionKey']","type":"Raw"}}},"変数を初期化する_-_チャットの本文を定義する":{"runAfter":{"結合_-_Selectの結果を改行（br)を挟んで結合する":["Succeeded"]},"metadata":{"operationMetadataId":"f1514abf-7333-4079-bfd3-15dabd12fdf8"},"type":"InitializeVariable","inputs":{"variables":[{"name":"本文","type":"string","value":"チャネルの会話に添付されたファイルのパスを取得しました。<br>\n<br>\n【ファイルが添付された会話】<br>\n<a href=\"@{triggerBody()?['entity']?['teamsFlowRunContext']?['messagePayload']?['linkToMessage']}\">会話を開く</a><br>\n<br>\n【添付ファイルのパス】<br>\n@{body('結合_-_Selectの結果を改行（br)を挟んで結合する')}"}]}},"マイ_プロフィールの取得_(V2)":{"runAfter":{"変数を初期化する_-_チャットの本文を定義する":["Succeeded"]},"metadata":{"operationMetadataId":"fb8af1f9-8798-4146-bc25-2579ec4e3b02"},"type":"OpenApiConnection","inputs":{"host":{"apiId":"/providers/Microsoft.PowerApps/apis/shared_office365users","connectionName":"shared_office365users","operationId":"MyProfile_V2"},"parameters":{},"authentication":{"value":"@json(decodeBase64(triggerOutputs().headers['X-MS-APIM-Tokens']))['$ConnectionKey']","type":"Raw"}}}},"outputs":{}},"connectionReferences":{"shared_teams":{"connectionName":"shared-teams-6b1d1b48-f86f-45e3-86b5-22c06adbb851","source":"Invoker","id":"/providers/Microsoft.PowerApps/apis/shared_teams","tier":"NotSpecified"},"shared_office365users":{"connectionName":"shared-office365user-bbc62fef-29ff-40a9-9c37-376bb0336b9d","source":"Invoker","id":"/providers/Microsoft.PowerApps/apis/shared_office365users","tier":"NotSpecified"}},"flowFailureAlertSubscribed":false}}