{"name":"dad221ce-6285-45d5-b54b-b8f5f24d6b66","id":"/providers/Microsoft.Flow/flows/dad221ce-6285-45d5-b54b-b8f5f24d6b66","type":"Microsoft.Flow/flows","properties":{"apiId":"/providers/Microsoft.PowerApps/apis/shared_logicflows","displayName":"抜けのある連番を整形する","definition":{"metadata":{"workflowEntityId":null,"processAdvisorMetadata":null,"flowclientsuspensionreason":"None","flowclientsuspensiontime":null,"flowclientsuspensionreasondetails":null,"creator":{"id":"4a4a76fc-3a14-4340-98f0-54fa153de806","type":"User","tenantId":"81aef3cb-2cfc-44d3-ac59-1bb45d66f910"},"provisioningMethod":"FromDefinition","failureAlertSubscription":true,"clientLastModifiedTime":"2022-12-18T13:46:37.6036214Z"},"$schema":"https://schema.management.azure.com/providers/Microsoft.Logic/schemas/2016-06-01/workflowdefinition.json#","contentVersion":"1.0.0.0","parameters":{"$authentication":{"defaultValue":{},"type":"SecureObject"}},"triggers":{"manual":{"metadata":{"operationMetadataId":"5184db4a-0b03-48d0-90e5-8286c0f433c5"},"type":"Request","kind":"Button","inputs":{"schema":{"type":"object","properties":{"key-button-date":{"title":"日付","type":"string","x-ms-dynamically-added":false},"location":{"type":"object","properties":{"fullAddress":{"title":"完全なアドレス","type":"string","x-ms-dynamically-added":false},"address":{"type":"object","properties":{"countryOrRegion":{"title":"国/地域","type":"string","x-ms-dynamically-added":false},"city":{"title":"市区町村","type":"string","x-ms-dynamically-added":false},"state":{"title":"都道府県","type":"string","x-ms-dynamically-added":false},"street":{"title":"番地","type":"string","x-ms-dynamically-added":false},"postalCode":{"title":"郵便番号","type":"string","x-ms-dynamically-added":false}},"required":["countryOrRegion","city","state","street","postalCode"]},"coordinates":{"type":"object","properties":{"latitude":{"title":"緯度","type":"number","x-ms-dynamically-added":false},"longitude":{"title":"経度","type":"number","x-ms-dynamically-added":false}},"required":["latitude","longitude"]}}}},"required":["key-button-date","location"]},"headersSchema":{"x-ms-user-name-encoded":{"title":"ユーザー名","type":"string","format":"byte","x-ms-dynamically-added":false},"x-ms-user-email-encoded":{"title":"ユーザーの電子メール","type":"string","format":"byte","x-ms-dynamically-added":false},"x-ms-user-timestamp":{"title":"タイムスタンプ","type":"string","x-ms-dynamically-added":false}}}}},"actions":{"作成-元の配列":{"runAfter":{},"metadata":{"operationMetadataId":"380893b0-e24b-47f1-99b1-0f57f8646f46"},"type":"Compose","inputs":"@createArray(1,2,3,4,7,9,11,14,15,16,18,19,21,22)"},"Apply_to_each":{"foreach":"@skip(outputs('作成-元の配列'),1)","actions":{"条件-「一時配列の最後の要素」と「現在のアイテムの数値」が一致する":{"actions":{"配列変数に追加-一時配列に現在のアイテムを追加":{"runAfter":{},"metadata":{"operationMetadataId":"51a39601-cd59-40b1-847f-c074d53e3b41"},"type":"AppendToArrayVariable","inputs":{"name":"一時配列","value":"@items('Apply_to_each')"}}},"runAfter":{"作成-一時配列の最後の要素に1を加えた数値":["Succeeded"]},"else":{"actions":{"変数の設定-一時配列を現在のアイテムで上書き":{"runAfter":{"配列変数に追加-連続する数字の並びを子配列にした配列に追加":["Succeeded"]},"metadata":{"operationMetadataId":"3800fec3-60fe-4f03-8bcd-228c34765374"},"type":"SetVariable","inputs":{"name":"一時配列","value":"@createArray(items('Apply_to_each'))"}},"配列変数に追加-連続する数字の並びを子配列にした配列に追加":{"runAfter":{},"metadata":{"operationMetadataId":"0c023a21-6480-4abb-a0d4-9e96d1e0eef6"},"type":"AppendToArrayVariable","inputs":{"name":"連続する数字の並びを子配列にした配列","value":"@string(variables('一時配列'))"}}}},"expression":{"equals":["@items('Apply_to_each')","@outputs('作成-一時配列の最後の要素に1を加えた数値')"]},"metadata":{"operationMetadataId":"1b3c3cc6-ea1d-4629-8fc8-89cdaa2f508c"},"type":"If"},"作成-このループの入力":{"runAfter":{},"metadata":{"operationMetadataId":"65db3303-e23b-4c07-ac6a-5a3c10dd9551"},"type":"Compose","inputs":"現在の値： @{items('Apply_to_each')}\n一時配列： @{variables('一時配列')}\n連続する数字の並びを子配列にした配列： @{variables('連続する数字の並びを子配列にした配列')}"},"作成-一時配列の最後の要素に1を加えた数値":{"runAfter":{"作成-このループの入力":["Succeeded"]},"metadata":{"operationMetadataId":"15362fc5-da31-4df7-a655-23b0b3ebb3fa"},"type":"Compose","inputs":"@add(last(variables('一時配列')),1)"},"作成-このループの出力":{"runAfter":{"条件-最後の要素である":["Succeeded"]},"metadata":{"operationMetadataId":"5ac71dd2-a30d-4e59-8a12-9043bf515687"},"type":"Compose","inputs":"一時配列： @{variables('一時配列')}\n連続する数字の並びを子配列にした配列： @{variables('連続する数字の並びを子配列にした配列')}"},"条件-最後の要素である":{"actions":{"配列変数に追加-連続する数字の並びを子配列にした配列に追加_2":{"runAfter":{},"metadata":{"operationMetadataId":"0c023a21-6480-4abb-a0d4-9e96d1e0eef6"},"type":"AppendToArrayVariable","inputs":{"name":"連続する数字の並びを子配列にした配列","value":"@string(variables('一時配列'))"}}},"runAfter":{"条件-「一時配列の最後の要素」と「現在のアイテムの数値」が一致する":["Succeeded"]},"expression":{"equals":["@items('Apply_to_each')","@last(outputs('作成-元の配列'))"]},"metadata":{"operationMetadataId":"01b4176a-b013-43b3-b932-4db28e51d896"},"type":"If"}},"runAfter":{"変数を初期化する-整形後の配列":["Succeeded"]},"metadata":{"operationMetadataId":"bff30dc3-0caa-4b0f-a7ba-8bb3cabd8d06"},"type":"Foreach"},"変数を初期化する-一時配列":{"runAfter":{"作成-元の配列":["Succeeded"]},"metadata":{"operationMetadataId":"3a5d3459-4df0-48eb-b5c5-7d1fc6c6a74b"},"type":"InitializeVariable","inputs":{"variables":[{"name":"一時配列","type":"array","value":"@createArray(outputs('作成-元の配列')[0])"}]}},"変数を初期化する-連続する数字の並びを子配列にした配列":{"runAfter":{"変数を初期化する-一時配列":["Succeeded"]},"metadata":{"operationMetadataId":"59d4d8cd-cba6-41fa-aa00-3d5e1e58bc4f"},"type":"InitializeVariable","inputs":{"variables":[{"name":"連続する数字の並びを子配列にした配列","type":"array"}]}},"結合":{"runAfter":{"Apply_to_each_2":["Succeeded"]},"metadata":{"operationMetadataId":"b7f94acd-bb8a-44d3-921f-c42b5fdccc66"},"type":"Join","inputs":{"from":"@variables('整形後の配列')","joinWith":","}},"変数を初期化する-整形後の配列":{"runAfter":{"変数を初期化する-連続する数字の並びを子配列にした配列":["Succeeded"]},"metadata":{"operationMetadataId":"ade445fb-a243-438f-af13-3313397eb9dc"},"type":"InitializeVariable","inputs":{"variables":[{"name":"整形後の配列","type":"array"}]}},"Apply_to_each_2":{"foreach":"@variables('連続する数字の並びを子配列にした配列')","actions":{"作成-このループの入力_2":{"runAfter":{},"metadata":{"operationMetadataId":"65db3303-e23b-4c07-ac6a-5a3c10dd9551"},"type":"Compose","inputs":"現在の値： @{items('Apply_to_each_2')}\n整形後の配列：@{variables('整形後の配列')}"},"条件":{"actions":{"配列変数に追加":{"runAfter":{},"metadata":{"operationMetadataId":"a103fcdd-c589-4c92-b899-044c89314b9d"},"type":"AppendToArrayVariable","inputs":{"name":"整形後の配列","value":"@first(outputs('作成-現在のアイテムを配列化したもの'))"}}},"runAfter":{"作成-現在のアイテムを配列化したもの":["Succeeded"]},"else":{"actions":{"配列変数に追加_2":{"runAfter":{},"metadata":{"operationMetadataId":"89b3847b-6791-4954-acc5-c7e34539cd6a"},"type":"AppendToArrayVariable","inputs":{"name":"整形後の配列","value":"@concat(first(outputs('作成-現在のアイテムを配列化したもの')),'～',last(outputs('作成-現在のアイテムを配列化したもの')))\r\n\r\n"}}}},"expression":{"equals":["@length(outputs('作成-現在のアイテムを配列化したもの'))",1]},"metadata":{"operationMetadataId":"fff0e248-0835-49fa-91cb-79eaea1578cc"},"type":"If"},"作成-このループの出力_2":{"runAfter":{"条件":["Succeeded"]},"metadata":{"operationMetadataId":"65db3303-e23b-4c07-ac6a-5a3c10dd9551"},"type":"Compose","inputs":"整形後の配列：@{variables('整形後の配列')}"},"作成-現在のアイテムを配列化したもの":{"runAfter":{"作成-このループの入力_2":["Succeeded"]},"metadata":{"operationMetadataId":"c48b8d8f-e8f0-4594-9e33-1aead462c476"},"type":"Compose","inputs":"@json(items('Apply_to_each_2'))"}},"runAfter":{"Apply_to_each":["Succeeded"]},"metadata":{"operationMetadataId":"4d85c269-6df3-4db1-a775-b3a62f9116c2"},"type":"Foreach"}}},"connectionReferences":{},"flowFailureAlertSubscribed":false,"isManaged":false}}