{
  "properties": {
    "connectionReferences": {},
    "definition": {
      "$schema": "https://schema.management.azure.com/providers/Microsoft.Logic/schemas/2016-06-01/workflowdefinition.json#",
      "contentVersion": "1.0.0.0",
      "parameters": {
        "$authentication": {
          "defaultValue": {},
          "type": "SecureObject"
        }
      },
      "triggers": {
        "manual": {
          "metadata": {
            "operationMetadataId": "4231b322-2498-4b35-ac71-a6436f1c7f18"
          },
          "type": "Request",
          "kind": "Button",
          "inputs": {
            "schema": {
              "type": "object",
              "properties": {},
              "required": []
            }
          }
        }
      },
      "actions": {
        "作成-入力": {
          "runAfter": {},
          "metadata": {
            "operationMetadataId": "8d839580-935b-40a1-b4f9-a5f218c88548"
          },
          "type": "Compose",
          "inputs": "a: 6/1, 2, 10, 7/3, 6, 9\nb: 6/15-17, 7/15-20\nc: 6/21-22, 7/23, 25"
        },
        "作成-改行で分割": {
          "runAfter": {
            "作成-空白を削除": [
              "Succeeded"
            ]
          },
          "metadata": {
            "operationMetadataId": "17c7e0ec-eff7-472c-9282-9d8bc3cc44ce"
          },
          "type": "Compose",
          "inputs": "@split(outputs('作成-空白を削除'),decodeUriComponent('%0A'))"
        },
        "作成-空白を削除": {
          "runAfter": {
            "作成-入力": [
              "Succeeded"
            ]
          },
          "metadata": {
            "operationMetadataId": "68cfd17a-cb43-474f-8deb-473474186cc7"
          },
          "type": "Compose",
          "inputs": "@replace(outputs('作成-入力'),' ','')"
        },
        "【仮置き】作成-改行で分割-1行のみ": {
          "runAfter": {
            "作成-改行で分割": [
              "Succeeded"
            ]
          },
          "metadata": {
            "operationMetadataId": "f3cc0d4e-8324-4932-84ef-68014bdd1076"
          },
          "type": "Compose",
          "inputs": "@outputs('作成-改行で分割')[2]"
        },
        "作成-コロンで分割": {
          "runAfter": {
            "【仮置き】作成-改行で分割-1行のみ": [
              "Succeeded"
            ]
          },
          "metadata": {
            "operationMetadataId": "cbe5b176-0131-4a6a-919f-3ea913ea9ed8"
          },
          "type": "Compose",
          "inputs": "@split(outputs('【仮置き】作成-改行で分割-1行のみ'), ':')"
        },
        "作成-コロンの左側": {
          "runAfter": {
            "作成-コロンで分割": [
              "Succeeded"
            ]
          },
          "metadata": {
            "operationMetadataId": "13c1d192-fe4e-4f43-b18a-ecc2fdbc58d1"
          },
          "type": "Compose",
          "inputs": "@outputs('作成-コロンで分割')[0]"
        },
        "作成-コロンの右側": {
          "runAfter": {
            "作成-コロンの左側": [
              "Succeeded"
            ]
          },
          "metadata": {
            "operationMetadataId": "13c1d192-fe4e-4f43-b18a-ecc2fdbc58d1"
          },
          "type": "Compose",
          "inputs": "@outputs('作成-コロンで分割')[1]"
        },
        "作成-コロンの右側をカンマで分割": {
          "runAfter": {
            "作成-コロンの右側": [
              "Succeeded"
            ]
          },
          "metadata": {
            "operationMetadataId": "b1ff1dee-318b-4ac0-a804-e2fc7c9e36d4"
          },
          "type": "Compose",
          "inputs": "@split(outputs('作成-コロンの右側'),',')"
        },
        "【仮置き】作成-コロンの右側をカンマで分割-1個のみ": {
          "runAfter": {
            "作成-コロンの右側をカンマで分割": [
              "Succeeded"
            ]
          },
          "metadata": {
            "operationMetadataId": "e3445ae3-e873-40d3-88a1-2ae0915c7a64"
          },
          "type": "Compose",
          "inputs": "@outputs('作成-コロンの右側をカンマで分割')[0]"
        },
        "作成-指定範囲の開始日": {
          "runAfter": {
            "作成-日": [
              "Succeeded"
            ]
          },
          "metadata": {
            "operationMetadataId": "bc72790e-fb9c-44d8-95b3-8b15c584ede2"
          },
          "type": "Compose",
          "inputs": "@int(split(outputs('作成-日'),'-')[0])"
        },
        "作成-指定範囲の終了日": {
          "runAfter": {
            "作成-指定範囲の開始日": [
              "Succeeded"
            ]
          },
          "metadata": {
            "operationMetadataId": "b670d8f7-b35b-47af-93b2-925d74547f7e"
          },
          "type": "Compose",
          "inputs": "@int(split(outputs('作成-日'),'-')[1])"
        },
        "作成-指定範囲内の日付": {
          "runAfter": {
            "作成-指定範囲の終了日": [
              "Succeeded"
            ]
          },
          "metadata": {
            "operationMetadataId": "703a41ce-8c7c-48b3-abd4-adfa5444f8d1"
          },
          "type": "Compose",
          "inputs": "@range(outputs('作成-指定範囲の開始日'), add(sub(outputs('作成-指定範囲の終了日'), outputs('作成-指定範囲の開始日')), 1))"
        },
        "【仮置き】作成-指定範囲内の日付-1個のみ": {
          "runAfter": {
            "作成-指定範囲内の日付": [
              "Succeeded"
            ]
          },
          "metadata": {
            "operationMetadataId": "a0e6a73a-ab7b-479e-a1ea-b8e87f4397c0"
          },
          "type": "Compose",
          "inputs": "@outputs('作成-指定範囲内の日付')[0]"
        },
        "作成-月": {
          "runAfter": {
            "【仮置き】作成-コロンの右側をカンマで分割-1個のみ": [
              "Succeeded"
            ]
          },
          "metadata": {
            "operationMetadataId": "95a8bf23-cc59-4a4a-b628-e1c0f8549876"
          },
          "type": "Compose",
          "inputs": "@split(outputs('【仮置き】作成-コロンの右側をカンマで分割-1個のみ'),'/')[0]"
        },
        "作成-日": {
          "runAfter": {
            "作成-月": [
              "Succeeded"
            ]
          },
          "metadata": {
            "operationMetadataId": "27705098-3bb5-4cdf-ad84-5d12e48ff292"
          },
          "type": "Compose",
          "inputs": "@split(outputs('【仮置き】作成-コロンの右側をカンマで分割-1個のみ'),'/')[1]"
        },
        "作成-出力": {
          "runAfter": {
            "【仮置き】作成-指定範囲内の日付-1個のみ": [
              "Succeeded"
            ]
          },
          "metadata": {
            "operationMetadataId": "22935fd4-273a-4495-9209-0ad2b456e40e"
          },
          "type": "Compose",
          "inputs": "@{outputs('作成-コロンの左側')} @{outputs('作成-月')}/@{outputs('【仮置き】作成-指定範囲内の日付-1個のみ')}"
        }
      }
    },
    "templateName": null
  },
  "schemaVersion": "1.0.0.0"
}