{
  "properties": {
    "connectionReferences": {},
    "definition": {
      "$schema": "https://schema.management.azure.com/providers/Microsoft.Logic/schemas/2016-06-01/workflowdefinition.json#",
      "contentVersion": "1.0.0.0",
      "parameters": {
        "$authentication": {
          "defaultValue": {},
          "type": "SecureObject"
        }
      },
      "triggers": {
        "manual": {
          "metadata": {
            "operationMetadataId": "4231b322-2498-4b35-ac71-a6436f1c7f18"
          },
          "type": "Request",
          "kind": "Button",
          "inputs": {
            "schema": {
              "type": "object",
              "properties": {},
              "required": []
            }
          }
        }
      },
      "actions": {
        "作成-入力": {
          "runAfter": {},
          "metadata": {
            "operationMetadataId": "8d839580-935b-40a1-b4f9-a5f218c88548"
          },
          "type": "Compose",
          "inputs": "a: 6/1, 2, 10, 7/3, 6, 9\nb: 6/15-17, 7/15-20\nc: 6/21-22, 7/23, 25"
        },
        "作成-改行で分割": {
          "runAfter": {
            "作成-空白を削除": [
              "Succeeded"
            ]
          },
          "metadata": {
            "operationMetadataId": "17c7e0ec-eff7-472c-9282-9d8bc3cc44ce"
          },
          "type": "Compose",
          "inputs": "@split(outputs('作成-空白を削除'),decodeUriComponent('%0A'))"
        },
        "作成-空白を削除": {
          "runAfter": {
            "作成-入力": [
              "Succeeded"
            ]
          },
          "metadata": {
            "operationMetadataId": "68cfd17a-cb43-474f-8deb-473474186cc7"
          },
          "type": "Compose",
          "inputs": "@replace(outputs('作成-入力'),' ','')"
        },
        "作成-出力": {
          "runAfter": {
            "Apply_to_each-行ごとに繰り返し": [
              "Succeeded"
            ]
          },
          "metadata": {
            "operationMetadataId": "22935fd4-273a-4495-9209-0ad2b456e40e"
          },
          "type": "Compose",
          "inputs": "@variables('出力')"
        },
        "変数を初期化する-出力": {
          "runAfter": {
            "作成-改行で分割": [
              "Succeeded"
            ]
          },
          "metadata": {
            "operationMetadataId": "aa492b36-acd8-4885-850e-bdeca27a33ff"
          },
          "type": "InitializeVariable",
          "inputs": {
            "variables": [
              {
                "name": "出力",
                "type": "array"
              }
            ]
          }
        },
        "変数を初期化する-月": {
          "runAfter": {
            "変数を初期化する-出力": [
              "Succeeded"
            ]
          },
          "metadata": {
            "operationMetadataId": "34c1128d-cfcb-4e32-9a19-222680d7d1af"
          },
          "type": "InitializeVariable",
          "inputs": {
            "variables": [
              {
                "name": "月",
                "type": "string"
              }
            ]
          }
        },
        "変数を初期化する-日": {
          "runAfter": {
            "変数を初期化する-月": [
              "Succeeded"
            ]
          },
          "metadata": {
            "operationMetadataId": "c2aac303-bd39-468c-b54b-ad274b38da42"
          },
          "type": "InitializeVariable",
          "inputs": {
            "variables": [
              {
                "name": "日",
                "type": "string"
              }
            ]
          }
        },
        "変数を初期化する-指定範囲内の日付": {
          "runAfter": {
            "変数を初期化する-日": [
              "Succeeded"
            ]
          },
          "metadata": {
            "operationMetadataId": "065f0499-9cbf-46ea-8401-b517a522a603"
          },
          "type": "InitializeVariable",
          "inputs": {
            "variables": [
              {
                "name": "指定範囲内の日付",
                "type": "array"
              }
            ]
          }
        },
        "Apply_to_each-行ごとに繰り返し": {
          "foreach": "@outputs('作成-改行で分割')",
          "actions": {
            "作成-コロンで分割": {
              "runAfter": {},
              "metadata": {
                "operationMetadataId": "cbe5b176-0131-4a6a-919f-3ea913ea9ed8"
              },
              "type": "Compose",
              "inputs": "@split(item(), ':')"
            },
            "作成-コロンの左側": {
              "runAfter": {
                "作成-コロンで分割": [
                  "Succeeded"
                ]
              },
              "metadata": {
                "operationMetadataId": "13c1d192-fe4e-4f43-b18a-ecc2fdbc58d1"
              },
              "type": "Compose",
              "inputs": "@outputs('作成-コロンで分割')[0]"
            },
            "作成-コロンの右側": {
              "runAfter": {
                "作成-コロンの左側": [
                  "Succeeded"
                ]
              },
              "metadata": {
                "operationMetadataId": "13c1d192-fe4e-4f43-b18a-ecc2fdbc58d1"
              },
              "type": "Compose",
              "inputs": "@outputs('作成-コロンで分割')[1]"
            },
            "作成-コロンの右側をカンマで分割": {
              "runAfter": {
                "作成-コロンの右側": [
                  "Succeeded"
                ]
              },
              "metadata": {
                "operationMetadataId": "b1ff1dee-318b-4ac0-a804-e2fc7c9e36d4"
              },
              "type": "Compose",
              "inputs": "@split(outputs('作成-コロンの右側'),',')"
            },
            "Apply_to_each-日ごとに繰り返し処理": {
              "foreach": "@outputs('作成-コロンの右側をカンマで分割')",
              "actions": {
                "作成-現在のアイテム": {
                  "runAfter": {},
                  "metadata": {
                    "operationMetadataId": "8354253b-0ba0-4de1-a429-df85dba1305e"
                  },
                  "type": "Compose",
                  "inputs": "@item()"
                },
                "条件-スラッシュを含んでいる": {
                  "actions": {
                    "変数の設定-月": {
                      "runAfter": {},
                      "metadata": {
                        "operationMetadataId": "392c949e-4802-49da-8ced-ccbe282189f0"
                      },
                      "type": "SetVariable",
                      "inputs": {
                        "name": "月",
                        "value": "@{split(item(),'/')[0]}"
                      }
                    },
                    "変数の設定-日": {
                      "runAfter": {
                        "変数の設定-月": [
                          "Succeeded"
                        ]
                      },
                      "metadata": {
                        "operationMetadataId": "bea0ab4e-8f22-4e8c-899b-9c7bbeb234ba"
                      },
                      "type": "SetVariable",
                      "inputs": {
                        "name": "日",
                        "value": "@{split(item(),'/')[1]}"
                      }
                    }
                  },
                  "runAfter": {
                    "作成-現在のアイテム": [
                      "Succeeded"
                    ]
                  },
                  "else": {
                    "actions": {
                      "変数の設定-日_2": {
                        "runAfter": {},
                        "metadata": {
                          "operationMetadataId": "d1147ca0-f32a-4279-a302-33a49349e9df"
                        },
                        "type": "SetVariable",
                        "inputs": {
                          "name": "日",
                          "value": "@{item()}"
                        }
                      }
                    }
                  },
                  "expression": {
                    "contains": [
                      "@item()",
                      "/"
                    ]
                  },
                  "metadata": {
                    "operationMetadataId": "99a1fdca-7c4d-4233-a469-82a23ad46642"
                  },
                  "type": "If"
                },
                "条件-日付がハイフンを含んでいる": {
                  "actions": {
                    "作成-指定範囲の開始日": {
                      "runAfter": {},
                      "metadata": {
                        "operationMetadataId": "bc72790e-fb9c-44d8-95b3-8b15c584ede2"
                      },
                      "type": "Compose",
                      "inputs": "@int(split(variables('日'),'-')[0])"
                    },
                    "作成-指定範囲の終了日": {
                      "runAfter": {
                        "作成-指定範囲の開始日": [
                          "Succeeded"
                        ]
                      },
                      "metadata": {
                        "operationMetadataId": "b670d8f7-b35b-47af-93b2-925d74547f7e"
                      },
                      "type": "Compose",
                      "inputs": "@int(split(variables('日'),'-')[1])"
                    },
                    "変数の設定-指定範囲内の日付": {
                      "runAfter": {
                        "作成-指定範囲の終了日": [
                          "Succeeded"
                        ]
                      },
                      "metadata": {
                        "operationMetadataId": "111db84e-83fc-4220-9a85-75df2498ccec"
                      },
                      "type": "SetVariable",
                      "inputs": {
                        "name": "指定範囲内の日付",
                        "value": "@range(outputs('作成-指定範囲の開始日'), add(sub(outputs('作成-指定範囲の終了日'), outputs('作成-指定範囲の開始日')), 1))"
                      }
                    }
                  },
                  "runAfter": {
                    "条件-スラッシュを含んでいる": [
                      "Succeeded"
                    ]
                  },
                  "else": {
                    "actions": {
                      "変数の設定-指定範囲内の日付-2": {
                        "runAfter": {},
                        "metadata": {
                          "operationMetadataId": "6a2b5eee-2fb4-43f2-8719-95f3c628f50f"
                        },
                        "type": "SetVariable",
                        "inputs": {
                          "name": "指定範囲内の日付",
                          "value": "@createArray(variables('日'))"
                        }
                      }
                    }
                  },
                  "expression": {
                    "contains": [
                      "@variables('日')",
                      "-"
                    ]
                  },
                  "metadata": {
                    "operationMetadataId": "75298d7e-20a9-4013-acea-b7804ef077d7"
                  },
                  "type": "If"
                },
                "Apply_to_each": {
                  "foreach": "@variables('指定範囲内の日付')",
                  "actions": {
                    "配列変数に追加-出力": {
                      "runAfter": {},
                      "metadata": {
                        "operationMetadataId": "7919d131-5f2b-4c26-a95a-e1cbf96c07a3"
                      },
                      "type": "AppendToArrayVariable",
                      "inputs": {
                        "name": "出力",
                        "value": "@{outputs('作成-コロンの左側')} @{variables('月')}/@{item()}"
                      }
                    }
                  },
                  "runAfter": {
                    "条件-日付がハイフンを含んでいる": [
                      "Succeeded"
                    ]
                  },
                  "metadata": {
                    "operationMetadataId": "f5f1b8be-dc0f-477d-a97f-d6cd68818183"
                  },
                  "type": "Foreach"
                }
              },
              "runAfter": {
                "作成-コロンの右側をカンマで分割": [
                  "Succeeded"
                ]
              },
              "metadata": {
                "operationMetadataId": "903fca48-e8ec-4d3a-b19b-04f91d8afca4"
              },
              "type": "Foreach"
            }
          },
          "runAfter": {
            "変数を初期化する-指定範囲内の日付": [
              "Succeeded"
            ]
          },
          "metadata": {
            "operationMetadataId": "d1586671-e23b-41f1-8494-ce0fa0b4d77c"
          },
          "type": "Foreach"
        }
      }
    },
    "templateName": null
  },
  "schemaVersion": "1.0.0.0"
}