{"name":"95b54345-f438-4fa6-be27-15532cb832c2","id":"/providers/Microsoft.Flow/flows/95b54345-f438-4fa6-be27-15532cb832c2","type":"Microsoft.Flow/flows","properties":{"apiId":"/providers/Microsoft.PowerApps/apis/shared_logicflows","displayName":"提出状況をチェック","definition":{"metadata":{"workflowEntityId":null,"processAdvisorMetadata":null,"flowclientsuspensionreason":"None","flowclientsuspensiontime":null,"creator":{"id":"350bd895-8fff-465e-b2ce-f3943b7d2b43","type":"User","tenantId":"688cdea3-eec2-4ad7-b65b-3b2b2e535888"},"provisioningMethod":"FromDefinition","failureAlertSubscription":true,"clientLastModifiedTime":"2022-04-08T20:06:40.6254663Z"},"$schema":"https://schema.management.azure.com/providers/Microsoft.Logic/schemas/2016-06-01/workflowdefinition.json#","contentVersion":"1.0.0.0","parameters":{"$connections":{"defaultValue":{},"type":"Object"},"$authentication":{"defaultValue":{},"type":"SecureObject"}},"triggers":{"manual":{"splitOn":"@triggerBody()['rows']","metadata":{"flowSystemMetadata":{"swaggerOperationId":"ForASelectedMessage","taskModuleWidth":null,"taskModuleHeight":null,"inputsAdaptiveCard":"{\"$schema\":\"http://adaptivecards.io/schemas/adaptive-card.json\",\"type\":\"AdaptiveCard\",\"version\":\"1.2\",\"body\":[{\"type\":\"TextBlock\",\"weight\":\"Bolder\",\"size\":\"Medium\",\"text\":\"提出状況のチェックを実施する\"},{\"type\":\"TextBlock\",\"isSubtle\":true,\"wrap\":true,\"text\":\"Power Automate のフローを使って、メンバーの提出状況をであらわして返信します。\"},{\"type\":\"TextBlock\",\"wrap\":true,\"text\":\"いつチェックを実施しますか？\"},{\"choices\":[{\"title\":\"いますぐ\",\"value\":\"いますぐ\"},{\"title\":\"日時を指定する\",\"value\":\"日時を指定する\"}],\"placeholder\":\"Placeholder text\",\"type\":\"Input.ChoiceSet\",\"id\":\"choice\",\"value\":\"いますぐ\"},{\"type\":\"Container\",\"items\":[{\"type\":\"TextBlock\",\"text\":\"「日時を指定する」を選んだ場合は以下に日付と時間を入力してください\",\"wrap\":true},{\"type\":\"Input.Date\",\"id\":\"date\"},{\"type\":\"Input.Time\",\"id\":\"time\"}],\"$when\":\"{$root}\"},{\"title\":\"未完了者にメンションする\",\"type\":\"Input.Toggle\",\"id\":\"toggle\",\"value\":\"false\"}],\"actions\":[{\"type\":\"Action.Submit\",\"title\":\"送信\"}],\"-ms-tokens\":{}}"},"operationMetadataId":"1a6a2176-21fb-4fd3-b162-04b23790bdb3"},"type":"Request","kind":"ApiConnection","inputs":{"schema":{"type":"object","properties":{"rows":{"type":"array","items":{"type":"object","properties":{"entity":{"type":"object","properties":{"teamsFlowRunContext":{"type":"object","properties":{"messagePayload":{"type":"object","properties":{"id":{"title":"メッセージ ID","type":"string"}},"required":[]},"channelData":{"type":"object","properties":{"team":{"type":"object","properties":{"aadGroupId":{"title":"チーム ID","type":"string"}},"required":[]},"channel":{"type":"object","properties":{"id":{"title":"チャネル ID","type":"string"}},"required":[]}},"required":[]},"conversation":{"type":"object","properties":{"id":{"title":"会話 ID","type":"string"}},"required":[]}}},"cardOutputs":{"type":"object","properties":{"toggle":{"title":"toggle","type":"string"},"date":{"title":"date","type":"string"},"time":{"title":"time","type":"string"},"choice":{"title":"choice","type":"string"}}}},"required":["teamsFlowRunContext","cardOutputs"]}},"required":["entity"]}}},"required":["rows"]},"host":{"connection":{"name":"@parameters('$connections')['shared_teams']['connectionId']"},"api":{"runtimeUrl":"https://japan-001.azure-apim.net/apim/teams"}},"operationId":"ForASelectedMessage","parameters":{"inputsAdaptiveCard":"{\"$schema\":\"http://adaptivecards.io/schemas/adaptive-card.json\",\"type\":\"AdaptiveCard\",\"version\":\"1.2\",\"body\":[{\"type\":\"TextBlock\",\"weight\":\"Bolder\",\"size\":\"Medium\",\"text\":\"提出状況のチェックを実施する\"},{\"type\":\"TextBlock\",\"isSubtle\":true,\"wrap\":true,\"text\":\"Power Automate のフローを使って、メンバーの提出状況をであらわして返信します。\"},{\"type\":\"TextBlock\",\"wrap\":true,\"text\":\"いつチェックを実施しますか？\"},{\"choices\":[{\"title\":\"いますぐ\",\"value\":\"いますぐ\"},{\"title\":\"日時を指定する\",\"value\":\"日時を指定する\"}],\"placeholder\":\"Placeholder text\",\"type\":\"Input.ChoiceSet\",\"id\":\"choice\",\"value\":\"いますぐ\"},{\"type\":\"Container\",\"items\":[{\"type\":\"TextBlock\",\"text\":\"「日時を指定する」を選んだ場合は以下に日付と時間を入力してください\",\"wrap\":true},{\"type\":\"Input.Date\",\"id\":\"date\"},{\"type\":\"Input.Time\",\"id\":\"time\"}],\"$when\":\"{$root}\"},{\"title\":\"未完了者にメンションする\",\"type\":\"Input.Toggle\",\"id\":\"toggle\",\"value\":\"false\"}],\"actions\":[{\"type\":\"Action.Submit\",\"title\":\"送信\"}],\"-ms-tokens\":{}}"}}}},"actions":{"変数を初期化する_-メンバーを定義":{"runAfter":{"メッセージ詳細を取得する":["Succeeded"]},"metadata":{"operationMetadataId":"e316c895-2b7a-486a-8319-17bcb40dfa9c"},"type":"InitializeVariable","inputs":{"variables":[{"name":"members","type":"array","value":["meganb@m365x000309.onmicrosoft.com","diegos@m365x000309.onmicrosoft.com","alexw@m365x000309.onmicrosoft.com","irvins@m365x000309.onmicrosoft.com"]}]}},"リアクションをしたひと一覧を取得":{"actions":{"リアクション部分抽出":{"runAfter":{},"metadata":{"operationMetadataId":"8d3c40ac-e022-4c0b-ac3e-080d40f34f80"},"type":"Select","inputs":{"from":"@body('メッセージ詳細を取得する')?['reactions']","select":{"reactionType":"@item()?['reactionType']","id":"@item()?['user']?['user']?['id']","createdDateTime":"@item()?['createdDateTime']"}}},"選択_-_varReactonsを辞書に変換":{"runAfter":{"リアクション部分抽出":["Succeeded"]},"metadata":{"operationMetadataId":"25dd05e2-e21f-46b4-b801-5b458ae14ac6"},"type":"Select","inputs":{"from":"@body('リアクション部分抽出')","select":"@concat('\"id_', item()?['id'], '\":', string(item()))"}},"作成_-_JSON_Dictionary":{"runAfter":{"結合":["Succeeded"]},"metadata":{"operationMetadataId":"cf94a9c3-1bbc-42c3-9bc9-f62f4cbb9f5d"},"type":"Compose","inputs":"@json(concat('{', body('結合'), '}'))"},"結合":{"runAfter":{"選択_-_varReactonsを辞書に変換":["Succeeded"]},"metadata":{"operationMetadataId":"f6369178-c634-41fe-a09e-7479bb6de19b"},"type":"Join","inputs":{"from":"@body('選択_-_varReactonsを辞書に変換')","joinWith":","}}},"runAfter":{"条件_-_スケジュール実行であるかどうか":["Succeeded"]},"metadata":{"operationMetadataId":"e012cfe8-a8a7-4073-81d8-a33cad510426"},"type":"Scope"},"HTMLテーブルを作成":{"actions":{"表の列名を折り返し禁止にするためにスタイルを変更する":{"runAfter":{"表の罫線を表示するためにスタイルを変更する":["Succeeded"]},"metadata":{"operationMetadataId":"c0615408-ea5e-49c7-9b1d-1dfd49415130"},"type":"Compose","inputs":"@replace(outputs('表の罫線を表示するためにスタイルを変更する'), '<th>', '<th style=\"white-space:nowrap;padding:7px\">')"},"表のpaddingを広げるためにスタイルを変更する":{"runAfter":{"表の列名を折り返し禁止にするためにスタイルを変更する":["Succeeded"]},"metadata":{"operationMetadataId":"099bbac6-4aa5-422c-8152-88457cd86fd8"},"type":"Compose","inputs":"@replace(outputs('表の列名を折り返し禁止にするためにスタイルを変更する'), '<td>', '<td style=\"padding:7px\">')"},"HTML_テーブルの作成":{"runAfter":{},"metadata":{"operationMetadataId":"ef6c5bfb-9efe-4541-97e4-fcb3ea3f5f31"},"type":"Table","inputs":{"from":"@variables('reactions')","format":"HTML"}},"表の罫線を表示するためにスタイルを変更する":{"runAfter":{"HTML_テーブルの作成":["Succeeded"]},"metadata":{"operationMetadataId":"012d055e-fdcd-47bd-b0f9-cf753bba08b1"},"type":"Compose","inputs":"@replace(body('HTML_テーブルの作成'), '<table>', '<table border=\"3\" bgcolor=\"87ceeb\">')"}},"runAfter":{"Apply_to_each_-_メンバーの表示名とリアクションした日時の配列を作成":["Succeeded"]},"metadata":{"operationMetadataId":"f7c4ec2c-0016-4e4b-996e-0e7959f51211"},"type":"Scope"},"メッセージへの返信の投稿_(V2)":{"runAfter":{"条件__-_未完了者へのメンションをいれるかどうか":["Succeeded"]},"metadata":{"operationMetadataId":"f0c73b8b-c8ca-403a-b040-0984c4b895a3"},"type":"OpenApiConnection","inputs":{"host":{"apiId":"/providers/Microsoft.PowerApps/apis/shared_teams","connectionName":"shared_teams","operationId":"PostReplyToMessageV2"},"parameters":{"groupId":"@triggerBody()?['entity']?['teamsFlowRunContext']?['channelData']?['team']?['aadGroupId']","channelId":"@triggerBody()?['entity']?['teamsFlowRunContext']?['channelData']?['channel']?['id']","messageId":"@variables('IDWhichThisWorkflowReplyTo')","body/body/content":"<p>@{variables('Messagebody')}</p>"},"authentication":{"value":"@json(decodeBase64(triggerOutputs().headers['X-MS-APIM-Tokens']))['$ConnectionKey']","type":"Raw"}}},"変数を初期化する_-_いいねしたひとと日時の一覧":{"runAfter":{"リアクションをしたひと一覧を取得":["Succeeded"]},"metadata":{"operationMetadataId":"f4e369d7-4608-470e-9600-3cfd703dd9cb"},"type":"InitializeVariable","inputs":{"variables":[{"name":"reactions","type":"array"}]}},"条件__-_未完了者へのメンションをいれるかどうか":{"actions":{"文字列変数に追加__-_本文にメンションを追加":{"runAfter":{},"metadata":{"operationMetadataId":"a2f8635b-c141-4d67-967a-34435c261994"},"type":"AppendToStringVariable","inputs":{"name":"Messagebody","value":"<br/>\n未完了のかたは対応お願いします。\n<br/>\n@{variables('mention')}"}}},"runAfter":{"変数を初期化する_-_投稿の本文":["Succeeded"]},"expression":{"equals":["@triggerBody()?['entity']?['cardOutputs']?['toggle']","True"]},"metadata":{"operationMetadataId":"32e94e01-047c-4341-9f8d-6d2060169c2c"},"type":"If"},"変数を初期化する_-_投稿の本文":{"runAfter":{"HTMLテーブルを作成":["Succeeded"]},"metadata":{"operationMetadataId":"c13c5834-32ae-4251-8c77-85e10cce0b35"},"type":"InitializeVariable","inputs":{"variables":[{"name":"Messagebody","type":"string","value":"いいねをしたひとおよびその日時は以下の通りです。\n@{outputs('表のpaddingを広げるためにスタイルを変更する')}"}]}},"変数を初期化する_-_予定実行時間":{"runAfter":{"条件_-_トリガーの投稿が返信であるかどうか":["Succeeded"]},"metadata":{"operationMetadataId":"9956fab6-9389-464f-9191-ccd3b3dd9723"},"type":"InitializeVariable","inputs":{"variables":[{"name":"ScheduledExecutionTime","type":"string","value":"@{triggerBody()?['entity']?['cardOutputs']?['date']} @{triggerBody()?['entity']?['cardOutputs']?['time']}"}]}},"条件_-_スケジュール実行であるかどうか":{"actions":{"タイム_ゾーンの変換　-_予定実行時間をUTCに変換":{"runAfter":{},"metadata":{"operationMetadataId":"d7fde675-e7cb-43e0-b262-53bb6b11d5ee"},"type":"Expression","kind":"ConvertTimeZone","inputs":{"baseTime":"@variables('ScheduledExecutionTime')","formatString":"u","sourceTimeZone":"Tokyo Standard Time","destinationTimeZone":"UTC"}},"メッセージへの返信の投稿_(V2)_2":{"runAfter":{"タイム_ゾーンの変換　-_予定実行時間をUTCに変換":["Succeeded"]},"metadata":{"operationMetadataId":"3c203e5a-674d-401a-b257-aeb8899514a7"},"type":"OpenApiConnection","inputs":{"host":{"apiId":"/providers/Microsoft.PowerApps/apis/shared_teams","connectionName":"shared_teams","operationId":"PostReplyToMessageV2"},"parameters":{"groupId":"@triggerBody()?['entity']?['teamsFlowRunContext']?['channelData']?['team']?['aadGroupId']","channelId":"@triggerBody()?['entity']?['teamsFlowRunContext']?['channelData']?['channel']?['id']","messageId":"@variables('IDWhichThisWorkflowReplyTo')","body/body/content":"<p><strong>※この投稿はPower Automate によるものです。<br>\n　</strong>「提出状況をチェック」のスケジュール実行をセットしました。<br>\n<br>\n<strong>▼実行予定時間</strong><br>\n@{variables('ScheduledExecutionTime')}<br>\n<strong><br>\n▼未完了者へのメンションする<br>\n</strong>@{triggerBody()?['entity']?['cardOutputs']?['toggle']}</p>"},"authentication":{"value":"@json(decodeBase64(triggerOutputs().headers['X-MS-APIM-Tokens']))['$ConnectionKey']","type":"Raw"}}},"延期期限_-_指定した日時までワークフローを停止":{"runAfter":{"メッセージへの返信の投稿_(V2)_2":["Succeeded"]},"metadata":{"operationMetadataId":"fc84e0d0-e031-4cb5-8008-e005674dc974"},"type":"Wait","inputs":{"until":{"timestamp":"@body('タイム_ゾーンの変換　-_予定実行時間をUTCに変換')"}}}},"runAfter":{"変数を初期化する_-_予定実行時間":["Succeeded"]},"expression":{"equals":["@triggerBody()?['entity']?['cardOutputs']?['choice']","日時を指定する"]},"metadata":{"operationMetadataId":"303d9ffb-6d0c-453f-a331-02556e268939"},"type":"If"},"メッセージ詳細を取得する":{"runAfter":{},"metadata":{"operationMetadataId":"5395cebd-fa01-4ea0-bd3c-1426955e212c"},"type":"OpenApiConnection","inputs":{"host":{"apiId":"/providers/Microsoft.PowerApps/apis/shared_teams","connectionName":"shared_teams","operationId":"GetMessageDetails"},"parameters":{"messageId":"@triggerBody()?['entity']?['teamsFlowRunContext']?['messagePayload']?['id']","threadType":"groupchat","body/recipient":"@triggerBody()?['entity']?['teamsFlowRunContext']?['conversation']?['id']"},"authentication":{"value":"@json(decodeBase64(triggerOutputs().headers['X-MS-APIM-Tokens']))['$ConnectionKey']","type":"Raw"}}},"Apply_to_each_-_メンバーの表示名とリアクションした日時の配列を作成":{"foreach":"@variables('members')","actions":{"ユーザー_プロフィールの取得_(V2)":{"runAfter":{},"metadata":{"operationMetadataId":"7f9b1d6c-0045-4c19-b2e9-071f7049b413"},"type":"OpenApiConnection","inputs":{"host":{"apiId":"/providers/Microsoft.PowerApps/apis/shared_office365users","connectionName":"shared_office365users","operationId":"UserProfile_V2"},"parameters":{"id":"@items('Apply_to_each_-_メンバーの表示名とリアクションした日時の配列を作成')"},"authentication":{"value":"@json(decodeBase64(triggerOutputs().headers['X-MS-APIM-Tokens']))['$ConnectionKey']","type":"Raw"}}},"条件":{"actions":{"ユーザーの_@メンション_トークンを取得する":{"runAfter":{"配列変数に追加_（リアクションなしのパターン）":["Succeeded"]},"metadata":{"operationMetadataId":"437add8c-8cb1-4d48-ad01-d65ea9b7b239"},"type":"OpenApiConnection","inputs":{"host":{"apiId":"/providers/Microsoft.PowerApps/apis/shared_teams","connectionName":"shared_teams","operationId":"AtMentionUser"},"parameters":{"userId":"@outputs('ユーザー_プロフィールの取得_(V2)')?['body/id']"},"authentication":{"value":"@json(decodeBase64(triggerOutputs().headers['X-MS-APIM-Tokens']))['$ConnectionKey']","type":"Raw"}}},"配列変数に追加_（リアクションなしのパターン）":{"runAfter":{},"metadata":{"operationMetadataId":"f071f995-0868-4576-baa9-14ddbecd3f9b"},"type":"AppendToArrayVariable","inputs":{"name":"reactions","value":{"名前":"@{outputs('ユーザー_プロフィールの取得_(V2)')?['body/displayName']}","日時":""}}},"文字列変数に追加_-_メンション先に追加":{"runAfter":{"ユーザーの_@メンション_トークンを取得する":["Succeeded"]},"metadata":{"operationMetadataId":"86731af3-8210-438a-8530-eb47e099ae8e"},"type":"AppendToStringVariable","inputs":{"name":"mention","value":"@{outputs('ユーザーの_@メンション_トークンを取得する')?['body/atMention']}　"}}},"runAfter":{"ユーザー_プロフィールの取得_(V2)":["Succeeded"]},"else":{"actions":{"配列変数に追加（リアクションありのパターン）":{"runAfter":{},"metadata":{"operationMetadataId":"be24d6a4-8639-4f5c-92a3-d196b2bba0ae"},"type":"AppendToArrayVariable","inputs":{"name":"reactions","value":{"名前":"@{outputs('ユーザー_プロフィールの取得_(V2)')?['body/displayName']}","日時":"@convertTimeZone(outputs('作成_-_JSON_Dictionary')?[concat('id_',outputs('ユーザー_プロフィールの取得_(V2)')?['body/id'])]?['createdDateTime'], 'UTC', 'Tokyo Standard Time', 'yyyy/MM/dd HH:mm:ss')"}}}}},"expression":{"equals":["@outputs('作成_-_JSON_Dictionary')?[concat('id_',outputs('ユーザー_プロフィールの取得_(V2)')?['body/id'])]?['createdDateTime']\r\n","@null"]},"metadata":{"operationMetadataId":"f4377d3d-a039-4831-b230-db6ca166b1df"},"type":"If"}},"runAfter":{"変数を初期化する_-_メンショントークン":["Succeeded"]},"metadata":{"operationMetadataId":"0bef6fad-fe44-4a4b-969b-734b2a4dcd5b"},"type":"Foreach"},"条件_-_トリガーの投稿が返信であるかどうか":{"actions":{"変数の設定_-_トリガーの投稿IDをセット":{"runAfter":{},"metadata":{"operationMetadataId":"c2646353-9a5f-4ce8-8a7e-89e12cf7d791"},"type":"SetVariable","inputs":{"name":"IDWhichThisWorkflowReplyTo","value":"@triggerBody()?['entity']?['teamsFlowRunContext']?['messagePayload']?['id']"}}},"runAfter":{"変数を初期化する_-_自動投稿の返信先":["Succeeded"]},"else":{"actions":{"変数の設定_トリガーの投稿の返信先IDをセット":{"runAfter":{},"metadata":{"operationMetadataId":"f72f09f7-aedc-4554-a308-e2e492eb55d4"},"type":"SetVariable","inputs":{"name":"IDWhichThisWorkflowReplyTo","value":"@outputs('メッセージ詳細を取得する')?['body/replyToId']"}}}},"expression":{"equals":["@outputs('メッセージ詳細を取得する')?['body/replyToId']","@null"]},"metadata":{"operationMetadataId":"b4eb8364-3785-4351-901f-c55b485525bf"},"type":"If"},"変数を初期化する_-_自動投稿の返信先":{"runAfter":{"変数を初期化する_-メンバーを定義":["Succeeded"]},"metadata":{"operationMetadataId":"9e809326-77fa-44e5-89ae-a13a6b5202f3"},"type":"InitializeVariable","inputs":{"variables":[{"name":"IDWhichThisWorkflowReplyTo","type":"string"}]}},"変数を初期化する_-_メンショントークン":{"runAfter":{"変数を初期化する_-_いいねしたひとと日時の一覧":["Succeeded"]},"metadata":{"operationMetadataId":"5d5f4cde-ee4a-4305-bddf-f9ef0bb0034f"},"type":"InitializeVariable","inputs":{"variables":[{"name":"mention","type":"string"}]}}}},"connectionReferences":{"shared_teams":{"connectionName":"shared-teams-6b1d1b48-f86f-45e3-86b5-22c06adbb851","source":"Invoker","id":"/providers/Microsoft.PowerApps/apis/shared_teams","tier":"NotSpecified"},"shared_office365users":{"connectionName":"shared-office365user-bbc62fef-29ff-40a9-9c37-376bb0336b9d","source":"Invoker","id":"/providers/Microsoft.PowerApps/apis/shared_office365users","tier":"NotSpecified"}},"flowFailureAlertSubscribed":false}}