{"name":"ed76fd8c-42b8-4b09-b2fb-8911bbb436b6","id":"/providers/Microsoft.Flow/flows/ed76fd8c-42b8-4b09-b2fb-8911bbb436b6","type":"Microsoft.Flow/flows","properties":{"apiId":"/providers/Microsoft.PowerApps/apis/shared_logicflows","displayName":"フォームの未回答者にメールを送信","definition":{"metadata":{"workflowEntityId":null,"processAdvisorMetadata":null,"flowclientsuspensionreason":"None","flowclientsuspensiontime":null,"creator":{"id":"350bd895-8fff-465e-b2ce-f3943b7d2b43","type":"User","tenantId":"688cdea3-eec2-4ad7-b65b-3b2b2e535888"},"provisioningMethod":"FromDefinition","failureAlertSubscription":true,"clientLastModifiedTime":"2022-07-10T12:23:41.8347617Z"},"$schema":"https://schema.management.azure.com/providers/Microsoft.Logic/schemas/2016-06-01/workflowdefinition.json#","contentVersion":"1.0.0.0","parameters":{"$connections":{"defaultValue":{},"type":"Object"},"$authentication":{"defaultValue":{},"type":"SecureObject"}},"triggers":{"manual":{"metadata":{"operationMetadataId":"6a562159-0d7d-4f00-9c74-a70a5882a188"},"type":"Request","kind":"Button","inputs":{"schema":{"type":"object","properties":{"text":{"title":"フォームURL","type":"string","x-ms-dynamically-added":true,"description":"入力を指定してください","x-ms-content-hint":"TEXT"},"date":{"title":"トリガーの日付（未指定の場合は即時実行）","type":"string","format":"date","x-ms-dynamically-added":true,"description":"日付を入力または選択してください (YYYY-MM-DD)","x-ms-content-hint":"DATE"},"text_1":{"title":"トリガーの時刻","type":"string","x-ms-dynamically-added":true,"description":"入力を指定してください","x-ms-content-hint":"TEXT","enum":["00:00","00:30","01:00","01:30","02:00","02:30","03:00","03:30","04:00","04:30","05:00","05:30","06:00","06:30","07:00","07:30","08:00","08:30","09:00","09:30","10:00","10:30","11:00","11:30","12:00","12:30","13:00","13:30","14:00","14:30","15:00","15:30","16:00","16:30","17:00","17:30","18:00","18:30","19:00","19:30","20:00","20:30","21:00","21:30","22:00","22:30","23:00","23:00"]},"key-button-date":{"title":"日付","type":"string","x-ms-dynamically-added":false}},"required":["text","key-button-date"]}}}},"actions":{"HTTP要求-フォームの回答をすべて取得":{"runAfter":{"HTTP要求-フォームの情報を取得":["Succeeded"]},"metadata":{"operationMetadataId":"9f78a653-af0f-4386-a7e2-cace10c803de"},"type":"OpenApiConnection","inputs":{"host":{"apiId":"/providers/Microsoft.PowerApps/apis/shared_sharepointonline","connectionName":"shared_sharepointonline","operationId":"HttpRequest"},"parameters":{"dataset":"https://forms.office.com","parameters/method":"GET","parameters/uri":"/formapi/DownloadExcelFile.ashx?formid=@{outputs('作成-フォームID')}&timezoneOffset=180&minResponseId=1&maxResponseId=@{outputs('HTTP要求-フォームの情報を取得')?['body']?['rowCount']}"},"authentication":{"value":"@json(decodeBase64(triggerOutputs().headers['X-MS-APIM-Tokens']))['$ConnectionKey']","type":"Raw"}}},"HTTP要求-フォームの情報を取得":{"runAfter":{"条件_-_日付が未指定であるか":["Succeeded"]},"metadata":{"operationMetadataId":"0063d82e-b7d6-490a-84a7-50cf5e7988aa"},"type":"OpenApiConnection","inputs":{"host":{"apiId":"/providers/Microsoft.PowerApps/apis/shared_sharepointonline","connectionName":"shared_sharepointonline","operationId":"HttpRequest"},"parameters":{"dataset":"https://forms.office.com/formapi","parameters/method":"GET","parameters/uri":"api/light/forms(@{outputs('作成-フォームID')})"},"authentication":{"value":"@json(decodeBase64(triggerOutputs().headers['X-MS-APIM-Tokens']))['$ConnectionKey']","type":"Raw"}}},"作成-フォームID":{"runAfter":{"作成-簡易版JSON_Dictionaryを作る（フォームURL）_":["Succeeded"]},"metadata":{"operationMetadataId":"dbe289de-4197-4434-9657-7dc888917f4e"},"type":"Compose","inputs":"@outputs('作成-簡易版JSON_Dictionaryを作る（フォームURL）_')?['id']"},"表内に存在する行を一覧表示":{"runAfter":{"ファイルの作成-一時保存Excelファイルを作成":["Succeeded"]},"metadata":{"operationMetadataId":"e4e718da-21e4-43fc-99c0-751d798f1717","tableId":"Table1"},"type":"OpenApiConnection","inputs":{"host":{"apiId":"/providers/Microsoft.PowerApps/apis/shared_excelonlinebusiness","connectionName":"shared_excelonlinebusiness","operationId":"GetItems"},"parameters":{"source":"me","drive":"b!Rl6cMfndukyvuIu02Uqp83sQnUpEbu9Pt8ZBsBTiBIB5BzB5cEj8T7keA7DDdDhm","file":"@outputs('ファイルの作成-一時保存Excelファイルを作成')?['body/Path']","table":"Table1","dateTimeFormat":"ISO 8601"},"authentication":{"value":"@json(decodeBase64(triggerOutputs().headers['X-MS-APIM-Tokens']))['$ConnectionKey']","type":"Raw"}}},"変数を初期化する-チェック対象メンバー":{"runAfter":{"マイ_プロフィールの取得_(V2)":["Succeeded"]},"metadata":{"operationMetadataId":"554d8133-c29d-44af-b578-df8c9ad97638"},"type":"InitializeVariable","inputs":{"variables":[{"name":"チェック対象メンバー","type":"array","value":["admin@m365x000309.onmicrosoft.com","miriamg@m365x000309.onmicrosoft.com","lynner@m365x000309.onmicrosoft.com","adelev@m365x000309.onmicrosoft.com","jonis@m365x000309.onmicrosoft.com"]}]}},"選択-Key（メールアドレス）とValue（回答日時）の配列を作る":{"runAfter":{"表内に存在する行を一覧表示":["Succeeded"]},"metadata":{"operationMetadataId":"edd5fbe7-bc2a-4a21-a816-2d1a2f05e031"},"type":"Select","inputs":{"from":"@outputs('表内に存在する行を一覧表示')?['body/value']","select":{"@{item()?['Email']}":"@item()?['Completion time']"}}},"作成-簡易版JSON_Dictionaryを作る（回答日時）":{"runAfter":{"選択-Key（メールアドレス）とValue（回答日時）の配列を作る":["Succeeded"]},"metadata":{"operationMetadataId":"4b5ba22e-52bd-42c9-97c2-10bb657e74e0"},"type":"Compose","inputs":"@json(concat('{',replace(replace(replace(replace(string(body('選択-Key（メールアドレス）とValue（回答日時）の配列を作る')),'{',''),'}',''),'[',''),']',''),'}'))"},"変数を初期化する-回答者と回答日時の一覧":{"runAfter":{"作成-簡易版JSON_Dictionaryを作る（回答日時）":["Succeeded"]},"metadata":{"operationMetadataId":"a6c3dd21-012c-42e5-ae71-889285bf7ef4"},"type":"InitializeVariable","inputs":{"variables":[{"name":"未回答者の一覧","type":"array"}]}},"Apply_to_each-回答者の表示名と回答日時の配列を作成":{"foreach":"@variables('チェック対象メンバー')","actions":{"ユーザー_プロフィールの取得_(V2)":{"runAfter":{},"metadata":{"operationMetadataId":"f8d96143-a68b-4b4f-b4a8-4ad4e9f0f0de"},"type":"OpenApiConnection","inputs":{"host":{"apiId":"/providers/Microsoft.PowerApps/apis/shared_office365users","connectionName":"shared_office365users","operationId":"UserProfile_V2"},"parameters":{"id":"@item()"},"authentication":{"value":"@json(decodeBase64(triggerOutputs().headers['X-MS-APIM-Tokens']))['$ConnectionKey']","type":"Raw"}}},"条件":{"actions":{"配列変数に追加_（未回答のパターン）":{"runAfter":{},"metadata":{"operationMetadataId":"f071f995-0868-4576-baa9-14ddbecd3f9b"},"type":"AppendToArrayVariable","inputs":{"name":"未回答者の一覧","value":{"名前":"@{outputs('ユーザー_プロフィールの取得_(V2)')?['body/displayName']}","メールアドレス":"@{outputs('ユーザー_プロフィールの取得_(V2)')?['body/mail']}"}}}},"runAfter":{"ユーザー_プロフィールの取得_(V2)":["Succeeded"]},"expression":{"equals":["@empty(outputs('作成-簡易版JSON_Dictionaryを作る（回答日時）')?[string(item())])","@true"]},"metadata":{"operationMetadataId":"38c10d5a-531e-440d-b1c3-f171ad092378"},"type":"If"}},"runAfter":{"変数を初期化する-回答者と回答日時の一覧":["Succeeded"]},"metadata":{"operationMetadataId":"a7a87869-a57a-45f4-ae01-344d0420e826"},"type":"Foreach"},"HTMLテーブルを作成":{"actions":{"表の列名を折り返し禁止にするためにスタイルを変更する":{"runAfter":{"表の罫線を表示するためにスタイルを変更する":["Succeeded"]},"metadata":{"operationMetadataId":"c0615408-ea5e-49c7-9b1d-1dfd49415130"},"type":"Compose","inputs":"@replace(outputs('表の罫線を表示するためにスタイルを変更する'), '<th>', '<th style=\"white-space:nowrap;padding:7px\">')"},"表のpaddingを広げるためにスタイルを変更する":{"runAfter":{"表の列名を折り返し禁止にするためにスタイルを変更する":["Succeeded"]},"metadata":{"operationMetadataId":"099bbac6-4aa5-422c-8152-88457cd86fd8"},"type":"Compose","inputs":"@replace(outputs('表の列名を折り返し禁止にするためにスタイルを変更する'), '<td>', '<td style=\"padding:7px\">')"},"HTML_テーブルの作成":{"runAfter":{},"metadata":{"operationMetadataId":"ef6c5bfb-9efe-4541-97e4-fcb3ea3f5f31"},"type":"Table","inputs":{"from":"@variables('未回答者の一覧')","format":"HTML"}},"表の罫線を表示するためにスタイルを変更する":{"runAfter":{"HTML_テーブルの作成":["Succeeded"]},"metadata":{"operationMetadataId":"012d055e-fdcd-47bd-b0f9-cf753bba08b1"},"type":"Compose","inputs":"@replace(body('HTML_テーブルの作成'), '<table>', '<table border=\"3\" bgcolor=\"87ceeb\">')"}},"runAfter":{"メールの送信_(V2)":["Succeeded"]},"metadata":{"operationMetadataId":"f7c4ec2c-0016-4e4b-996e-0e7959f51211"},"type":"Scope"},"作成-一時保存Excelファイルの名前":{"runAfter":{"HTTP要求-フォームの回答をすべて取得":["Succeeded"]},"metadata":{"operationMetadataId":"b16815b1-60cc-42fc-8bab-a696e7f1582c"},"type":"Compose","inputs":"@concat(convertTimeZone(utcNow(), 'UTC', 'Tokyo Standard Time', 'yyyyMMdd_HHmm'),'_',outputs('HTTP要求-フォームの情報を取得')?['body']?['title'],'.xlsx')"},"ファイルの作成-一時保存Excelファイルを作成":{"runAfter":{"作成-一時保存Excelファイルの名前":["Succeeded"]},"metadata":{"operationMetadataId":"c9974402-b1de-4ef3-8795-cc2e22a98e31"},"type":"OpenApiConnection","inputs":{"host":{"apiId":"/providers/Microsoft.PowerApps/apis/shared_onedriveforbusiness","connectionName":"shared_onedriveforbusiness","operationId":"CreateFile"},"parameters":{"folderPath":"/フォームへの回答結果","name":"@outputs('作成-一時保存Excelファイルの名前')","body":"@body('HTTP要求-フォームの回答をすべて取得')"},"authentication":{"value":"@json(decodeBase64(triggerOutputs().headers['X-MS-APIM-Tokens']))['$ConnectionKey']","type":"Raw"}},"runtimeConfiguration":{"contentTransfer":{"transferMode":"Chunked"}}},"マイ_プロフィールの取得_(V2)":{"runAfter":{},"metadata":{"operationMetadataId":"6f74de48-7316-4a65-aef4-9b018db4d07f"},"type":"OpenApiConnection","inputs":{"host":{"apiId":"/providers/Microsoft.PowerApps/apis/shared_office365users","connectionName":"shared_office365users","operationId":"MyProfile_V2"},"parameters":{},"authentication":{"value":"@json(decodeBase64(triggerOutputs().headers['X-MS-APIM-Tokens']))['$ConnectionKey']","type":"Raw"}},"description":"フローbotによるチャットを受け取るためにフロー実行者の宛先情報を取得"},"作成-チェック結果を投稿した旨の通知本文":{"runAfter":{"HTMLテーブルを作成":["Succeeded"]},"metadata":{"operationMetadataId":"11481e64-8522-42b1-bd18-c859f35484d9"},"type":"Compose","inputs":"「フォームの未回答者にメールを送信」のフローを実行しました。<br><br>\n【送信先】<br>\n@{outputs('表のpaddingを広げるためにスタイルを変更する')}\n<br>\n【フォーム】<br>\n@{outputs('HTTP要求-フォームの情報を取得')?['body']?['title']}<br>\n<a href=\"@{concat('https://forms.office.com/pages/designpagev2.aspx?id=',outputs('作成-フォームID'))}\">フォームを開く</a><br/>"},"チャットを投稿-チェック結果をチャネルに投稿した旨をチャットで通知":{"runAfter":{"作成-チェック結果を投稿した旨の通知本文":["Succeeded"]},"metadata":{"operationMetadataId":"a18335b5-2e6a-4f1c-812e-e56086e2bc96"},"type":"OpenApiConnection","inputs":{"host":{"apiId":"/providers/Microsoft.PowerApps/apis/shared_teams","connectionName":"shared_teams","operationId":"PostMessageToConversation"},"parameters":{"poster":"Flow bot","location":"Chat with Flow bot","body/recipient":"@{outputs('マイ_プロフィールの取得_(V2)')?['body/mail']};","body/messageBody":"<p>@{outputs('作成-チェック結果を投稿した旨の通知本文')}</p>"},"authentication":{"value":"@json(decodeBase64(triggerOutputs().headers['X-MS-APIM-Tokens']))['$ConnectionKey']","type":"Raw"}}},"条件_-_日付が未指定であるか":{"actions":{},"runAfter":{"作成-フォームID":["Succeeded"]},"else":{"actions":{"タイム_ゾーンの変換　-_予定実行時間をUTCに変換":{"runAfter":{},"metadata":{"operationMetadataId":"d7fde675-e7cb-43e0-b262-53bb6b11d5ee"},"type":"Expression","kind":"ConvertTimeZone","inputs":{"baseTime":" @{triggerBody()?['date']} @{triggerBody()?['text_1']}","formatString":"u","sourceTimeZone":"Tokyo Standard Time","destinationTimeZone":"UTC"}},"延期期限_-_指定した日時までワークフローを停止":{"runAfter":{"チャットを投稿-フローの実行スケジュールを設定した旨のチャットで通知":["Succeeded"]},"metadata":{"operationMetadataId":"fc84e0d0-e031-4cb5-8008-e005674dc974"},"type":"Wait","inputs":{"until":{"timestamp":"@body('タイム_ゾーンの変換　-_予定実行時間をUTCに変換')"}}},"作成-スケジュール実行のチャット本文":{"runAfter":{"タイム_ゾーンの変換　-_予定実行時間をUTCに変換":["Succeeded"]},"metadata":{"operationMetadataId":"d5728fc2-aa25-47f4-a622-2e35a09b27cb"},"type":"Compose","inputs":"「フォームの未回答者にメールを送信」のスケジュール実行を設定しました。<br>\n<br>\n【フォーム】<br>\n<a href=\"@{concat('https://forms.office.com/pages/designpagev2.aspx?id=',outputs('作成-フォームID'))}\">フォームを開く</a><br/>\n<br>\n【実行予定時間】<br>\n @{triggerBody()?['date']} @{triggerBody()?['text_1']}"},"チャットを投稿-フローの実行スケジュールを設定した旨のチャットで通知":{"runAfter":{"作成-スケジュール実行のチャット本文":["Succeeded"]},"metadata":{"operationMetadataId":"0c987f5f-58e1-4d56-8701-88d0cc753ab2"},"type":"OpenApiConnection","inputs":{"host":{"apiId":"/providers/Microsoft.PowerApps/apis/shared_teams","connectionName":"shared_teams","operationId":"PostMessageToConversation"},"parameters":{"poster":"Flow bot","location":"Chat with Flow bot","body/recipient":"@{outputs('マイ_プロフィールの取得_(V2)')?['body/mail']};","body/messageBody":"<p>@{outputs('作成-スケジュール実行のチャット本文')}</p>"},"authentication":{"value":"@json(decodeBase64(triggerOutputs().headers['X-MS-APIM-Tokens']))['$ConnectionKey']","type":"Raw"}}}}},"expression":{"equals":["@empty(triggerBody()?['date'])","@true"]},"metadata":{"operationMetadataId":"303d9ffb-6d0c-453f-a331-02556e268939"},"type":"If"},"作成-簡易版JSON_Dictionaryを作る（フォームURL）_":{"runAfter":{"選択-フォームURLのクエリストリングをkeyとvalueの配列にする":["Succeeded"]},"metadata":{"operationMetadataId":"4b5ba22e-52bd-42c9-97c2-10bb657e74e0"},"type":"Compose","inputs":"@json(concat('{',replace(replace(replace(replace(string(body('選択-フォームURLのクエリストリングをkeyとvalueの配列にする')),'{',''),'}',''),'[',''),']',''),'}'))"},"選択-フォームURLのクエリストリングをkeyとvalueの配列にする":{"runAfter":{"変数を初期化する-チェック対象メンバー":["Succeeded"]},"metadata":{"operationMetadataId":"e9f5cd15-8399-4428-826b-7670c5d1c966"},"type":"Select","inputs":{"from":"@split(split(triggerBody()['text'], '.aspx?')[1], '&')","select":{"@{substring(item(),0,indexOf(item(),'='))}":"@substring(item(), add(indexOf(item(), '='), 1))"}}},"結合-未回答者のメールアドレスをセミコロンで結合":{"runAfter":{"選択-未回答者の一覧から「メールアドレス」列を取得":["Succeeded"]},"metadata":{"operationMetadataId":"0c68cf50-8964-49bc-9e28-c6bf9ddc0e3d"},"type":"Join","inputs":{"from":"@body('選択-未回答者の一覧から「メールアドレス」列を取得')","joinWith":";"}},"選択-未回答者の一覧から「メールアドレス」列を取得":{"runAfter":{"Apply_to_each-回答者の表示名と回答日時の配列を作成":["Succeeded"]},"metadata":{"operationMetadataId":"918da4a8-e456-4368-aff6-b1b7836844c3"},"type":"Select","inputs":{"from":"@variables('未回答者の一覧')","select":"@item()?['メールアドレス']"}},"変数を初期化する_-メール本文":{"runAfter":{"結合-未回答者のメールアドレスをセミコロンで結合":["Succeeded"]},"metadata":{"operationMetadataId":"c13c5834-32ae-4251-8c77-85e10cce0b35"},"type":"InitializeVariable","inputs":{"variables":[{"name":"未回答者へ送信するメールの本文","type":"string","value":"宛先各位<br/>\n<br/>\n掲題のアンケートフォームへの未回答者にBCCでお送りしています。下記の回答フォームから回答をお願いします。<br/>\n<br/>\n回答フォーム：<br/>\n<a href=\"@{concat('https://forms.office.com/Pages/ResponsePage.aspx?id=', outputs('作成-フォームID'))}\">フォームを開く</a><br/>"}]}},"メールの送信_(V2)":{"runAfter":{"変数を初期化する_-メール本文":["Succeeded"]},"metadata":{"operationMetadataId":"b26296e0-2713-4be0-8266-c3b7d30f55ba"},"type":"OpenApiConnection","inputs":{"host":{"apiId":"/providers/Microsoft.PowerApps/apis/shared_office365","connectionName":"shared_office365","operationId":"SendEmailV2"},"parameters":{"emailMessage/To":"admin@M365x000309.OnMicrosoft.com","emailMessage/Subject":"[依頼]「@{outputs('HTTP要求-フォームの情報を取得')?['body']?['title']}」に回答お願いします。","emailMessage/Body":"<p>@{variables('未回答者へ送信するメールの本文')}</p>","emailMessage/Bcc":"@body('結合-未回答者のメールアドレスをセミコロンで結合')","emailMessage/Importance":"Normal"},"authentication":{"value":"@json(decodeBase64(triggerOutputs().headers['X-MS-APIM-Tokens']))['$ConnectionKey']","type":"Raw"}}}}},"connectionReferences":{"shared_sharepointonline":{"connectionName":"shared-sharepointonl-5472558e-11c9-4f88-b2b9-5274c0a1b31b","source":"Invoker","id":"/providers/Microsoft.PowerApps/apis/shared_sharepointonline","tier":"NotSpecified"},"shared_excelonlinebusiness":{"connectionName":"a9d7ac5865354ca883ee33f22e58ce4d","source":"Invoker","id":"/providers/Microsoft.PowerApps/apis/shared_excelonlinebusiness","tier":"NotSpecified"},"shared_office365users":{"connectionName":"shared-office365user-bbc62fef-29ff-40a9-9c37-376bb0336b9d","source":"Invoker","id":"/providers/Microsoft.PowerApps/apis/shared_office365users","tier":"NotSpecified"},"shared_onedriveforbusiness":{"connectionName":"shared-onedriveforbu-ca7ba3ee-97d0-43d1-b3cd-a71fa6eda046","source":"Invoker","id":"/providers/Microsoft.PowerApps/apis/shared_onedriveforbusiness","tier":"NotSpecified"},"shared_teams":{"connectionName":"f926dfc973f14c8397e5faa66e216e92","source":"Invoker","id":"/providers/Microsoft.PowerApps/apis/shared_teams","tier":"NotSpecified"},"shared_office365":{"connectionName":"shared-office365-18a91322-2056-4366-b86d-0fe513482f2a","source":"Invoker","id":"/providers/Microsoft.PowerApps/apis/shared_office365","tier":"NotSpecified"}},"flowFailureAlertSubscribed":false,"isManaged":false}}