{"name":"5ea6fa9e-826e-4e6d-8dac-4baffec6aba9","id":"/providers/Microsoft.Flow/flows/5ea6fa9e-826e-4e6d-8dac-4baffec6aba9","type":"Microsoft.Flow/flows","properties":{"apiId":"/providers/Microsoft.PowerApps/apis/shared_logicflows","displayName":"分岐ロジックの経験則 パターン1 修正前","definition":{"metadata":{"workflowEntityId":null,"processAdvisorMetadata":null,"flowclientsuspensionreason":"None","flowclientsuspensiontime":null,"flowclientsuspensionreasondetails":null,"creator":{"id":"4a4a76fc-3a14-4340-98f0-54fa153de806","type":"User","tenantId":"81aef3cb-2cfc-44d3-ac59-1bb45d66f910"},"provisioningMethod":"FromDefinition","failureAlertSubscription":true,"clientLastModifiedTime":"2023-01-08T13:04:30.3950364Z"},"$schema":"https://schema.management.azure.com/providers/Microsoft.Logic/schemas/2016-06-01/workflowdefinition.json#","contentVersion":"1.0.0.0","parameters":{"$authentication":{"defaultValue":{},"type":"SecureObject"}},"triggers":{"manual":{"metadata":{"operationMetadataId":"69d2351c-2b14-491d-9801-3c980c3c9531"},"type":"Request","kind":"Button","inputs":{"schema":{"type":"object","properties":{"boolean":{"title":"分岐A","type":"boolean","x-ms-dynamically-added":true,"description":"[はい] または [いいえ] を選択してください","x-ms-content-hint":"BOOLEAN"},"boolean_1":{"title":"分岐B","type":"boolean","x-ms-dynamically-added":true,"description":"[はい] または [いいえ] を選択してください","x-ms-content-hint":"BOOLEAN"}},"required":["boolean","boolean_1"]}}}},"actions":{"条件-分岐Aが「はい」である":{"actions":{"条件-分岐Bが「はい」である":{"actions":{"スコープ-分岐Aがtrue、かつ分岐Bがtrueのときに実行したい処理":{"actions":{},"runAfter":{},"metadata":{"operationMetadataId":"c8ba32d2-62a6-4ee8-afc2-02fbaf45e3c5"},"type":"Scope"}},"runAfter":{},"expression":{"equals":["",""]},"metadata":{"operationMetadataId":"841fb691-431e-4fda-be8e-b5b58a5688e0"},"type":"If"}},"runAfter":{},"expression":{"equals":["@triggerBody()['boolean']",true]},"metadata":{"operationMetadataId":"1983047e-fc82-427e-8690-22aa270105bd"},"type":"If"}}},"connectionReferences":{},"flowFailureAlertSubscribed":false,"isManaged":false}}