{"name":"535a5055-98b4-4748-a0bc-2da9115cadc3","id":"/providers/Microsoft.Flow/flows/535a5055-98b4-4748-a0bc-2da9115cadc3","type":"Microsoft.Flow/flows","properties":{"apiId":"/providers/Microsoft.PowerApps/apis/shared_logicflows","displayName":"タグでフローを実行","definition":{"metadata":{"workflowEntityId":null,"processAdvisorMetadata":null,"flowclientsuspensionreason":"None","flowclientsuspensiontime":null,"creator":{"id":"350bd895-8fff-465e-b2ce-f3943b7d2b43","type":"User","tenantId":"688cdea3-eec2-4ad7-b65b-3b2b2e535888"},"provisioningMethod":"FromDefinition","failureAlertSubscription":true,"clientLastModifiedTime":"2022-05-05T11:33:11.925067Z"},"$schema":"https://schema.management.azure.com/providers/Microsoft.Logic/schemas/2016-06-01/workflowdefinition.json#","contentVersion":"1.0.0.0","parameters":{"$connections":{"defaultValue":{},"type":"Object"},"$authentication":{"defaultValue":{},"type":"SecureObject"}},"triggers":{"キーワードが言及された場合":{"metadata":{"operationMetadataId":"8d1f3698-d3ce-4b01-901b-a5e8a164cca1"},"type":"OpenApiConnectionWebhook","inputs":{"host":{"apiId":"/providers/Microsoft.PowerApps/apis/shared_teams","connectionName":"shared_teams","operationId":"WebhookKeywordTrigger"},"parameters":{"threadType":"channel","$search":"TagTrigger","requestBody/groupId":"8515b3b8-9634-4dd5-992d-af2f0c702e88","requestBody/channels":["19:_MzwNRojmkbHnpbAcfjL72m34YCs01n3Jm70G_JFym01@thread.tacv2"]},"authentication":"@parameters('$authentication')"}}},"actions":{"メッセージ詳細を取得する-トリガーの投稿":{"runAfter":{"条件":["Succeeded"]},"metadata":{"operationMetadataId":"a6fd6897-f261-4a12-b355-61ac5e6582a2"},"type":"OpenApiConnection","inputs":{"host":{"apiId":"/providers/Microsoft.PowerApps/apis/shared_teams","connectionName":"shared_teams","operationId":"GetMessageDetails"},"parameters":{"messageId":"@variables('トリガーの投稿ID')","threadType":"channel","body/recipient/groupId":"8515b3b8-9634-4dd5-992d-af2f0c702e88","body/recipient/channelId":"19:_MzwNRojmkbHnpbAcfjL72m34YCs01n3Jm70G_JFym01@thread.tacv2","body/recipient/parentMessageId":"@variables('親の投稿ID')"},"authentication":"@parameters('$authentication')"}},"条件-メッセージにタグがあるか":{"actions":{"終了":{"runAfter":{},"metadata":{"operationMetadataId":"e51804d9-2ec4-4dae-b28c-e029e78be8de"},"type":"Terminate","inputs":{"runStatus":"Succeeded"}}},"runAfter":{"選択-メッセージからすべてのタグを抽出する":["Succeeded"]},"expression":{"equals":["@empty(body('選択-メッセージからすべてのタグを抽出する'))","@true"]},"metadata":{"operationMetadataId":"7a612ca3-84cb-484b-821c-d7df439d8c1b"},"type":"If"},"選択-メッセージからすべてのタグを抽出する":{"runAfter":{"メッセージ詳細を取得する-親の投稿":["Succeeded"]},"metadata":{"operationMetadataId":"4df705a5-46b4-4fff-b195-f89ddcc57227"},"type":"Select","inputs":{"from":"@body('メッセージ詳細を取得する-トリガーの投稿')?['mentions']","select":{"displayName":"@item()?['mentioned']?['tag']?['displayName']"}}},"Apply_to_each":{"foreach":"@body('選択-メッセージからすべてのタグを抽出する')","actions":{"作成":{"runAfter":{},"metadata":{"operationMetadataId":"3cd05f31-4b12-4d94-a4bc-ccbc2dbb0437"},"type":"Compose","inputs":"@replace(item()?['displayName'],'TagTrigger:','')"},"スイッチ":{"runAfter":{"作成":["Succeeded"]},"cases":{"ケース":{"case":"リストに登録","actions":{"項目の作成":{"runAfter":{"Html_からテキスト":["Succeeded"]},"type":"OpenApiConnection","inputs":{"host":{"apiId":"/providers/Microsoft.PowerApps/apis/shared_sharepointonline","connectionName":"shared_sharepointonline","operationId":"PostItem"},"parameters":{"dataset":"https://m365x000309.sharepoint.com/sites/msteams_17f4f3/","table":"1863ed42-6a5c-443e-ab0f-d7b29b285a25","item/Title":"@outputs('メッセージ詳細を取得する-親の投稿')?['body/subject']","item/OData__x8a73__x7d30_":"@body('Html_からテキスト')","item/OData__x30b9__x30c6__x30fc__x30bf__x30":"未受理","item/OData__x89aa__x306e__x6295__x7a3f__x30":"@outputs('メッセージ詳細を取得する-親の投稿')?['body/id']"},"authentication":"@parameters('$authentication')"}},"Html_からテキスト":{"runAfter":{},"type":"OpenApiConnection","inputs":{"host":{"apiId":"/providers/Microsoft.PowerApps/apis/shared_conversionservice","connectionName":"shared_conversionservice","operationId":"HtmlToText"},"parameters":{"Content":"<p>@{outputs('メッセージ詳細を取得する-親の投稿')?['body/body/Content']}</p>"},"authentication":"@parameters('$authentication')"}},"メッセージへの返信の投稿_(V2)":{"runAfter":{"作成-フローによる返信の本文":["Succeeded"]},"metadata":{"operationMetadataId":"f0c73b8b-c8ca-403a-b040-0984c4b895a3"},"type":"OpenApiConnection","inputs":{"host":{"apiId":"/providers/Microsoft.PowerApps/apis/shared_teams","connectionName":"shared_teams","operationId":"PostReplyToMessageV2"},"parameters":{"groupId":"@outputs('メッセージ詳細を取得する-親の投稿')?['body/teamId']","channelId":"@outputs('メッセージ詳細を取得する-親の投稿')?['body/channelId']","messageId":"@outputs('メッセージ詳細を取得する-親の投稿')?['body/id']","body/body/content":"<p>@{outputs('作成-フローによる返信の本文')}</p>"},"authentication":"@parameters('$authentication')"}},"作成-フローによる返信の本文":{"runAfter":{"項目の作成":["Succeeded"]},"type":"Compose","inputs":"<strong>※Power Automate による自動返信です。</strong><br>\n<br>\nリストに登録しました。<br><br>\n【件名】<br>\n@{outputs('項目の作成')?['body/Title']}<br>\n<br>\n【ステータス】<br>\n@{outputs('項目の作成')?['body/OData__x30b9__x30c6__x30fc__x30bf__x30']}<br>\n<br>\n以下のリンクをクリックして登録内容を確認してください。<br>\n<a href=\"@{outputs('項目の作成')?['body/{Link}']}\">詳細画面を開く</a>"}}},"ケース_2":{"case":"ステータスを「受理済み」に更新","actions":{"複数の項目の取得":{"runAfter":{},"type":"OpenApiConnection","inputs":{"host":{"apiId":"/providers/Microsoft.PowerApps/apis/shared_sharepointonline","connectionName":"shared_sharepointonline","operationId":"GetItems"},"parameters":{"dataset":"https://m365x000309.sharepoint.com/sites/msteams_17f4f3","table":"1863ed42-6a5c-443e-ab0f-d7b29b285a25","$filter":"OData__x89aa__x306e__x6295__x7a3f__x30 eq '@{outputs('メッセージ詳細を取得する-親の投稿')?['body/id']}'","$top":1},"authentication":"@parameters('$authentication')"}},"作成-配列から目的のリストアイテムを取得":{"runAfter":{"複数の項目の取得":["Succeeded"]},"type":"Compose","inputs":"@first(outputs('複数の項目の取得')?['body/value'])"},"項目の更新":{"runAfter":{"作成-配列から目的のリストアイテムを取得":["Succeeded"]},"type":"OpenApiConnection","inputs":{"host":{"apiId":"/providers/Microsoft.PowerApps/apis/shared_sharepointonline","connectionName":"shared_sharepointonline","operationId":"PatchItem"},"parameters":{"dataset":"https://m365x000309.sharepoint.com/sites/msteams_17f4f3","table":"1863ed42-6a5c-443e-ab0f-d7b29b285a25","id":"@outputs('作成-配列から目的のリストアイテムを取得')?['ID']","item/Title":"@outputs('メッセージ詳細を取得する-親の投稿')?['body/subject']","item/OData__x30b9__x30c6__x30fc__x30bf__x30":"受理済み"},"authentication":"@parameters('$authentication')"}},"作成-フローによる返信の本文_2":{"runAfter":{"項目の更新":["Succeeded"]},"type":"Compose","inputs":"<strong>※Power Automate による自動返信です。</strong><br>\n<br>\nステータスを更新しました。<br><br>\n【件名】<br>\n@{outputs('項目の更新')?['body/Title']}<br>\n<br>\n【ステータス】<br>\n@{outputs('項目の更新')?['body/OData__x30b9__x30c6__x30fc__x30bf__x30']}<br>\n<br>\n<br>\n以下のリンクをクリックして登録内容を確認してください。<br>\n<a href=\"@{outputs('項目の更新')?['body/{Link}']}\">詳細画面を開く</a>"},"メッセージへの返信の投稿_(V2)_2":{"runAfter":{"作成-フローによる返信の本文_2":["Succeeded"]},"metadata":{"operationMetadataId":"f0c73b8b-c8ca-403a-b040-0984c4b895a3"},"type":"OpenApiConnection","inputs":{"host":{"apiId":"/providers/Microsoft.PowerApps/apis/shared_teams","connectionName":"shared_teams","operationId":"PostReplyToMessageV2"},"parameters":{"groupId":"@outputs('メッセージ詳細を取得する-親の投稿')?['body/teamId']","channelId":"@outputs('メッセージ詳細を取得する-親の投稿')?['body/channelId']","messageId":"@outputs('メッセージ詳細を取得する-親の投稿')?['body/id']","body/body/content":"<p>@{outputs('作成-フローによる返信の本文_2')}</p>"},"authentication":"@parameters('$authentication')"}}}},"ケース_3":{"case":"ステータスを「審議完了」に更新","actions":{"複数の項目の取得_2":{"runAfter":{},"type":"OpenApiConnection","inputs":{"host":{"apiId":"/providers/Microsoft.PowerApps/apis/shared_sharepointonline","connectionName":"shared_sharepointonline","operationId":"GetItems"},"parameters":{"dataset":"https://m365x000309.sharepoint.com/sites/msteams_17f4f3","table":"1863ed42-6a5c-443e-ab0f-d7b29b285a25","$filter":"OData__x89aa__x306e__x6295__x7a3f__x30 eq '@{outputs('メッセージ詳細を取得する-親の投稿')?['body/id']}'","$top":1},"authentication":"@parameters('$authentication')"}},"作成-配列から目的のリストアイテムを取得_2":{"runAfter":{"複数の項目の取得_2":["Succeeded"]},"type":"Compose","inputs":"@first(outputs('複数の項目の取得_2')?['body/value'])"},"項目の更新_2":{"runAfter":{"作成-配列から目的のリストアイテムを取得_2":["Succeeded"]},"type":"OpenApiConnection","inputs":{"host":{"apiId":"/providers/Microsoft.PowerApps/apis/shared_sharepointonline","connectionName":"shared_sharepointonline","operationId":"PatchItem"},"parameters":{"dataset":"https://m365x000309.sharepoint.com/sites/msteams_17f4f3","table":"1863ed42-6a5c-443e-ab0f-d7b29b285a25","id":"@outputs('作成-配列から目的のリストアイテムを取得_2')?['ID']","item/Title":"@outputs('メッセージ詳細を取得する-親の投稿')?['body/subject']","item/OData__x30b9__x30c6__x30fc__x30bf__x30":"審議完了"},"authentication":"@parameters('$authentication')"}},"作成-フローによる返信の本文_3":{"runAfter":{"項目の更新_2":["Succeeded"]},"type":"Compose","inputs":"<strong>※Power Automate による自動返信です。</strong><br>\n<br>\nステータスを更新しました。<br><br>\n【件名】<br>\n@{outputs('項目の更新_2')?['body/Title']}<br>\n<br>\n【ステータス】<br>\n@{outputs('項目の更新_2')?['body/OData__x30b9__x30c6__x30fc__x30bf__x30']}<br>\n<br>\n以下のリンクをクリックして登録内容を確認してください。<br>\n<a href=\"@{outputs('項目の更新_2')?['body/{Link}']}\">詳細画面を開く</a>"},"メッセージへの返信の投稿_(V2)_3":{"runAfter":{"作成-フローによる返信の本文_3":["Succeeded"]},"metadata":{"operationMetadataId":"f0c73b8b-c8ca-403a-b040-0984c4b895a3"},"type":"OpenApiConnection","inputs":{"host":{"apiId":"/providers/Microsoft.PowerApps/apis/shared_teams","connectionName":"shared_teams","operationId":"PostReplyToMessageV2"},"parameters":{"groupId":"@outputs('メッセージ詳細を取得する-親の投稿')?['body/teamId']","channelId":"@outputs('メッセージ詳細を取得する-親の投稿')?['body/channelId']","messageId":"@outputs('メッセージ詳細を取得する-親の投稿')?['body/id']","body/body/content":"<p>@{outputs('作成-フローによる返信の本文_3')}</p>"},"authentication":"@parameters('$authentication')"}}}}},"default":{"actions":{}},"expression":"@replace(item()?['displayName'],'TagTrigger:','')","metadata":{"operationMetadataId":"06d1aac6-0b89-4546-8163-3d650892920a"},"type":"Switch"}},"runAfter":{"条件-メッセージにタグがあるか":["Succeeded"]},"metadata":{"operationMetadataId":"cbf0d402-b59e-4905-b094-b6b9e955fa73"},"type":"Foreach","runtimeConfiguration":{"concurrency":{"repetitions":1}}},"メッセージ詳細を取得する-親の投稿":{"runAfter":{"メッセージ詳細を取得する-トリガーの投稿":["Succeeded"]},"metadata":{"operationMetadataId":"54ba985c-bc44-4b59-8097-0210ec9d9847"},"type":"OpenApiConnection","inputs":{"host":{"apiId":"/providers/Microsoft.PowerApps/apis/shared_teams","connectionName":"shared_teams","operationId":"GetMessageDetails"},"parameters":{"messageId":"@variables('親の投稿ID')","threadType":"channel","body/recipient/groupId":"8515b3b8-9634-4dd5-992d-af2f0c702e88","body/recipient/channelId":"19:_MzwNRojmkbHnpbAcfjL72m34YCs01n3Jm70G_JFym01@thread.tacv2"},"authentication":"@parameters('$authentication')"}},"変数を初期化する-トリガーの投稿ID":{"runAfter":{},"metadata":{"operationMetadataId":"66f73454-f1a5-4e4f-b7fa-beea4ddf873c"},"type":"InitializeVariable","inputs":{"variables":[{"name":"トリガーの投稿ID","type":"string","value":"@{first(triggerOutputs()?['body/value'])?['messageId']}"}]}},"変数を初期化するー親の投稿ID":{"runAfter":{"変数を初期化する-トリガーの投稿ID":["Succeeded"]},"metadata":{"operationMetadataId":"f5849102-a139-4066-8438-2d10022e5829"},"type":"InitializeVariable","inputs":{"variables":[{"name":"親の投稿ID","type":"string"}]}},"条件":{"actions":{"変数の設定-親の投稿ID":{"runAfter":{},"metadata":{"operationMetadataId":"7b3318eb-07bc-4fa3-b8d7-a2f562fe4a52"},"type":"SetVariable","inputs":{"name":"親の投稿ID","value":"@first(triggerOutputs()?['body/value'])?['messageId']"}}},"runAfter":{"変数を初期化するー親の投稿ID":["Succeeded"]},"else":{"actions":{"変数の設定2-親の投稿ID":{"runAfter":{},"metadata":{"operationMetadataId":"f4d995c6-b685-49c4-8a20-ed6b49e0c8fa"},"type":"SetVariable","inputs":{"name":"親の投稿ID","value":"@first(triggerOutputs()?['body/value'])?['replyToMessageId']"}}}},"expression":{"equals":["@equals(first(triggerOutputs()?['body/value'])?['messageId'],first(triggerOutputs()?['body/value'])?['replyToMessageId'])","@true"]},"metadata":{"operationMetadataId":"b483a081-56c9-49d0-87fd-26521dcf162e"},"type":"If"}}},"connectionReferences":{"shared_teams":{"connectionName":"shared-teams-6b1d1b48-f86f-45e3-86b5-22c06adbb851","source":"Embedded","id":"/providers/Microsoft.PowerApps/apis/shared_teams","tier":"NotSpecified"},"shared_sharepointonline":{"connectionName":"shared-sharepointonl-5472558e-11c9-4f88-b2b9-5274c0a1b31b","source":"Embedded","id":"/providers/Microsoft.PowerApps/apis/shared_sharepointonline","tier":"NotSpecified"},"shared_conversionservice":{"connectionName":"shared-conversionser-7be960e3-29df-4fd9-a302-77a87f1d45aa","source":"Embedded","id":"/providers/Microsoft.PowerApps/apis/shared_conversionservice","tier":"NotSpecified"}},"flowFailureAlertSubscribed":false,"isManaged":false}}