{"name":"19162e82-fc63-412d-8d72-be8a0170026c","id":"/providers/Microsoft.Flow/flows/19162e82-fc63-412d-8d72-be8a0170026c","type":"Microsoft.Flow/flows","properties":{"apiId":"/providers/Microsoft.PowerApps/apis/shared_logicflows","displayName":"JSON Dictionaryの作成","definition":{"metadata":{"workflowEntityId":null,"processAdvisorMetadata":null,"flowChargedByPaygo":null,"flowclientsuspensionreason":"None","flowclientsuspensiontime":null,"flowclientsuspensionreasondetails":null,"creator":{"id":"90db02fe-8f65-479e-95a8-fc731198dab1","type":"User","tenantId":"d94e8f6c-d42b-4299-9c35-0801ba7e7235"},"provisioningMethod":"FromDefinition","failureAlertSubscription":true,"clientLastModifiedTime":"2025-12-21T10:35:45.6889798Z","connectionKeySavedTimeKey":"2025-12-21T10:35:45.6889798Z","creationSource":null},"$schema":"https://schema.management.azure.com/providers/Microsoft.Logic/schemas/2016-06-01/workflowdefinition.json#","contentVersion":"1.0.0.0","parameters":{"$connections":{"defaultValue":{},"type":"Object"},"$authentication":{"defaultValue":{},"type":"SecureObject"}},"triggers":{"manual":{"metadata":{"operationMetadataId":"c5f06d32-8eb7-4b27-a89d-0d05f99a9f93"},"type":"Request","kind":"Button","inputs":{"schema":{"type":"object","properties":{},"required":[]}}}},"actions":{"スコープ:【Key項目】を【Value項目】に変換-JSON_Dictionaryを作成":{"actions":{"複数の項目の取得:【SharePointリスト名】":{"runAfter":{},"metadata":{"operationMetadataId":"dd7229d9-f9ce-4c64-9bfd-180919b4d59b"},"type":"OpenApiConnection","inputs":{"host":{"apiId":"/providers/Microsoft.PowerApps/apis/shared_sharepointonline","connectionName":"shared_sharepointonline","operationId":"GetItems"},"parameters":{"dataset":"https://watarufenv.sharepoint.com/sites/msteams_7ad2c5","table":"eb4d4986-545b-4e62-84d9-7ba0efc9c3e6","$filter":"ID ge 1"},"authentication":{"value":"@json(decodeBase64(triggerOutputs().headers['X-MS-APIM-Tokens']))['$ConnectionKey']","type":"Raw"}}},"選択:Key（【Key項目】）とValue（【Value項目】）の配列を作成":{"runAfter":{"複数の項目の取得:【SharePointリスト名】":["Succeeded"]},"metadata":{"operationMetadataId":"026379fa-16b2-41bb-b453-2cc0688caa0f"},"type":"Select","inputs":{"from":"@outputs('複数の項目の取得:【SharePointリスト名】')?['body/value']","select":{"@{item()?['Title']}":"@item()?['Value']"}}},"作成:【Key項目】を【Value項目】に変換-JSON_Dictionary":{"runAfter":{"選択:Key（【Key項目】）とValue（【Value項目】）の配列を作成":["Succeeded"]},"metadata":{"operationMetadataId":"6a83cddc-628c-474b-9252-4c003167d732"},"type":"Compose","inputs":"@json(replace(substring(string(body('選択:Key（【Key項目】）とValue（【Value項目】）の配列を作成')), 1, sub(length(string(body('選択:Key（【Key項目】）とValue（【Value項目】）の配列を作成'))), 2)), '},{', ','))"}},"runAfter":{},"metadata":{"operationMetadataId":"ca8dd2bb-d579-4608-ae92-60be978e9ea8"},"type":"Scope"}}},"connectionReferences":{"shared_sharepointonline":{"connectionName":"3b47502fc2dc443aae89222736ec31f8","source":"Invoker","id":"/providers/Microsoft.PowerApps/apis/shared_sharepointonline","tier":"NotSpecified","apiName":"sharepointonline","isProcessSimpleApiReferenceConversionAlreadyDone":false}},"flowFailureAlertSubscribed":false,"isManaged":false}}