{"name":"6dae3e5b-0a4f-49b3-a8bc-00acd2db3fd8","id":"/providers/Microsoft.Flow/flows/6dae3e5b-0a4f-49b3-a8bc-00acd2db3fd8","type":"Microsoft.Flow/flows","properties":{"apiId":"/providers/Microsoft.PowerApps/apis/shared_logicflows","displayName":"スレッドの発言者をメンバーにしたタグをつくる","definition":{"metadata":{"workflowEntityId":null,"processAdvisorMetadata":null,"flowclientsuspensionreason":"None","flowclientsuspensiontime":null,"flowclientsuspensionreasondetails":null,"creator":{"id":"4a4a76fc-3a14-4340-98f0-54fa153de806","type":"User","tenantId":"81aef3cb-2cfc-44d3-ac59-1bb45d66f910"},"provisioningMethod":"FromDefinition","failureAlertSubscription":true,"clientLastModifiedTime":"2023-03-01T13:17:17.1237523Z"},"$schema":"https://schema.management.azure.com/providers/Microsoft.Logic/schemas/2016-06-01/workflowdefinition.json#","contentVersion":"1.0.0.0","parameters":{"$connections":{"defaultValue":{},"type":"Object"},"$authentication":{"defaultValue":{},"type":"SecureObject"}},"triggers":{"manual":{"splitOn":"@triggerBody()['rows']","metadata":{"operationMetadataId":"70d61e7e-60ab-41e2-8ded-224f71e1b316","flowSystemMetadata":{"swaggerOperationId":"ForASelectedMessage","taskModuleWidth":null,"taskModuleHeight":null,"inputsAdaptiveCard":"{\"$schema\":\"http://adaptivecards.io/schemas/adaptive-card.json\",\"type\":\"AdaptiveCard\",\"version\":\"1.3\",\"body\":[{\"type\":\"TextBlock\",\"weight\":\"Bolder\",\"size\":\"Medium\",\"text\":\"タグの作成\"},{\"type\":\"TextBlock\",\"isSubtle\":true,\"wrap\":true,\"text\":\"指定したスレッドの発言者をメンバーとしてタグを作成します\"},{\"type\":\"TextBlock\",\"wrap\":true,\"text\":\"タグの名前\"},{\"type\":\"Input.Text\",\"id\":\"タグの名前\"},{\"type\":\"TextBlock\",\"text\":\"タグの作成完了時にタグを使った返信をスレッドに投稿しますか？\"},{\"type\":\"Input.Toggle\",\"title\":\"投稿する\",\"value\":\"false\",\"id\":\"投稿する\"}],\"actions\":[{\"type\":\"Action.Submit\",\"title\":\"実行\"}],\"-ms-tokens\":{}}"}},"type":"Request","kind":"ApiConnection","inputs":{"schema":{"type":"object","properties":{"rows":{"type":"array","items":{"type":"object","properties":{"entity":{"type":"object","properties":{"teamsFlowRunContext":{"type":"object","properties":{"channelData":{"type":"object","properties":{"team":{"type":"object","properties":{"aadGroupId":{"title":"チーム ID","type":"string"}},"required":[]},"channel":{"type":"object","properties":{"id":{"title":"チャネル ID","type":"string"}},"required":[]}},"required":[]},"messagePayload":{"type":"object","properties":{"id":{"title":"メッセージ ID","type":"string"},"subject":{"title":"メッセージの件名","type":"string"},"replyToId":{"title":"返信メッセージ ID","type":"string"}},"required":[]},"from":{"title":"from","type":"object","properties":{"aadObjectId":{"title":"操作元ユーザーの ID","type":"string"}},"required":[]},"conversation":{"type":"object","properties":{"id":{"title":"会話 ID","type":"string"}},"required":[]}}},"cardOutputs":{"type":"object","properties":{"タグの名前":{"title":"タグの名前","type":"string"},"投稿する":{"title":"投稿する","type":"string"}}}},"required":["teamsFlowRunContext","cardOutputs"]}},"required":["entity"]}}},"required":["rows"]},"host":{"connection":{"name":"@parameters('$connections')['shared_teams']['connectionId']"},"api":{"runtimeUrl":"https://japan-001.azure-apim.net/apim/teams"}},"operationId":"ForASelectedMessage","parameters":{"inputsAdaptiveCard":"{\"$schema\":\"http://adaptivecards.io/schemas/adaptive-card.json\",\"type\":\"AdaptiveCard\",\"version\":\"1.3\",\"body\":[{\"type\":\"TextBlock\",\"weight\":\"Bolder\",\"size\":\"Medium\",\"text\":\"タグの作成\"},{\"type\":\"TextBlock\",\"isSubtle\":true,\"wrap\":true,\"text\":\"指定したスレッドの発言者をメンバーとしてタグを作成します\"},{\"type\":\"TextBlock\",\"wrap\":true,\"text\":\"タグの名前\"},{\"type\":\"Input.Text\",\"id\":\"タグの名前\"},{\"type\":\"TextBlock\",\"text\":\"タグの作成完了時にタグを使った返信をスレッドに投稿しますか？\"},{\"type\":\"Input.Toggle\",\"title\":\"投稿する\",\"value\":\"false\",\"id\":\"投稿する\"}],\"actions\":[{\"type\":\"Action.Submit\",\"title\":\"実行\"}],\"-ms-tokens\":{}}"}}}},"actions":{"変数を初期化する-投稿一覧":{"runAfter":{},"metadata":{"operationMetadataId":"7cbc9f71-27bf-4a5f-875d-b84401bc608f"},"type":"InitializeVariable","inputs":{"variables":[{"name":"投稿一覧","type":"array"}]}},"Teamsから投稿を取得する":{"actions":{"HTTP_要求を送信します-親の投稿を取得する":{"runAfter":{},"metadata":{"operationMetadataId":"e69f6457-cea9-4525-905f-87d746a29420"},"type":"OpenApiConnection","inputs":{"host":{"apiId":"/providers/Microsoft.PowerApps/apis/shared_office365groups","connectionName":"shared_office365groups","operationId":"HttpRequest"},"parameters":{"Uri":"https://graph.microsoft.com/beta/teams/@{triggerBody()?['entity']?['teamsFlowRunContext']?['channelData']?['team']?['aadGroupId']}/channels/@{triggerBody()?['entity']?['teamsFlowRunContext']?['channelData']?['channel']?['id']}/messages/@{triggerBody()?['entity']?['teamsFlowRunContext']?['messagePayload']?['id']}","Method":"GET","ContentType":"application/json"},"authentication":{"value":"@json(decodeBase64(triggerOutputs().headers['X-MS-APIM-Tokens']))['$ConnectionKey']","type":"Raw"}}},"配列変数に追加-親の投稿を配列に追加する":{"runAfter":{"HTTP_要求を送信します-親の投稿を取得する":["Succeeded"]},"metadata":{"operationMetadataId":"ae0cd79d-c8d3-4bc6-af46-c589efb0733a"},"type":"AppendToArrayVariable","inputs":{"name":"投稿一覧","value":"@body('HTTP_要求を送信します-親の投稿を取得する')"}}},"runAfter":{"変数を初期化する-投稿一覧":["Succeeded"]},"metadata":{"operationMetadataId":"944c35e1-f4d5-497f-b03f-9177c3473359"},"type":"Scope"},"Do_until-返信をすべて取得する":{"actions":{"Apply_to_each-返信を配列に追加する":{"foreach":"@body('HTTP_要求を送信します-返信を取得する')?['value']","actions":{"配列変数に追加-返信を配列に追加する":{"runAfter":{},"metadata":{"operationMetadataId":"388f866d-6d65-4f59-ab70-65fbb3e41c72"},"type":"AppendToArrayVariable","inputs":{"name":"投稿一覧","value":"@item()"}}},"runAfter":{"HTTP_要求を送信します-返信を取得する":["Succeeded"]},"metadata":{"operationMetadataId":"83850b40-2579-4aa2-9d9d-f1e87448be5c"},"type":"Foreach"},"HTTP_要求を送信します-返信を取得する":{"runAfter":{},"metadata":{"operationMetadataId":"b5c2a423-cc34-460b-af3a-0808cbfeaaa9"},"type":"OpenApiConnection","inputs":{"host":{"apiId":"/providers/Microsoft.PowerApps/apis/shared_office365groups","connectionName":"shared_office365groups","operationId":"HttpRequest"},"parameters":{"Uri":"@variables('リクエスト先URI')","Method":"GET","ContentType":"application/json"},"authentication":{"value":"@json(decodeBase64(triggerOutputs().headers['X-MS-APIM-Tokens']))['$ConnectionKey']","type":"Raw"}}},"変数の設定-リクエスト先URI":{"runAfter":{"Apply_to_each-返信を配列に追加する":["Succeeded"]},"metadata":{"operationMetadataId":"41a3af95-8520-49ae-a652-5442e6a6543e"},"type":"SetVariable","inputs":{"name":"リクエスト先URI","value":"@{body('HTTP_要求を送信します-返信を取得する')?['@odata.nextLink']}"}}},"runAfter":{"変数を初期化する-リクエスト先URI":["Succeeded"]},"expression":"@equals(empty(variables('リクエスト先URI')), true)","limit":{"count":60,"timeout":"PT1H"},"metadata":{"operationMetadataId":"e69180fc-cbf2-45f9-965a-bf2f9a7a6692"},"type":"Until"},"変数を初期化する-リクエスト先URI":{"runAfter":{"Teamsから投稿を取得する":["Succeeded"]},"metadata":{"operationMetadataId":"e9301258-4366-4c43-8958-d536b6048c88"},"type":"InitializeVariable","inputs":{"variables":[{"name":"リクエスト先URI","type":"string","value":"https://graph.microsoft.com/beta/teams/@{triggerBody()?['entity']?['teamsFlowRunContext']?['channelData']?['team']?['aadGroupId']}/channels/@{triggerBody()?['entity']?['teamsFlowRunContext']?['channelData']?['channel']?['id']}/messages/@{triggerBody()?['entity']?['teamsFlowRunContext']?['messagePayload']?['id']}/replies"}]}},"作成-重複を排除":{"runAfter":{"アレイのフィルター処理-nullを排除":["Succeeded"]},"metadata":{"operationMetadataId":"1ae73ae4-3348-4e6a-946c-55664fcc9e94"},"type":"Compose","inputs":"@union(body('アレイのフィルター処理-nullを排除'), body('アレイのフィルター処理-nullを排除'))"},"チャットまたはチャネルでメッセージを投稿する":{"runAfter":{"作成-チャットの本文":["Succeeded"]},"metadata":{"operationMetadataId":"1cc70ade-cfa4-4e4d-ae53-aa5cb4ebd3cc"},"type":"OpenApiConnection","inputs":{"host":{"apiId":"/providers/Microsoft.PowerApps/apis/shared_teams","connectionName":"shared_teams","operationId":"PostMessageToConversation"},"parameters":{"poster":"Flow bot","location":"Chat with Flow bot","body/recipient":"@{triggerBody()?['entity']?['teamsFlowRunContext']?['from']?['aadObjectId']};","body/messageBody":"<p>@{replace(outputs('作成-チャットの本文'),decodeUriComponent('%0A'),'<br/>')}</p>"},"authentication":{"value":"@json(decodeBase64(triggerOutputs().headers['X-MS-APIM-Tokens']))['$ConnectionKey']","type":"Raw"}}},"選択-「親の投稿」と返信それぞれの投稿者のID一覧":{"runAfter":{"Do_until-返信をすべて取得する":["Succeeded"]},"metadata":{"operationMetadataId":"8be76b95-dbb0-4bef-945d-6954b2bf859f"},"type":"Select","inputs":{"from":"@variables('投稿一覧')","select":"@item()?['from']?['user']?['id']"}},"HTML_テーブルの作成-タグに含めるメンバー":{"runAfter":{"Apply_to_each-メンバーのIDをもとに「表示名」「メールアドレス」配列を作成":["Succeeded"]},"metadata":{"operationMetadataId":"c811caf9-1f36-4a60-ae6a-00d3ad3f8ee3"},"type":"Table","inputs":{"from":"@variables('タグに含めるメンバー一覧（表示名・メールアドレス）')","format":"HTML"}},"条件-タグ作成完了時にスレッドに投稿する":{"actions":{"チャネル内のメッセージで応答します":{"runAfter":{"作成-スレッドでの返信の本文":["Succeeded"]},"metadata":{"operationMetadataId":"fd707f14-4dc7-4062-bcba-3299baf592c5"},"type":"OpenApiConnection","inputs":{"host":{"apiId":"/providers/Microsoft.PowerApps/apis/shared_teams","connectionName":"shared_teams","operationId":"ReplyWithMessageToConversation"},"parameters":{"poster":"User","location":"Channel","body/parentMessageId":"@triggerBody()?['entity']?['teamsFlowRunContext']?['messagePayload']?['id']","body/recipient/groupId":"@triggerBody()?['entity']?['teamsFlowRunContext']?['channelData']?['team']?['aadGroupId']","body/recipient/channelId":"@triggerBody()?['entity']?['teamsFlowRunContext']?['channelData']?['channel']?['id']","body/messageBody":"<p>@{replace(outputs('作成-スレッドでの返信の本文'),decodeUriComponent('%0A'),'<br/>')}</p>"},"authentication":{"value":"@json(decodeBase64(triggerOutputs().headers['X-MS-APIM-Tokens']))['$ConnectionKey']","type":"Raw"}}},"表の罫線を表示するためにスタイルを変更する":{"runAfter":{},"metadata":{"operationMetadataId":"012d055e-fdcd-47bd-b0f9-cf753bba08b1"},"type":"Compose","inputs":"@replace(body('HTML_テーブルの作成-タグに含めるメンバー'), '<table>', '<table border=\"3\" bgcolor=\"87ceeb\">')"},"表の列名を折り返し禁止にするためにスタイルを変更する":{"runAfter":{"表の罫線を表示するためにスタイルを変更する":["Succeeded"]},"metadata":{"operationMetadataId":"c0615408-ea5e-49c7-9b1d-1dfd49415130"},"type":"Compose","inputs":"@replace(outputs('表の罫線を表示するためにスタイルを変更する'), '<th>', '<th style=\"white-space:nowrap;padding:7px\">')"},"表のpaddingを広げるためにスタイルを変更する":{"runAfter":{"表の列名を折り返し禁止にするためにスタイルを変更する":["Succeeded"]},"metadata":{"operationMetadataId":"099bbac6-4aa5-422c-8152-88457cd86fd8"},"type":"Compose","inputs":"@replace(outputs('表の列名を折り返し禁止にするためにスタイルを変更する'), '<td>', '<td style=\"padding:7px\">')"},"作成-スレッドでの返信の本文":{"runAfter":{"タグの_@mention_トークンを取得する":["Succeeded"]},"metadata":{"operationMetadataId":"1aa56ee8-8d50-4e8a-a421-70a75d2ceadc"},"type":"Compose","inputs":"指定したスレッドの発言者をメンバーとしたタグを作成しました。\n\n【タグの名前】\n@{outputs('タグの_@mention_トークンを取得する')?['body/atMention']}\n\n【メンバー】\n@{outputs('表のpaddingを広げるためにスタイルを変更する')}"},"タグの_@mention_トークンを取得する":{"runAfter":{"表のpaddingを広げるためにスタイルを変更する":["Succeeded"]},"metadata":{"operationMetadataId":"4e18fc7d-54a6-4dd8-800e-c9b578a5c40c"},"type":"OpenApiConnection","inputs":{"host":{"apiId":"/providers/Microsoft.PowerApps/apis/shared_teams","connectionName":"shared_teams","operationId":"AtMentionTag"},"parameters":{"groupId":"@triggerBody()?['entity']?['teamsFlowRunContext']?['channelData']?['team']?['aadGroupId']","tagId":"@outputs('チームのタグを作成する')?['body/id']"},"authentication":{"value":"@json(decodeBase64(triggerOutputs().headers['X-MS-APIM-Tokens']))['$ConnectionKey']","type":"Raw"}}}},"runAfter":{"HTML_テーブルの作成-タグに含めるメンバー":["Succeeded"]},"expression":{"equals":["@triggerBody()?['entity']?['cardOutputs']?['投稿する']","True"]},"metadata":{"operationMetadataId":"f362df09-abf7-4c17-be1b-98cff9feb25c"},"type":"If"},"作成-チャットの本文":{"runAfter":{"条件-タグ作成完了時にスレッドに投稿する":["Succeeded"]},"metadata":{"operationMetadataId":"f96994d8-7ed6-41d4-8447-031a88983935"},"type":"Compose","inputs":"指定したスレッドの発言者をメンバーとしたタグを作成しました。\n\n【タグの名前】\n@{triggerBody()?['entity']?['cardOutputs']?['タグの名前']}\n\n【メンバー】\n@{body('HTML_テーブルの作成-タグに含めるメンバー')}\n【元のスレッド】\n<a href=\"@{triggerBody()?['entity']?['teamsFlowRunContext']?['messagePayload']?['linkToMessage']}\">スレッドを開く</a>"},"変数を初期化する-タグに含めるメンバー一覧（表示名・メールアドレス）":{"runAfter":{"チームのタグを作成する":["Succeeded"]},"metadata":{"operationMetadataId":"72f5c205-e29c-4946-a9cc-a89dbb6340a4"},"type":"InitializeVariable","inputs":{"variables":[{"name":"タグに含めるメンバー一覧（表示名・メールアドレス）","type":"array"}]}},"Apply_to_each-メンバーのIDをもとに「表示名」「メールアドレス」配列を作成":{"foreach":"@outputs('作成-重複を排除')","actions":{"ユーザー_プロフィールの取得_(V2)":{"runAfter":{},"metadata":{"operationMetadataId":"c630f649-294e-44e3-aee0-e94816d14c88"},"type":"OpenApiConnection","inputs":{"host":{"apiId":"/providers/Microsoft.PowerApps/apis/shared_office365users","connectionName":"shared_office365users","operationId":"UserProfile_V2"},"parameters":{"id":"@item()"},"authentication":{"value":"@json(decodeBase64(triggerOutputs().headers['X-MS-APIM-Tokens']))['$ConnectionKey']","type":"Raw"}}},"配列変数に追加-タグに含めるメンバー一覧":{"runAfter":{"ユーザー_プロフィールの取得_(V2)":["Succeeded"]},"metadata":{"operationMetadataId":"32bcfcf7-396f-4425-bb89-1fbf018d6106"},"type":"AppendToArrayVariable","inputs":{"name":"タグに含めるメンバー一覧（表示名・メールアドレス）","value":{"表示名":"@{outputs('ユーザー_プロフィールの取得_(V2)')?['body/displayName']}","メールアドレス":"@{outputs('ユーザー_プロフィールの取得_(V2)')?['body/mail']}"}}}},"runAfter":{"変数を初期化する-タグに含めるメンバー一覧（表示名・メールアドレス）":["Succeeded"]},"metadata":{"operationMetadataId":"fffbd73b-9c23-4972-91e6-97fbe29661f5"},"type":"Foreach"},"チームのタグを作成する":{"runAfter":{"作成-重複を排除":["Succeeded"]},"metadata":{"operationMetadataId":"335654ed-6ca4-411a-95a7-b1b7b385807f"},"type":"OpenApiConnection","inputs":{"host":{"apiId":"/providers/Microsoft.PowerApps/apis/shared_teams","connectionName":"shared_teams","operationId":"CreateTag"},"parameters":{"groupId":"@triggerBody()?['entity']?['teamsFlowRunContext']?['channelData']?['team']?['aadGroupId']","body/displayName":"@triggerBody()?['entity']?['cardOutputs']?['タグの名前']","body/members":"@join(outputs('作成-重複を排除'),';')"},"authentication":{"value":"@json(decodeBase64(triggerOutputs().headers['X-MS-APIM-Tokens']))['$ConnectionKey']","type":"Raw"}}},"アレイのフィルター処理-nullを排除":{"runAfter":{"選択-「親の投稿」と返信それぞれの投稿者のID一覧":["Succeeded"]},"metadata":{"operationMetadataId":"6ee97598-d730-4133-b05a-571689ec0267"},"type":"Query","inputs":{"from":"@body('選択-「親の投稿」と返信それぞれの投稿者のID一覧')","where":"@not(equals(item(), null))"}}}},"connectionReferences":{"shared_teams":{"connectionName":"shared-teams-d9071561-66c8-4ab3-9d55-9067bb4438ac","source":"Invoker","id":"/providers/Microsoft.PowerApps/apis/shared_teams","tier":"NotSpecified"},"shared_office365groups":{"connectionName":"a32d8162535a49e8a044eedac31a6e50","source":"Invoker","id":"/providers/Microsoft.PowerApps/apis/shared_office365groups","tier":"NotSpecified"},"shared_office365users":{"connectionName":"a0d22c14de39467b9f5e5f20f2badb22","source":"Invoker","id":"/providers/Microsoft.PowerApps/apis/shared_office365users","tier":"NotSpecified"}},"flowFailureAlertSubscribed":false,"isManaged":false}}