{"name":"158e0f0e-57c5-4e26-8123-626e2103899c","id":"/providers/Microsoft.Flow/flows/158e0f0e-57c5-4e26-8123-626e2103899c","type":"Microsoft.Flow/flows","properties":{"apiId":"/providers/Microsoft.PowerApps/apis/shared_logicflows","displayName":"簡易版JSON Dictionaryを作成するフロー","definition":{"metadata":{"workflowEntityId":null,"processAdvisorMetadata":null,"flowclientsuspensionreason":"None","flowclientsuspensiontime":null,"creator":{"id":"350bd895-8fff-465e-b2ce-f3943b7d2b43","type":"User","tenantId":"688cdea3-eec2-4ad7-b65b-3b2b2e535888"},"provisioningMethod":"FromDefinition","failureAlertSubscription":true,"clientLastModifiedTime":"2022-06-07T15:51:31.3444069Z"},"$schema":"https://schema.management.azure.com/providers/Microsoft.Logic/schemas/2016-06-01/workflowdefinition.json#","contentVersion":"1.0.0.0","parameters":{"$connections":{"defaultValue":{},"type":"Object"},"$authentication":{"defaultValue":{},"type":"SecureObject"}},"triggers":{"manual":{"metadata":{"operationMetadataId":"3d5b98b0-ed43-4f4c-8422-6670e5ea2e7a"},"type":"Request","kind":"Button","inputs":{"schema":{"type":"object","properties":{},"required":[]}}}},"actions":{"SharePoint_に_HTTP_要求を送信します":{"runAfter":{},"metadata":{"operationMetadataId":"e365dcbe-289c-4bb4-a78a-e5ea23431877"},"type":"OpenApiConnection","inputs":{"host":{"apiId":"/providers/Microsoft.PowerApps/apis/shared_sharepointonline","connectionName":"shared_sharepointonline","operationId":"HttpRequest"},"parameters":{"dataset":"https://m365x000309.sharepoint.com/sites/msteams_17f4f3","parameters/method":"GET","parameters/uri":"_api/web/roledefinitions"},"authentication":{"value":"@json(decodeBase64(triggerOutputs().headers['X-MS-APIM-Tokens']))['$ConnectionKey']","type":"Raw"}}},"選択-Key（アクセス許可レベルの名前）とValue（ID）の配列を作る":{"runAfter":{"SharePoint_に_HTTP_要求を送信します":["Succeeded"]},"metadata":{"operationMetadataId":"c202d776-b6a5-433b-bb5b-d55f23171a42"},"type":"Select","inputs":{"from":"@outputs('SharePoint_に_HTTP_要求を送信します')?['body']?['d']?['results']","select":{"@{item()?['Name']}":"@item()?['Id']"}},"description":"{\"@{item()?['Name']}\": @{item()?['Id']}}"},"作成-簡易版JSON_Dictionaryを作る":{"runAfter":{"選択-Key（アクセス許可レベルの名前）とValue（ID）の配列を作る":["Succeeded"]},"metadata":{"operationMetadataId":"4b5ba22e-52bd-42c9-97c2-10bb657e74e0"},"type":"Compose","inputs":"@json(concat('{',replace(replace(replace(replace(string(body('選択-Key（アクセス許可レベルの名前）とValue（ID）の配列を作る')),'{',''),'}',''),'[',''),']',''),'}'))","description":"json(concat('{',replace(replace(replace(replace(string(body('選択')),'{',''),'}',''),'[',''),']',''),'}'))"},"作成_-権限のIDを取得する":{"runAfter":{"作成-簡易版JSON_Dictionaryを作る":["Succeeded"]},"metadata":{"operationMetadataId":"a68fe7e8-c379-4947-904d-48ad399a9e57"},"type":"Compose","inputs":"フルコントロールのID：@{outputs('作成-簡易版JSON_Dictionaryを作る')?['フル コントロール']}\n投稿のID：@{outputs('作成-簡易版JSON_Dictionaryを作る')?['投稿']}\n閲覧のID：@{outputs('作成-簡易版JSON_Dictionaryを作る')?['閲覧']}\nカスタムほげほげアクセス許可レベル：@{outputs('作成-簡易版JSON_Dictionaryを作る')?['カスタムほげほげアクセス許可レベル']}"}}},"connectionReferences":{"shared_sharepointonline":{"connectionName":"shared-sharepointonl-5472558e-11c9-4f88-b2b9-5274c0a1b31b","source":"Invoker","id":"/providers/Microsoft.PowerApps/apis/shared_sharepointonline","tier":"NotSpecified"}},"flowFailureAlertSubscribed":false,"isManaged":false}}