{"name":"377c63ad-33d6-42b6-895c-1d2f9e3d44a8","id":"/providers/Microsoft.Flow/flows/377c63ad-33d6-42b6-895c-1d2f9e3d44a8","type":"Microsoft.Flow/flows","properties":{"apiId":"/providers/Microsoft.PowerApps/apis/shared_logicflows","displayName":"はてなブログの記事を一覧取得する","definition":{"metadata":{"workflowEntityId":null,"processAdvisorMetadata":null,"flowclientsuspensionreason":"None","flowclientsuspensiontime":null,"flowclientsuspensionreasondetails":null,"creator":{"id":"350bd895-8fff-465e-b2ce-f3943b7d2b43","type":"User","tenantId":"688cdea3-eec2-4ad7-b65b-3b2b2e535888"},"provisioningMethod":"FromDefinition","failureAlertSubscription":true,"clientLastModifiedTime":"2022-09-17T11:48:24.0485686Z"},"$schema":"https://schema.management.azure.com/providers/Microsoft.Logic/schemas/2016-06-01/workflowdefinition.json#","contentVersion":"1.0.0.0","parameters":{"$connections":{"defaultValue":{},"type":"Object"},"$authentication":{"defaultValue":{},"type":"SecureObject"}},"triggers":{"manual":{"metadata":{"operationMetadataId":"16e2cafb-e2d6-4099-bcb9-1ac70c4db121"},"type":"Request","kind":"Button","inputs":{"schema":{"type":"object","properties":{},"required":[]}}}},"actions":{"Do_until-記事の全件を取得":{"actions":{"HTTP":{"runAfter":{},"metadata":{"operationMetadataId":"bf259b49-1ccc-4634-b905-f60055a4ec5c"},"type":"Http","inputs":{"method":"GET","uri":"@variables('リクエスト先URI')","authentication":{"type":"Basic","username":"@variables('はてなID')","password":"@variables('APIキー')"}}},"作成-記事データ":{"runAfter":{"作成-APIの返り値をJSONに変換":["Succeeded"]},"metadata":{"operationMetadataId":"75a3b03d-661d-4a60-b45b-a80a2dd4834a"},"type":"Compose","inputs":"@outputs('作成-APIの返り値をJSONに変換')?['feed']?['entry']"},"作成-APIの返り値をJSONに変換":{"runAfter":{"HTTP":["Succeeded"]},"metadata":{"operationMetadataId":"f27813dd-9d10-43b9-9052-c4ab323347b9"},"type":"Compose","inputs":"@json(xml(base64ToString(body('HTTP')?['$content'])))"},"作成-次のデータを受け取るためのURI":{"runAfter":{"変数の設定-マージした記事一覧を記事一覧変数に設定":["Succeeded"]},"metadata":{"operationMetadataId":"b5ca2738-e213-4414-bb7e-0e767db77c06"},"type":"Compose","inputs":"@outputs('作成-APIの返り値をJSONに変換')?['feed']?['link']"},"アレイのフィルター処理":{"runAfter":{"作成-次のデータを受け取るためのURI":["Succeeded"]},"metadata":{"operationMetadataId":"283a7da6-84b8-4ae2-a7d0-165a65361bf0"},"type":"Query","inputs":{"from":"@outputs('作成-次のデータを受け取るためのURI')","where":"@equals(item()?['@rel'], 'next')"}},"条件":{"actions":{"変数の設定-リクエスト先URIにnullを設定する":{"runAfter":{},"metadata":{"operationMetadataId":"51603614-ccc6-47ec-bb0c-c018ccef8af5"},"type":"SetVariable","inputs":{"name":"リクエスト先URI","value":"@{null}"}}},"runAfter":{"アレイのフィルター処理":["Succeeded"]},"else":{"actions":{"変数の設定":{"runAfter":{},"metadata":{"operationMetadataId":"656c0f4e-1ed0-4a80-b45d-2313c80352c4"},"type":"SetVariable","inputs":{"name":"リクエスト先URI","value":"@{first(body('アレイのフィルター処理'))?['@href']}"}}}},"expression":{"equals":["@empty(body('アレイのフィルター処理'))","@true"]},"metadata":{"operationMetadataId":"c12bf71a-2708-4d8a-80fb-0f8b7845d9ab"},"type":"If"},"作成-記事一覧と記事データをマージ":{"runAfter":{"作成-記事データ":["Succeeded"]},"metadata":{"operationMetadataId":"d1382bc5-d856-42d7-b169-ead219f94125"},"type":"Compose","inputs":"@union(variables('記事一覧'),outputs('作成-記事データ'))"},"変数の設定-マージした記事一覧を記事一覧変数に設定":{"runAfter":{"作成-記事一覧と記事データをマージ":["Succeeded"]},"metadata":{"operationMetadataId":"dc870c36-6230-46c2-ac49-9b428d3ed0d2"},"type":"SetVariable","inputs":{"name":"記事一覧","value":"@outputs('作成-記事一覧と記事データをマージ')"}}},"runAfter":{"変数を初期化する-記事一覧":["Succeeded"]},"expression":"@equals(empty(variables('リクエスト先URI')), true)","limit":{"count":60,"timeout":"PT1H"},"metadata":{"operationMetadataId":"8729f231-276f-4a70-90d8-cd8677016808"},"type":"Until"},"変数を初期化する-リクエスト先URI":{"runAfter":{},"metadata":{"operationMetadataId":"8d40c99c-fcc8-4038-b63b-c763e8c6debc"},"type":"InitializeVariable","inputs":{"variables":[{"name":"リクエスト先URI","type":"string","value":"https://blog.hatena.ne.jp/xxx/xxx.hatenablog.com/atom/entry"}]}},"CSV_テーブルの作成":{"runAfter":{"Apply_to_each-記事一覧のデータを整形":["Succeeded"]},"metadata":{"operationMetadataId":"41acfbaf-5986-443c-9138-ddae2485b214"},"type":"Table","inputs":{"from":"@variables('記事一覧（データ整形済み）')","format":"CSV"}},"Apply_to_each-記事一覧のデータを整形":{"foreach":"@variables('記事一覧')","actions":{"作成-記事データを整形":{"runAfter":{"条件-カテゴリーが空白であるか":["Succeeded"]},"metadata":{"operationMetadataId":"90d729c1-c595-4ca1-8e01-af84fa76f1dc"},"type":"Compose","inputs":{"記事タイトル":"@items('Apply_to_each-記事一覧のデータを整形')?['title']","投稿日時":"@convertTimeZone(items('Apply_to_each-記事一覧のデータを整形')?['published'], 'UTC', 'Tokyo Standard Time', 'yyyy/MM/dd HH:mm:ss')","カテゴリー":"@variables('カテゴリー')","直接リンク":"@first(body('アレイのフィルター処理-直接リンクを取得'))?['@href']"}},"配列変数に追加-記事一覧（データ整形済み）に要素を追加":{"runAfter":{"作成-記事データを整形":["Succeeded"]},"metadata":{"operationMetadataId":"f3f1ee2f-21c0-4354-9695-4579fee4402c"},"type":"AppendToArrayVariable","inputs":{"name":"記事一覧（データ整形済み）","value":"@outputs('作成-記事データを整形')"}},"作成":{"runAfter":{},"metadata":{"operationMetadataId":"483764a0-0cda-4f7a-8aa7-d311c9438ede"},"type":"Compose","inputs":"@items('Apply_to_each-記事一覧のデータを整形')"},"アレイのフィルター処理-直接リンクを取得":{"runAfter":{"作成":["Succeeded"]},"metadata":{"operationMetadataId":"744e3aa7-4a97-4cdc-8b80-38297f78b9f0"},"type":"Query","inputs":{"from":"@items('Apply_to_each-記事一覧のデータを整形')?['link']","where":"@equals(item()?['@rel'], 'alternate')"}},"条件-カテゴリーが空白であるか":{"actions":{"変数の設定-カテゴリーを空白に設定":{"runAfter":{},"metadata":{"operationMetadataId":"a9c49203-ce67-4c7c-b53c-a8a1506b7026"},"type":"SetVariable","inputs":{"name":"カテゴリー","value":"-"}}},"runAfter":{"アレイのフィルター処理-直接リンクを取得":["Succeeded"]},"else":{"actions":{"作成-要素がひとつであっても配列化する":{"runAfter":{},"metadata":{"operationMetadataId":"1a389636-0d1f-4228-a73b-322b573efcf4"},"type":"Compose","inputs":"@createArray(items('Apply_to_each-記事一覧のデータを整形')?['category'])"},"変数の設定-カテゴリーを設定2":{"runAfter":{"作成-簡易版JSON_Dictionaryを作る":["Succeeded"]},"metadata":{"operationMetadataId":"d46d1329-24f1-4bc8-b5d4-32eb27255b42"},"type":"SetVariable","inputs":{"name":"カテゴリー","value":"@{outputs('作成-簡易版JSON_Dictionaryを作る')}"}},"作成-簡易版JSON_Dictionaryを作る":{"runAfter":{"作成-要素がひとつであっても配列化する":["Succeeded"]},"metadata":{"operationMetadataId":"4b5ba22e-52bd-42c9-97c2-10bb657e74e0"},"type":"Compose","inputs":"@replace(replace(replace(replace(replace(string(outputs('作成-要素がひとつであっても配列化する')),'{',''),'}',''),'[',''),']',''),'\"@term\":','')"}}},"expression":{"equals":["@empty(items('Apply_to_each-記事一覧のデータを整形')?['category'])",""]},"metadata":{"operationMetadataId":"b66c7c2c-10d0-47a7-b66a-c09ebd6806c0"},"type":"If"}},"runAfter":{"変数を初期化する-カテゴリー":["Succeeded"]},"metadata":{"operationMetadataId":"bf96de82-eaf4-4013-b704-edcefcf0dd8f"},"type":"Foreach"},"変数を初期化する-記事一覧（データ整形済み）":{"runAfter":{"Do_until-記事の全件を取得":["Succeeded"]},"metadata":{"operationMetadataId":"8e017f37-cc4a-43fa-9998-bfdf76a97113"},"type":"InitializeVariable","inputs":{"variables":[{"name":"記事一覧（データ整形済み）","type":"array"}]}},"変数を初期化する-カテゴリー":{"runAfter":{"変数を初期化する-記事一覧（データ整形済み）":["Succeeded"]},"metadata":{"operationMetadataId":"7e13793c-02ec-4240-9b72-3c5ec8c2ec91"},"type":"InitializeVariable","inputs":{"variables":[{"name":"カテゴリー","type":"string"}]}},"変数を初期化する-記事一覧":{"runAfter":{"変数を初期化する-APIキー":["Succeeded"]},"metadata":{"operationMetadataId":"317060c9-d66d-4db8-8005-875626665f84"},"type":"InitializeVariable","inputs":{"variables":[{"name":"記事一覧","type":"array"}]}},"変数を初期化する-はてなID":{"runAfter":{"変数を初期化する-リクエスト先URI":["Succeeded"]},"metadata":{"operationMetadataId":"4004905d-5d0b-495a-bd13-913e237a6ba6"},"type":"InitializeVariable","inputs":{"variables":[{"name":"はてなID","type":"string","value":"xxxx"}]}},"変数を初期化する-APIキー":{"runAfter":{"変数を初期化する-はてなID":["Succeeded"]},"metadata":{"operationMetadataId":"78d4be99-2710-41d8-8dca-2c931e5b32d9"},"type":"InitializeVariable","inputs":{"variables":[{"name":"APIキー","type":"string","value":"xxx"}]}},"スコープ-OneDriveにCSV保存してチャットで保存先を通知する":{"actions":{"マイ_プロフィールの取得_(V2)":{"runAfter":{"変数の設定-チャットの本文":["Succeeded"]},"metadata":{"operationMetadataId":"c31bd169-1d5e-40d9-91ae-a0e49c1813d9"},"type":"OpenApiConnection","inputs":{"host":{"apiId":"/providers/Microsoft.PowerApps/apis/shared_office365users","connectionName":"shared_office365users_1","operationId":"MyProfile_V2"},"parameters":{},"authentication":{"value":"@json(decodeBase64(triggerOutputs().headers['X-MS-APIM-Tokens']))['$ConnectionKey']","type":"Raw"}}},"チャットまたはチャネルでメッセージを投稿する":{"runAfter":{"マイ_プロフィールの取得_(V2)":["Succeeded"]},"metadata":{"operationMetadataId":"2e23e97c-97ab-4744-8785-dbb67e7cbbeb"},"type":"OpenApiConnection","inputs":{"host":{"apiId":"/providers/Microsoft.PowerApps/apis/shared_teams","connectionName":"shared_teams_1","operationId":"PostMessageToConversation"},"parameters":{"poster":"Flow bot","location":"Chat with Flow bot","body/recipient":"@{outputs('マイ_プロフィールの取得_(V2)')?['body/mail']};","body/messageBody":"<p>@{variables('チャットの本文')}</p>"},"authentication":{"value":"@json(decodeBase64(triggerOutputs().headers['X-MS-APIM-Tokens']))['$ConnectionKey']","type":"Raw"}}},"変数の設定-チャットの本文":{"runAfter":{"共有リンクを作成する":["Succeeded"]},"metadata":{"operationMetadataId":"e13fc81b-e40a-4769-9408-af184e988f29"},"type":"SetVariable","inputs":{"name":"チャットの本文","value":"はてなブログの記事一覧をCSV形式でエクスポートしました。<br>\n<br>\n【CSVの保存先パス】<br>\n<a href=\"@{outputs('共有リンクを作成する')?['body/WebUrl']}\">CSVを開く</a><br>"}},"共有リンクを作成する":{"runAfter":{"ファイルの作成":["Succeeded"]},"metadata":{"operationMetadataId":"1ea5ae58-9988-4322-a21e-b09c30a2e772"},"type":"OpenApiConnection","inputs":{"host":{"apiId":"/providers/Microsoft.PowerApps/apis/shared_onedriveforbusiness","connectionName":"shared_onedriveforbusiness_1","operationId":"CreateShareLinkV2"},"parameters":{"id":"@outputs('ファイルの作成')?['body/Id']","type":"View","scope":"Organization"},"authentication":{"value":"@json(decodeBase64(triggerOutputs().headers['X-MS-APIM-Tokens']))['$ConnectionKey']","type":"Raw"}}},"ファイルの作成":{"runAfter":{},"metadata":{"operationMetadataId":"c9974402-b1de-4ef3-8795-cc2e22a98e31"},"type":"OpenApiConnection","inputs":{"host":{"apiId":"/providers/Microsoft.PowerApps/apis/shared_onedriveforbusiness","connectionName":"shared_onedriveforbusiness_1","operationId":"CreateFile"},"parameters":{"folderPath":"/はてなブログの記事一覧","name":"@{convertTimeZone(utcNow(), 'UTC', 'Tokyo Standard Time', 'yyyyMMdd_HHmm')}.csv","body":"@concat(decodeUriComponent('%EF%BB%BF'),body('CSV_テーブルの作成'))"},"authentication":{"value":"@json(decodeBase64(triggerOutputs().headers['X-MS-APIM-Tokens']))['$ConnectionKey']","type":"Raw"}},"runtimeConfiguration":{"contentTransfer":{"transferMode":"Chunked"}}}},"runAfter":{"変数を初期化する-チャットの本文":["Succeeded"]},"metadata":{"operationMetadataId":"a468edb0-7f7b-4315-be0f-93c4770535f5"},"type":"Scope"},"変数を初期化する-チャットの本文":{"runAfter":{"CSV_テーブルの作成":["Succeeded"]},"metadata":{"operationMetadataId":"5cb7843e-9bfd-4b5b-9fa7-0f3bc1f97426"},"type":"InitializeVariable","inputs":{"variables":[{"name":"チャットの本文","type":"string"}]}}}},"connectionReferences":{"shared_office365users_1":{"connectionName":"shared-office365user-bbc62fef-29ff-40a9-9c37-376bb0336b9d","source":"Invoker","id":"/providers/Microsoft.PowerApps/apis/shared_office365users","tier":"NotSpecified"},"shared_teams_1":{"connectionName":"shared-teams-6b1d1b48-f86f-45e3-86b5-22c06adbb851","source":"Invoker","id":"/providers/Microsoft.PowerApps/apis/shared_teams","tier":"NotSpecified"},"shared_onedriveforbusiness_1":{"connectionName":"shared-onedriveforbu-ca7ba3ee-97d0-43d1-b3cd-a71fa6eda046","source":"Invoker","id":"/providers/Microsoft.PowerApps/apis/shared_onedriveforbusiness","tier":"NotSpecified"}},"flowFailureAlertSubscribed":false,"isManaged":false}}