{
  "properties": {
    "connectionReferences": {
      "shared_flowmanagement_1": {
        "runtimeSource": "embedded",
        "connection": {
          "connectionReferenceLogicalName": "wataruf_sharedflowmanagement_3f62c"
        },
        "api": {
          "name": "shared_flowmanagement"
        }
      },
      "shared_sharepointonline": {
        "runtimeSource": "embedded",
        "connection": {
          "connectionReferenceLogicalName": "wataruf_sharedsharepointonline_124ae"
        },
        "api": {
          "name": "shared_sharepointonline"
        }
      },
      "shared_office365_1": {
        "runtimeSource": "embedded",
        "connection": {
          "connectionReferenceLogicalName": "wataruf_sharedoffice365_d0de1"
        },
        "api": {
          "name": "shared_office365"
        }
      }
    },
    "definition": {
      "$schema": "https://schema.management.azure.com/providers/Microsoft.Logic/schemas/2016-06-01/workflowdefinition.json#",
      "contentVersion": "1.0.0.0",
      "parameters": {
        "$connections": {
          "defaultValue": {},
          "type": "Object"
        },
        "$authentication": {
          "defaultValue": {},
          "type": "SecureObject"
        },
        "変数_サイト (wataruf_spSite)": {
          "defaultValue": "https://watarufenv.sharepoint.com/sites/msteams_64b668",
          "type": "String",
          "metadata": {
            "schemaName": "wataruf_spSite"
          }
        },
        "変数_リスト_緊急連絡先台帳 (wataruf_spList_EmergencyContactList)": {
          "defaultValue": "d563e576-ce71-4164-8ade-90d1554601f1",
          "type": "String",
          "metadata": {
            "schemaName": "wataruf_spList_EmergencyContactList"
          }
        },
        "変数_フォーム_緊急連絡先回答用 (wataruf_form)": {
          "defaultValue": "bI9O2SvUmUKcNQgBun5yNV9_pmwOYZVNqBuFAWY6gX5UOFEzNTk3OEUxSE1BRElSMUNZQUkzVVlIUiQlQCN0PWcu",
          "type": "String",
          "metadata": {
            "schemaName": "wataruf_form"
          }
        }
      },
      "triggers": {
        "繰り返し": {
          "recurrence": {
            "frequency": "Week",
            "interval": 1,
            "timeZone": "Tokyo Standard Time",
            "schedule": {
              "weekDays": [
                "Monday"
              ],
              "hours": [
                "12"
              ],
              "minutes": [
                0
              ]
            }
          },
          "metadata": {
            "operationMetadataId": "672938bc-bc54-4346-8dc9-239299cf797c"
          },
          "type": "Recurrence"
        }
      },
      "actions": {
        "変数を初期化する:メール本文": {
          "runAfter": {},
          "metadata": {
            "operationMetadataId": "8b16974e-ea5e-41ff-bf98-cc31a1ac0bdc"
          },
          "type": "InitializeVariable",
          "inputs": {
            "variables": [
              {
                "name": "メール本文",
                "type": "string"
              }
            ]
          }
        },
        "スコープ:変数用フローに格納している値を取得": {
          "actions": {
            "Get_Flow": {
              "runAfter": {},
              "metadata": {
                "operationMetadataId": "65071f51-aa00-4e63-b2d5-56d93fd3ed72"
              },
              "type": "OpenApiConnection",
              "inputs": {
                "host": {
                  "connectionName": "shared_flowmanagement_1",
                  "operationId": "GetFlow",
                  "apiId": "/providers/Microsoft.PowerApps/apis/shared_flowmanagement"
                },
                "parameters": {
                  "environmentName": "8361665a-57aa-e883-bc6e-39a2a80ca7bc",
                  "flowName": "0e79500b-ada2-077c-b69b-496ac81189db"
                },
                "authentication": "@parameters('$authentication')"
              }
            },
            "作成:変数用フローの変数部分": {
              "runAfter": {
                "Get_Flow": [
                  "Succeeded"
                ]
              },
              "metadata": {
                "operationMetadataId": "89c6b24f-e10e-4d18-83af-5327795d98bb"
              },
              "type": "Compose",
              "inputs": "@body('Get_Flow')?['properties']?['definition']?['actions']?['変数を初期化する']?['inputs']?['variables'][0]?['value']"
            },
            "作成:変数IsAllProcessesCompletedの値": {
              "runAfter": {
                "変数の設定:変数用フローの変数部分": [
                  "Succeeded"
                ]
              },
              "metadata": {
                "operationMetadataId": "660a96e1-08b1-42cc-bc8e-d1839e500ba4"
              },
              "type": "Compose",
              "inputs": "@outputs('作成:変数用フローの変数部分')?['IsAllProcessesCompleted']"
            },
            "作成:変数LastEmailSentDateの値": {
              "runAfter": {
                "作成:変数IsAllProcessesCompletedの値": [
                  "Succeeded"
                ]
              },
              "metadata": {
                "operationMetadataId": "f53e2c36-3eb4-4d43-8e42-10c2ac29ae2d"
              },
              "type": "Compose",
              "inputs": "@outputs('作成:変数用フローの変数部分')?['LastEmailSentDate']"
            },
            "変数の設定:変数用フローの変数部分": {
              "runAfter": {
                "作成:変数用フローの変数部分": [
                  "Succeeded"
                ]
              },
              "metadata": {
                "operationMetadataId": "29013c62-d6aa-4bcf-ba49-cdc6aa50aecb"
              },
              "type": "SetVariable",
              "inputs": {
                "name": "変数用フローの変数部分",
                "value": "@outputs('作成:変数用フローの変数部分')"
              }
            }
          },
          "runAfter": {
            "変数を初期化する:未回答アイテム": [
              "Succeeded"
            ]
          },
          "metadata": {
            "operationMetadataId": "6cd57fe6-730a-4436-a60b-e4685e94699f"
          },
          "type": "Scope"
        },
        "スコープ:緊急連絡先台帳のすべてのアイテムを「回答待ち」に設定": {
          "actions": {
            "作成:今期の初回実行であるか": {
              "runAfter": {},
              "metadata": {
                "operationMetadataId": "1e04b77a-b164-4300-8f2f-01d35ad7840e"
              },
              "type": "Compose",
              "inputs": "@outputs('作成:変数IsAllProcessesCompletedの値')"
            },
            "条件:今期の初回実行である": {
              "actions": {
                "Turn_On_Flow:回答反映フローを有効にする": {
                  "runAfter": {
                    "スコープ:完了フラグをfalseに設定": [
                      "Succeeded"
                    ]
                  },
                  "metadata": {
                    "operationMetadataId": "f6dae841-d5ea-4ad2-9d98-21155dea30f8"
                  },
                  "type": "OpenApiConnection",
                  "inputs": {
                    "host": {
                      "connectionName": "shared_flowmanagement_1",
                      "operationId": "StartFlow",
                      "apiId": "/providers/Microsoft.PowerApps/apis/shared_flowmanagement"
                    },
                    "parameters": {
                      "environmentName": "8361665a-57aa-e883-bc6e-39a2a80ca7bc",
                      "flowName": "329cd77d-15dd-8f30-d8be-f23a171fd43f"
                    },
                    "authentication": "@parameters('$authentication')"
                  }
                },
                "スコープ:緊急連絡先台帳のアイテムを「回答待ち」に設定": {
                  "actions": {
                    "Get_items:緊急連絡先台帳のアイテムをすべて取得": {
                      "runAfter": {},
                      "metadata": {
                        "operationMetadataId": "8cfd9f25-4339-4a9c-bfa9-9cd4c64ddaee"
                      },
                      "type": "OpenApiConnection",
                      "inputs": {
                        "host": {
                          "connectionName": "shared_sharepointonline",
                          "operationId": "GetItems",
                          "apiId": "/providers/Microsoft.PowerApps/apis/shared_sharepointonline"
                        },
                        "parameters": {
                          "dataset": "@parameters('変数_サイト (wataruf_spSite)')",
                          "table": "@parameters('変数_リスト_緊急連絡先台帳 (wataruf_spList_EmergencyContactList)')",
                          "$filter": "ID ge 1"
                        },
                        "authentication": "@parameters('$authentication')"
                      },
                      "runtimeConfiguration": {
                        "paginationPolicy": {
                          "minimumItemCount": 5000
                        }
                      }
                    },
                    "Apply_to_each:各アイテムに対して実行_": {
                      "foreach": "@outputs('Get_items:緊急連絡先台帳のアイテムをすべて取得')?['body/value']",
                      "actions": {
                        "作成:現在のアイテム_2": {
                          "runAfter": {},
                          "metadata": {
                            "operationMetadataId": "ea8cdf3e-47bc-430b-beae-a18ae893331d"
                          },
                          "type": "Compose",
                          "inputs": "@item()"
                        },
                        "Update_item:対応ステータスを「回答待ち」に設定": {
                          "runAfter": {
                            "作成:入力照合用GUID（既存優先／未設定時は生成）_": [
                              "Succeeded"
                            ]
                          },
                          "metadata": {
                            "operationMetadataId": "76c96e02-ede1-4908-a669-35d697986ae5"
                          },
                          "type": "OpenApiConnection",
                          "inputs": {
                            "host": {
                              "connectionName": "shared_sharepointonline",
                              "operationId": "PatchItem",
                              "apiId": "/providers/Microsoft.PowerApps/apis/shared_sharepointonline"
                            },
                            "parameters": {
                              "dataset": "@parameters('変数_サイト (wataruf_spSite)')",
                              "table": "@parameters('変数_リスト_緊急連絡先台帳 (wataruf_spList_EmergencyContactList)')",
                              "id": "@outputs('作成:現在のアイテム_2')?['id']",
                              "item/ValidationGUID": "@outputs('作成:入力照合用GUID（既存優先／未設定時は生成）_')",
                              "item/Status/Value": "01-回答待ち"
                            },
                            "authentication": "@parameters('$authentication')"
                          }
                        },
                        "作成:入力照合用GUID（既存優先／未設定時は生成）_": {
                          "runAfter": {
                            "作成:現在のアイテム_2": [
                              "Succeeded"
                            ]
                          },
                          "metadata": {
                            "operationMetadataId": "68562721-9360-4e3f-9329-02f0bbcfed29"
                          },
                          "type": "Compose",
                          "inputs": "@if(empty(outputs('作成:現在のアイテム_2')?['ValidationGUID']), guid(), outputs('作成:現在のアイテム_2')?['ValidationGUID'])"
                        }
                      },
                      "runAfter": {
                        "Get_items:緊急連絡先台帳のアイテムをすべて取得": [
                          "Succeeded"
                        ]
                      },
                      "metadata": {
                        "operationMetadataId": "763f462e-cddb-4c2c-b084-c0bf7f8c746d"
                      },
                      "type": "Foreach"
                    }
                  },
                  "runAfter": {},
                  "metadata": {
                    "operationMetadataId": "14ac8b91-2152-4ee2-a607-7ba0ad328b98"
                  },
                  "type": "Scope"
                },
                "スコープ:完了フラグをfalseに設定": {
                  "actions": {
                    "作成:完了フラグをfalseに設定": {
                      "runAfter": {},
                      "metadata": {
                        "operationMetadataId": "75109aae-4846-4641-9ffe-03f0d9565243"
                      },
                      "type": "Compose",
                      "inputs": "@setProperty(variables('変数用フローの変数部分'), 'IsAllProcessesCompleted', false)"
                    },
                    "変数の設定:外部変数の更新": {
                      "runAfter": {
                        "作成:完了フラグをfalseに設定": [
                          "Succeeded"
                        ]
                      },
                      "metadata": {
                        "operationMetadataId": "74e0ee9e-012a-4dfd-b68f-60fec3b9db37"
                      },
                      "type": "SetVariable",
                      "inputs": {
                        "name": "変数用フローの変数部分",
                        "value": "@outputs('作成:完了フラグをfalseに設定')"
                      }
                    }
                  },
                  "runAfter": {
                    "スコープ:緊急連絡先台帳のアイテムを「回答待ち」に設定": [
                      "Succeeded"
                    ]
                  },
                  "metadata": {
                    "operationMetadataId": "32497b9e-931e-4e5c-83d6-277dd18314d4"
                  },
                  "type": "Scope"
                }
              },
              "runAfter": {
                "作成:今期の初回実行であるか": [
                  "Succeeded"
                ]
              },
              "expression": {
                "equals": [
                  "@outputs('作成:今期の初回実行であるか')",
                  true
                ]
              },
              "metadata": {
                "operationMetadataId": "09344918-81c2-4470-bae6-a88a9f2a95a6"
              },
              "type": "If"
            }
          },
          "runAfter": {
            "スコープ:変数用フローに格納している値を取得": [
              "Succeeded"
            ]
          },
          "metadata": {
            "operationMetadataId": "6e8f8ef8-3fe1-4cb3-b5b2-c246fbc296a4"
          },
          "type": "Scope"
        },
        "スコープ:前回のメール送信から3日以上経過している場合はメールを送信する": {
          "actions": {
            "作成:メールの最終送信日": {
              "runAfter": {},
              "metadata": {
                "operationMetadataId": "632fe0be-4b9e-4653-823d-6814092b15cf"
              },
              "type": "Compose",
              "inputs": "@outputs('作成:変数LastEmailSentDateの値')"
            },
            "作成:メールの最終送信日から3日以上経過したか": {
              "runAfter": {
                "作成:今日の日付": [
                  "Succeeded"
                ]
              },
              "metadata": {
                "operationMetadataId": "7a3024af-9ed7-4fa2-a963-654d98c24116"
              },
              "type": "Compose",
              "inputs": "@greaterOrEquals(outputs('作成:今日の日付'), addDays(formatDateTime(outputs('作成:メールの最終送信日'), 'yyyy-MM-dd'), 3))"
            },
            "条件:メールの最終送信日から3日以上経過した": {
              "actions": {
                "Apply_to_each:「未回答」の各アイテムに対して実行": {
                  "foreach": "@variables('未回答アイテム')",
                  "actions": {
                    "作成:現在のアイテム": {
                      "runAfter": {},
                      "metadata": {
                        "operationMetadataId": "e20ec4bc-af25-4bd3-9404-42698e4d5b6e"
                      },
                      "type": "Compose",
                      "inputs": "@item()"
                    },
                    "作成:宛先メールアドレス": {
                      "runAfter": {
                        "作成:現在のアイテム": [
                          "Succeeded"
                        ]
                      },
                      "metadata": {
                        "operationMetadataId": "e3db3967-809a-40d9-9ff9-2fd2271f57f9"
                      },
                      "type": "Compose",
                      "inputs": "@item()?['本人メールアドレス']"
                    },
                    "作成:件名": {
                      "runAfter": {
                        "作成:宛先メールアドレス": [
                          "Succeeded"
                        ]
                      },
                      "metadata": {
                        "operationMetadataId": "bac96ca5-c0fa-4ffc-b130-86252604483d"
                      },
                      "type": "Compose",
                      "inputs": "緊急連絡先情報の回答をお願いします。"
                    },
                    "スコープ:本文": {
                      "actions": {
                        "変数の設定:テンプレートをセット": {
                          "runAfter": {},
                          "metadata": {
                            "operationMetadataId": "184fdf7c-da3d-4c8c-9207-f7d0200b8a1a"
                          },
                          "type": "SetVariable",
                          "inputs": {
                            "name": "メール本文",
                            "value": "{% 宛名 %} 様\n\nお疲れさまです。  \n人事・総務部よりご案内申し上げます。  \n\n緊急時に迅速な連絡体制を整えるため、社員の皆様に「緊急連絡先情報」のご提供をお願いしております。  \n下記のリンクより回答フォームを開き、必要事項をご入力ください。  \n\n【回答フォーム】  \n{% 回答フォームを開く %}  \n\n業務ご多用のところ恐れ入りますが、ご対応のほどよろしくお願いします。  "
                          }
                        },
                        "作成:「宛名」を本文に反映": {
                          "runAfter": {
                            "変数の設定:テンプレートをセット": [
                              "Succeeded"
                            ]
                          },
                          "metadata": {
                            "operationMetadataId": "0055c60a-3297-40d1-a5b1-e2b728449a3d"
                          },
                          "type": "Compose",
                          "inputs": "@replace(variables('メール本文'),'{% 宛名 %}',outputs('作成:現在のアイテム')?['本人氏名（漢字）'])"
                        },
                        "変数の設定:「メール本文」を更新": {
                          "runAfter": {
                            "作成:「宛名」を本文に反映": [
                              "Succeeded"
                            ]
                          },
                          "metadata": {
                            "operationMetadataId": "300ed191-2fbc-43fe-8075-055be10707f9"
                          },
                          "type": "SetVariable",
                          "inputs": {
                            "name": "メール本文",
                            "value": "@{outputs('作成:「宛名」を本文に反映')}"
                          }
                        },
                        "作成:フォームの回答URLテンプレート": {
                          "runAfter": {
                            "作成:入力照合用GUID": [
                              "Succeeded"
                            ]
                          },
                          "metadata": {
                            "operationMetadataId": "48a838d3-5aec-4f8f-871a-39b1773b5ef2"
                          },
                          "type": "Compose",
                          "inputs": "https://forms.office.com/Pages/ResponsePage.aspx?id=@{parameters('変数_フォーム_緊急連絡先回答用 (wataruf_form)')}&r2c0c344a9d0042ceb55adcf8f432e2fe=@{uriComponent(outputs('作成:現在のアイテム')?['社員番号'])}&rfdcc0f4853ef4133ab817adb4454ec3c=@{uriComponent(outputs('作成:入力照合用GUID'))}"
                        },
                        "作成:入力照合用GUID": {
                          "runAfter": {
                            "変数の設定:「メール本文」を更新": [
                              "Succeeded"
                            ]
                          },
                          "metadata": {
                            "operationMetadataId": "68562721-9360-4e3f-9329-02f0bbcfed29"
                          },
                          "type": "Compose",
                          "inputs": "@outputs('作成:現在のアイテム')?['照合用GUID']"
                        },
                        "作成:回答フォームを開く": {
                          "runAfter": {
                            "作成:フォームの回答URLテンプレート": [
                              "Succeeded"
                            ]
                          },
                          "metadata": {
                            "operationMetadataId": "f5ff611e-996f-4c7b-9cf5-e9894ca7968d"
                          },
                          "type": "Compose",
                          "inputs": "<a href=\"@{outputs('作成:フォームの回答URLテンプレート')}\">回答フォームを開く</a>"
                        },
                        "作成:「回答フォームを開く」を本文に反映_": {
                          "runAfter": {
                            "作成:回答フォームを開く": [
                              "Succeeded"
                            ]
                          },
                          "metadata": {
                            "operationMetadataId": "715485dc-e41c-4196-ae00-89cb6029ff39"
                          },
                          "type": "Compose",
                          "inputs": "@replace(variables('メール本文'), '{% 回答フォームを開く %}', outputs('作成:回答フォームを開く'))"
                        },
                        "変数の設定:「メール本文」を更新_2": {
                          "runAfter": {
                            "作成:「回答フォームを開く」を本文に反映_": [
                              "Succeeded"
                            ]
                          },
                          "metadata": {
                            "operationMetadataId": "300ed191-2fbc-43fe-8075-055be10707f9"
                          },
                          "type": "SetVariable",
                          "inputs": {
                            "name": "メール本文",
                            "value": "@{outputs('作成:「回答フォームを開く」を本文に反映_')}"
                          }
                        }
                      },
                      "runAfter": {
                        "作成:件名": [
                          "Succeeded"
                        ]
                      },
                      "metadata": {
                        "operationMetadataId": "64792cda-96d5-45f3-9149-b88fce253792"
                      },
                      "type": "Scope"
                    },
                    "メールの送信_(V2):回答依頼メールを送信": {
                      "runAfter": {
                        "スコープ:本文": [
                          "Succeeded"
                        ]
                      },
                      "metadata": {
                        "operationMetadataId": "87cdc3e7-57c9-4210-bad9-f2e5356b96fa"
                      },
                      "type": "OpenApiConnection",
                      "inputs": {
                        "host": {
                          "connectionName": "shared_office365_1",
                          "operationId": "SendEmailV2",
                          "apiId": "/providers/Microsoft.PowerApps/apis/shared_office365"
                        },
                        "parameters": {
                          "emailMessage/To": "@outputs('作成:宛先メールアドレス')",
                          "emailMessage/Subject": "@outputs('作成:件名')",
                          "emailMessage/Body": "<p>@{replace(variables('メール本文'), decodeUriComponent('%0A'), '<br/>')}</p>",
                          "emailMessage/Importance": "Normal"
                        },
                        "authentication": "@parameters('$authentication')"
                      }
                    }
                  },
                  "runAfter": {},
                  "metadata": {
                    "operationMetadataId": "99f35b99-f6c5-4c91-8415-e00212dfe84b"
                  },
                  "type": "Foreach"
                },
                "作成:メールの最終送信日に今日の日付を設定": {
                  "runAfter": {
                    "Apply_to_each:「未回答」の各アイテムに対して実行": [
                      "Succeeded"
                    ]
                  },
                  "metadata": {
                    "operationMetadataId": "75109aae-4846-4641-9ffe-03f0d9565243"
                  },
                  "type": "Compose",
                  "inputs": "@setProperty(\r\n    variables('変数用フローの変数部分'),\r\n    'LastEmailSentDate',\r\n    formatDateTime(\r\n        outputs('作成:今日の日付'),\r\n        'yyyy-MM-dd'\r\n    )\r\n)"
                },
                "変数の設定:外部変数の更新_2": {
                  "runAfter": {
                    "作成:メールの最終送信日に今日の日付を設定": [
                      "Succeeded"
                    ]
                  },
                  "metadata": {
                    "operationMetadataId": "18985081-4b2f-4d61-8733-6eae3a7740de"
                  },
                  "type": "SetVariable",
                  "inputs": {
                    "name": "変数用フローの変数部分",
                    "value": "@outputs('作成:メールの最終送信日に今日の日付を設定')"
                  }
                }
              },
              "runAfter": {
                "スコープ:緊急連絡先台帳から「未回答」のアイテムを取得": [
                  "Succeeded"
                ]
              },
              "expression": {
                "equals": [
                  "@outputs('作成:メールの最終送信日から3日以上経過したか')",
                  true
                ]
              },
              "metadata": {
                "operationMetadataId": "3d756d4c-7ad4-4541-b77a-a60468db68d5"
              },
              "type": "If"
            },
            "作成:今日の日付": {
              "runAfter": {
                "作成:メールの最終送信日": [
                  "Succeeded"
                ]
              },
              "metadata": {
                "operationMetadataId": "a72df01d-b323-4c2c-845d-056b1bb963d2"
              },
              "type": "Compose",
              "inputs": "@convertTimeZone(utcNow(), 'UTC', 'Tokyo Standard Time')"
            },
            "スコープ:緊急連絡先台帳から「未回答」のアイテムを取得": {
              "actions": {
                "複数の項目の取得:緊急連絡先台帳から「未回答」のアイテムを取得": {
                  "runAfter": {},
                  "metadata": {
                    "operationMetadataId": "d596548d-f3ad-452a-ab4f-dbf6ec977389"
                  },
                  "type": "OpenApiConnection",
                  "inputs": {
                    "host": {
                      "connectionName": "shared_sharepointonline",
                      "operationId": "GetItems",
                      "apiId": "/providers/Microsoft.PowerApps/apis/shared_sharepointonline"
                    },
                    "parameters": {
                      "dataset": "@parameters('変数_サイト (wataruf_spSite)')",
                      "table": "@parameters('変数_リスト_緊急連絡先台帳 (wataruf_spList_EmergencyContactList)')",
                      "$filter": "Status eq '01-回答待ち'"
                    },
                    "authentication": "@parameters('$authentication')"
                  },
                  "runtimeConfiguration": {
                    "paginationPolicy": {
                      "minimumItemCount": 5000
                    }
                  }
                },
                "選択:未回答アイテム": {
                  "runAfter": {
                    "複数の項目の取得:緊急連絡先台帳から「未回答」のアイテムを取得": [
                      "Succeeded"
                    ]
                  },
                  "metadata": {
                    "operationMetadataId": "7fa4f176-94e7-4861-b9b7-24c104db22bb"
                  },
                  "type": "Select",
                  "inputs": {
                    "from": "@outputs('複数の項目の取得:緊急連絡先台帳から「未回答」のアイテムを取得')?['body/value']",
                    "select": {
                      "社員番号": "@item()?['Title']",
                      "本人氏名（漢字）": "@item()?['EmployeeNameKanji']",
                      "本人氏名（カナ）": "@item()?['EmployeeNameKana']",
                      "本人電話番号": "@item()?['EmployeePhone']",
                      "本人メールアドレス": "@item()?['EmployeeEmail']",
                      "緊急連絡先氏名（漢字）": "@item()?['EmergencyContactNameKanji']",
                      "緊急連絡先氏名（カナ）": "@item()?['EmergencyContactNameKana']",
                      "緊急連絡先続柄": "@item()?['EmergencyContactRelationship']",
                      "緊急連絡先電話番号": "@item()?['EmergencyContactPhone']",
                      "緊急連絡先メールアドレス": "@item()?['EmergencyContactEmail']",
                      "照合用GUID": "@item()?['ValidationGUID']",
                      "対応ステータス": "@item()?['Status']?['value']"
                    }
                  }
                },
                "変数の設定:未回答アイテム": {
                  "runAfter": {
                    "選択:未回答アイテム": [
                      "Succeeded"
                    ]
                  },
                  "metadata": {
                    "operationMetadataId": "5542a874-5596-412d-8be1-da6ff98affd6"
                  },
                  "type": "SetVariable",
                  "inputs": {
                    "name": "未回答アイテム",
                    "value": "@body('選択:未回答アイテム')"
                  }
                }
              },
              "runAfter": {
                "作成:メールの最終送信日から3日以上経過したか": [
                  "Succeeded"
                ]
              },
              "metadata": {
                "operationMetadataId": "3c13f64b-624e-4798-befb-cbbe18b465b6"
              },
              "type": "Scope"
            }
          },
          "runAfter": {
            "スコープ:緊急連絡先台帳のすべてのアイテムを「回答待ち」に設定": [
              "Succeeded"
            ]
          },
          "metadata": {
            "operationMetadataId": "ddd8001a-0b11-420e-9c0d-ccad3c66029d"
          },
          "type": "Scope"
        },
        "スコープ:未回答アイテムの件数が0件の場合は完了フラグをtrueに設定する": {
          "actions": {
            "作成:未回答アイテムの件数": {
              "runAfter": {},
              "metadata": {
                "operationMetadataId": "712cefee-ccf5-44fc-afdc-e07f0f6da30d"
              },
              "type": "Compose",
              "inputs": "@length(variables('未回答アイテム'))"
            },
            "条件:未回答アイテムの件数が0件": {
              "actions": {
                "作成:完了フラグをtrueに設定": {
                  "runAfter": {},
                  "metadata": {
                    "operationMetadataId": "75109aae-4846-4641-9ffe-03f0d9565243"
                  },
                  "type": "Compose",
                  "inputs": "@setProperty(\r\n    variables('変数用フローの変数部分'),\r\n    'IsAllProcessesCompleted',\r\n    true\r\n)"
                },
                "変数の設定:外部変数の更新_3": {
                  "runAfter": {
                    "作成:完了フラグをtrueに設定": [
                      "Succeeded"
                    ]
                  },
                  "metadata": {
                    "operationMetadataId": "21e4827d-a52c-4a2e-943a-cdbebf50e4a2"
                  },
                  "type": "SetVariable",
                  "inputs": {
                    "name": "変数用フローの変数部分",
                    "value": "@outputs('作成:完了フラグをtrueに設定')"
                  }
                }
              },
              "runAfter": {
                "作成:未回答アイテムの件数": [
                  "Succeeded"
                ]
              },
              "expression": {
                "equals": [
                  "@outputs('作成:未回答アイテムの件数')",
                  0
                ]
              },
              "metadata": {
                "operationMetadataId": "ee9bc0ea-4eac-49cb-b72f-a5b3d744e9cd"
              },
              "type": "If"
            }
          },
          "runAfter": {
            "スコープ:前回のメール送信から3日以上経過している場合はメールを送信する": [
              "Succeeded"
            ]
          },
          "metadata": {
            "operationMetadataId": "c968635f-1116-4437-9158-13568a8a5325"
          },
          "type": "Scope"
        },
        "変数を初期化する:未回答アイテム": {
          "runAfter": {
            "変数を初期化する:変数用フローの変数部分": [
              "Succeeded"
            ]
          },
          "metadata": {
            "operationMetadataId": "a99f3bc4-3013-4900-b28d-66fd7a0e4bf8"
          },
          "type": "InitializeVariable",
          "inputs": {
            "variables": [
              {
                "name": "未回答アイテム",
                "type": "array",
                "value": []
              }
            ]
          }
        },
        "変数を初期化する:変数用フローの変数部分": {
          "runAfter": {
            "変数を初期化する:メール本文": [
              "Succeeded"
            ]
          },
          "metadata": {
            "operationMetadataId": "caa6ccd7-43d0-491b-ad8c-4a953a0f2c14"
          },
          "type": "InitializeVariable",
          "inputs": {
            "variables": [
              {
                "name": "変数用フローの変数部分",
                "type": "object"
              }
            ]
          }
        },
        "スコープ:変数用フローの値を更新する": {
          "actions": {
            "作成:更新後のプロパティ": {
              "runAfter": {},
              "metadata": {
                "operationMetadataId": "f3fde3b5-3305-45ea-8e16-6fc3d37e59c1"
              },
              "type": "Compose",
              "inputs": "@variables('変数用フローの変数部分')"
            },
            "条件:プロパティの更新がある": {
              "actions": {
                "作成:プロパティ更新後の変数用フロー定義": {
                  "runAfter": {},
                  "metadata": {
                    "operationMetadataId": "1875b520-511d-4ee5-ab34-880afd4d401d"
                  },
                  "type": "Compose",
                  "inputs": "@json(replace(string(outputs('Get_flow')?['body']?['properties']?['definition']), string(outputs('Get_flow')?['body']?['properties']?['definition']?['actions']?['変数を初期化する']?['inputs']?['variables'][0]?['value']), string(variables('変数用フローの変数部分'))))"
                },
                "Update_Flow:変数用フローを更新": {
                  "runAfter": {
                    "作成:プロパティ更新後の変数用フロー定義": [
                      "Succeeded"
                    ]
                  },
                  "metadata": {
                    "operationMetadataId": "fb79192d-2d24-48d3-9c62-0dd5be57f7fe"
                  },
                  "type": "OpenApiConnection",
                  "inputs": {
                    "host": {
                      "connectionName": "shared_flowmanagement_1",
                      "operationId": "UpdateFlow",
                      "apiId": "/providers/Microsoft.PowerApps/apis/shared_flowmanagement"
                    },
                    "parameters": {
                      "environmentName": "8361665a-57aa-e883-bc6e-39a2a80ca7bc",
                      "flowName": "0e79500b-ada2-077c-b69b-496ac81189db",
                      "Flow/properties/displayName": "@outputs('Get_flow')?['body']?['properties']?['displayName']",
                      "Flow/properties/definition": "@outputs('作成:プロパティ更新後の変数用フロー定義')",
                      "Flow/properties/state": "Stopped"
                    },
                    "authentication": "@parameters('$authentication')"
                  }
                }
              },
              "runAfter": {
                "作成:プロパティの更新があるか": [
                  "Succeeded"
                ]
              },
              "expression": {
                "equals": [
                  "@outputs('作成:プロパティの更新があるか')",
                  true
                ]
              },
              "metadata": {
                "operationMetadataId": "ee7364c6-9dc8-4c41-a963-49d86dbec22f"
              },
              "type": "If"
            },
            "作成:プロパティの更新があるか": {
              "runAfter": {
                "作成:更新後のプロパティ": [
                  "Succeeded"
                ]
              },
              "metadata": {
                "operationMetadataId": "748cf4ab-aae5-4d0a-a890-b97016cea667"
              },
              "type": "Compose",
              "inputs": "@not(equals(outputs('作成:変数用フローの変数部分'),outputs('作成:更新後のプロパティ')))"
            }
          },
          "runAfter": {
            "スコープ:未回答アイテムの件数が0件の場合は完了フラグをtrueに設定する": [
              "Succeeded"
            ]
          },
          "metadata": {
            "operationMetadataId": "d9ea6fb2-ff56-4cea-b9e3-cec28c16233f"
          },
          "type": "Scope"
        },
        "スコープ:完了フラグがtrueの場合はフローを無効化する": {
          "actions": {
            "作成:完了フラグの値": {
              "runAfter": {},
              "metadata": {
                "operationMetadataId": "75cec01a-5db0-4891-bc67-ab0af482438c"
              },
              "type": "Compose",
              "inputs": "@variables('変数用フローの変数部分')?['IsAllProcessesCompleted']"
            },
            "条件:完了フラグがtrueである": {
              "actions": {
                "Turn_Off_Flow:回答反映フローを無効にする": {
                  "runAfter": {},
                  "metadata": {
                    "operationMetadataId": "8c6bba75-fafd-4380-a09d-85e520892929"
                  },
                  "type": "OpenApiConnection",
                  "inputs": {
                    "host": {
                      "connectionName": "shared_flowmanagement_1",
                      "operationId": "StopFlow",
                      "apiId": "/providers/Microsoft.PowerApps/apis/shared_flowmanagement"
                    },
                    "parameters": {
                      "environmentName": "8361665a-57aa-e883-bc6e-39a2a80ca7bc",
                      "flowName": "329cd77d-15dd-8f30-d8be-f23a171fd43f"
                    },
                    "authentication": "@parameters('$authentication')"
                  }
                },
                "Turn_Off_Flow:メール送信フローを無効にする": {
                  "runAfter": {
                    "Turn_Off_Flow:回答反映フローを無効にする": [
                      "Succeeded"
                    ]
                  },
                  "metadata": {
                    "operationMetadataId": "f52674ee-d4c6-43b8-bd8e-4257f4ba5e3f"
                  },
                  "type": "OpenApiConnection",
                  "inputs": {
                    "host": {
                      "connectionName": "shared_flowmanagement_1",
                      "operationId": "StopFlow",
                      "apiId": "/providers/Microsoft.PowerApps/apis/shared_flowmanagement"
                    },
                    "parameters": {
                      "environmentName": "8361665a-57aa-e883-bc6e-39a2a80ca7bc",
                      "flowName": "5637e0b8-c04b-1809-b3b3-5353109c4fce"
                    },
                    "authentication": "@parameters('$authentication')"
                  }
                }
              },
              "runAfter": {
                "作成:完了フラグの値": [
                  "Succeeded"
                ]
              },
              "expression": {
                "equals": [
                  "@outputs('作成:完了フラグの値')",
                  true
                ]
              },
              "metadata": {
                "operationMetadataId": "a5964951-73e3-4f7b-a91e-d1eeb400772c"
              },
              "type": "If"
            }
          },
          "runAfter": {
            "スコープ:変数用フローの値を更新する": [
              "Succeeded"
            ]
          },
          "metadata": {
            "operationMetadataId": "a6a5ea20-b1a5-4c82-92e4-4b49e7233156"
          },
          "type": "Scope"
        }
      },
      "outputs": {}
    },
    "templateName": ""
  },
  "schemaVersion": "1.0.0.0"
}