{
  "properties": {
    "connectionReferences": {
      "shared_microsoftforms": {
        "runtimeSource": "embedded",
        "connection": {
          "connectionReferenceLogicalName": "wataruf_sharedmicrosoftforms_d94af"
        },
        "api": {
          "name": "shared_microsoftforms"
        }
      },
      "shared_sharepointonline": {
        "runtimeSource": "embedded",
        "connection": {
          "connectionReferenceLogicalName": "wataruf_sharedsharepointonline_124ae"
        },
        "api": {
          "name": "shared_sharepointonline"
        }
      }
    },
    "definition": {
      "$schema": "https://schema.management.azure.com/providers/Microsoft.Logic/schemas/2016-06-01/workflowdefinition.json#",
      "contentVersion": "1.0.0.0",
      "parameters": {
        "$connections": {
          "defaultValue": {},
          "type": "Object"
        },
        "$authentication": {
          "defaultValue": {},
          "type": "SecureObject"
        },
        "変数_フォーム_緊急連絡先回答用 (wataruf_form)": {
          "defaultValue": "bI9O2SvUmUKcNQgBun5yNV9_pmwOYZVNqBuFAWY6gX5UOFEzNTk3OEUxSE1BRElSMUNZQUkzVVlIUiQlQCN0PWcu",
          "type": "String",
          "metadata": {
            "schemaName": "wataruf_form"
          }
        },
        "変数_サイト (wataruf_spSite)": {
          "defaultValue": "https://watarufenv.sharepoint.com/sites/msteams_64b668",
          "type": "String",
          "metadata": {
            "schemaName": "wataruf_spSite"
          }
        },
        "変数_リスト_緊急連絡先台帳 (wataruf_spList_EmergencyContactList)": {
          "defaultValue": "d563e576-ce71-4164-8ade-90d1554601f1",
          "type": "String",
          "metadata": {
            "schemaName": "wataruf_spList_EmergencyContactList"
          }
        }
      },
      "triggers": {
        "新しい応答が送信されるとき": {
          "splitOn": "@triggerOutputs()?['body/value']",
          "metadata": {
            "operationMetadataId": "40a01c34-459d-46aa-892a-6f7ad3df8de5"
          },
          "type": "OpenApiConnectionWebhook",
          "inputs": {
            "host": {
              "connectionName": "shared_microsoftforms",
              "operationId": "CreateFormWebhook",
              "apiId": "/providers/Microsoft.PowerApps/apis/shared_microsoftforms"
            },
            "parameters": {
              "form_id": "@parameters('変数_フォーム_緊急連絡先回答用 (wataruf_form)')"
            },
            "authentication": "@parameters('$authentication')"
          }
        }
      },
      "actions": {
        "スコープ:緊急連絡先台帳から更新対象アイテムを取得": {
          "actions": {
            "応答の詳細を取得する": {
              "runAfter": {},
              "metadata": {
                "operationMetadataId": "40112961-4ee8-44e9-b5f7-52adaf52aff4"
              },
              "type": "OpenApiConnection",
              "inputs": {
                "host": {
                  "connectionName": "shared_microsoftforms",
                  "operationId": "GetFormResponseById",
                  "apiId": "/providers/Microsoft.PowerApps/apis/shared_microsoftforms"
                },
                "parameters": {
                  "form_id": "@parameters('変数_フォーム_緊急連絡先回答用 (wataruf_form)')",
                  "response_id": "@triggerOutputs()?['body/resourceData/responseId']"
                },
                "authentication": "@parameters('$authentication')"
              }
            },
            "作成:社員番号": {
              "runAfter": {
                "応答の詳細を取得する": [
                  "Succeeded"
                ]
              },
              "metadata": {
                "operationMetadataId": "f525c1bf-8861-4d65-bfd0-a93a91d06265"
              },
              "type": "Compose",
              "inputs": "@outputs('応答の詳細を取得する')?['body/r2c0c344a9d0042ceb55adcf8f432e2fe']"
            },
            "作成:照合用GUID": {
              "runAfter": {
                "作成:社員番号": [
                  "Succeeded"
                ]
              },
              "metadata": {
                "operationMetadataId": "e8e4f720-068d-4325-8fb8-4072ff560e7b"
              },
              "type": "Compose",
              "inputs": "@outputs('応答の詳細を取得する')?['body/rfdcc0f4853ef4133ab817adb4454ec3c']"
            },
            "Get_items:社員番号と照合用GUIDをキーにしてアイテムを取得": {
              "runAfter": {
                "作成:照合用GUID": [
                  "Succeeded"
                ]
              },
              "metadata": {
                "operationMetadataId": "2d958057-0487-4a9a-8301-f0c1686ae123"
              },
              "type": "OpenApiConnection",
              "inputs": {
                "host": {
                  "connectionName": "shared_sharepointonline",
                  "operationId": "GetItems",
                  "apiId": "/providers/Microsoft.PowerApps/apis/shared_sharepointonline"
                },
                "parameters": {
                  "dataset": "@parameters('変数_サイト (wataruf_spSite)')",
                  "table": "@parameters('変数_リスト_緊急連絡先台帳 (wataruf_spList_EmergencyContactList)')",
                  "$filter": "Title eq '@{outputs('作成:社員番号')}' and ValidationGUID eq '@{outputs('作成:照合用GUID')}'",
                  "$top": 1
                },
                "authentication": "@parameters('$authentication')"
              },
              "runtimeConfiguration": {
                "paginationPolicy": {
                  "minimumItemCount": 5000
                }
              }
            },
            "作成:検索にヒットしたアイテム": {
              "runAfter": {
                "Get_items:社員番号と照合用GUIDをキーにしてアイテムを取得": [
                  "Succeeded"
                ]
              },
              "metadata": {
                "operationMetadataId": "1c49db41-c249-467c-a511-cb87df380a31"
              },
              "type": "Compose",
              "inputs": "@outputs('Get_items:社員番号と照合用GUIDをキーにしてアイテムを取得')?['body/value'][0]"
            }
          },
          "runAfter": {},
          "metadata": {
            "operationMetadataId": "942ef76d-89eb-46f3-916d-85434b4c4bca"
          },
          "type": "Scope"
        },
        "スコープ:緊急連絡先台帳のアイテムを更新": {
          "actions": {
            "作成:更新対象アイテムのID": {
              "runAfter": {},
              "metadata": {
                "operationMetadataId": "3e33021d-21e3-4f50-9430-ad9bfb8c3d73"
              },
              "type": "Compose",
              "inputs": "@outputs('作成:検索にヒットしたアイテム')?['ID']"
            },
            "項目の更新:フォームの回答を台帳に反映": {
              "runAfter": {
                "作成:更新対象アイテムのID": [
                  "Succeeded"
                ]
              },
              "metadata": {
                "operationMetadataId": "eb38c346-93e0-4083-9954-9c33ea502f39"
              },
              "type": "OpenApiConnection",
              "inputs": {
                "host": {
                  "connectionName": "shared_sharepointonline",
                  "operationId": "PatchItem",
                  "apiId": "/providers/Microsoft.PowerApps/apis/shared_sharepointonline"
                },
                "parameters": {
                  "dataset": "@parameters('変数_サイト (wataruf_spSite)')",
                  "table": "@parameters('変数_リスト_緊急連絡先台帳 (wataruf_spList_EmergencyContactList)')",
                  "id": "@outputs('作成:更新対象アイテムのID')",
                  "item/EmployeePhone": "@outputs('応答の詳細を取得する')?['body/r5b6720e59886436d91617bb3229ee52c']",
                  "item/EmergencyContactNameKanji": "@outputs('応答の詳細を取得する')?['body/r75f8d1fcf5304b9da0ea93969ebb518b']",
                  "item/EmergencyContactNameKana": "@outputs('応答の詳細を取得する')?['body/r05f457e96a2b4dce9d3222e08c4ee048']",
                  "item/EmergencyContactRelationship": "@outputs('応答の詳細を取得する')?['body/r45bd4d89cff941cebe1db23d496afef2']",
                  "item/EmergencyContactPhone": "@outputs('応答の詳細を取得する')?['body/r904af6e518cc41f2a5a07ab583f20df8']",
                  "item/EmergencyContactEmail": "@outputs('応答の詳細を取得する')?['body/rc36810b0f873478095d1ecc75f484c4b']",
                  "item/Status/Value": "02-回答受領済み"
                },
                "authentication": "@parameters('$authentication')"
              }
            }
          },
          "runAfter": {
            "スコープ:緊急連絡先台帳から更新対象アイテムを取得": [
              "Succeeded"
            ]
          },
          "metadata": {
            "operationMetadataId": "fe1bef14-e1ee-4426-a4d7-8b3b188debdf"
          },
          "type": "Scope"
        }
      }
    },
    "templateName": ""
  },
  "schemaVersion": "1.0.0.0"
}