{
  "properties": {
    "connectionReferences": {},
    "definition": {
      "$schema": "https://schema.management.azure.com/providers/Microsoft.Logic/schemas/2016-06-01/workflowdefinition.json#",
      "contentVersion": "1.0.0.0",
      "parameters": {
        "$authentication": {
          "defaultValue": {},
          "type": "SecureObject"
        }
      },
      "triggers": {
        "manual": {
          "metadata": {
            "operationMetadataId": "5cf25521-57e6-44d2-b550-5beda66ee591"
          },
          "type": "Request",
          "kind": "Button",
          "inputs": {
            "schema": {
              "type": "object",
              "properties": {},
              "required": []
            }
          }
        }
      },
      "actions": {
        "変数を初期化する": {
          "runAfter": {},
          "metadata": {
            "operationMetadataId": "bfdd5533-6841-4017-877a-9b56bac86550"
          },
          "type": "InitializeVariable",
          "inputs": {
            "variables": [
              {
                "name": "変数",
                "type": "object",
                "value": {
                  "LastEmailSentDate": "2025-10-25",
                  "IsAllProcessesCompleted": true
                }
              }
            ]
          }
        }
      }
    },
    "templateName": null
  },
  "schemaVersion": "1.0.0.0"
}