{"name":"70e25b84-0333-426b-80c2-f9e27013d799","id":"/providers/Microsoft.Flow/flows/70e25b84-0333-426b-80c2-f9e27013d799","type":"Microsoft.Flow/flows","properties":{"apiId":"/providers/Microsoft.PowerApps/apis/shared_logicflows","displayName":"トリガーやアクションの入力情報を取得する","definition":{"metadata":{"workflowEntityId":null,"processAdvisorMetadata":null,"flowChargedByPaygo":null,"flowclientsuspensionreason":"None","flowclientsuspensiontime":null,"flowclientsuspensionreasondetails":null,"creator":{"id":"4a4a76fc-3a14-4340-98f0-54fa153de806","type":"User","tenantId":"81aef3cb-2cfc-44d3-ac59-1bb45d66f910"},"provisioningMethod":"FromDefinition","failureAlertSubscription":true,"clientLastModifiedTime":"2023-09-03T06:38:52.891314Z"},"$schema":"https://schema.management.azure.com/providers/Microsoft.Logic/schemas/2016-06-01/workflowdefinition.json#","contentVersion":"1.0.0.0","parameters":{"$connections":{"defaultValue":{},"type":"Object"},"$authentication":{"defaultValue":{},"type":"SecureObject"}},"triggers":{"項目が作成されたとき":{"recurrence":{"frequency":"Minute","interval":1},"splitOn":"@triggerOutputs()?['body/value']","metadata":{"operationMetadataId":"cb0f796c-e627-454f-a27b-eef431cb2137"},"type":"OpenApiConnection","inputs":{"host":{"apiId":"/providers/Microsoft.PowerApps/apis/shared_sharepointonline","connectionName":"shared_sharepointonline","operationId":"GetOnNewItems"},"parameters":{"dataset":"https://m365x80247309.sharepoint.com/sites/msteams_c7dfa6","table":"d5a92602-70d7-4aa8-bd86-9bbb14f551f2"},"authentication":"@parameters('$authentication')"}}},"actions":{"スコープ-トリガーで指定したリストのURLを取得":{"actions":{"作成-トリガーで指定したリストのURL":{"runAfter":{"SharePoint_に_HTTP_要求を送信します-リストのルートフォルダを取得":["Succeeded"]},"metadata":{"operationMetadataId":"c15ccd9d-708c-45a5-9b65-459dc00f39d4"},"type":"Compose","inputs":"@concat(outputs('作成-トリガーのinputパラメーター')['dataset'], '/Lists/', outputs('SharePoint_に_HTTP_要求を送信します-リストのルートフォルダを取得')?['body']['d']['Name'])"},"SharePoint_に_HTTP_要求を送信します-リストのルートフォルダを取得":{"runAfter":{"作成-トリガーのinputパラメーター":["Succeeded"]},"metadata":{"operationMetadataId":"74f783b8-b2ed-4e1f-95d3-e1a8fdd53b67"},"type":"OpenApiConnection","inputs":{"host":{"apiId":"/providers/Microsoft.PowerApps/apis/shared_sharepointonline","connectionName":"shared_sharepointonline_1","operationId":"HttpRequest"},"parameters":{"dataset":"@outputs('作成-トリガーのinputパラメーター')['dataset']","parameters/method":"GET","parameters/uri":"/_api/web/lists('@{outputs('作成-トリガーのinputパラメーター')['table']}')/RootFolder"},"authentication":"@parameters('$authentication')"}},"作成-トリガーのinputパラメーター":{"runAfter":{},"metadata":{"operationMetadataId":"618cb8c7-49d0-453b-90df-c09fce7e91eb"},"type":"Compose","inputs":"@trigger()['inputs']['parameters']"}},"runAfter":{},"metadata":{"operationMetadataId":"d8268448-437e-48ef-b6bc-047ba18a3c6f"},"type":"Scope"},"複数の項目の取得":{"runAfter":{"スコープ-トリガーで指定したリストのURLを取得":["Succeeded"]},"metadata":{"operationMetadataId":"43c712f5-3e2c-4de7-95ef-f7991b4fe7a6"},"type":"OpenApiConnection","inputs":{"host":{"apiId":"/providers/Microsoft.PowerApps/apis/shared_sharepointonline","connectionName":"shared_sharepointonline_1","operationId":"GetItems"},"parameters":{"dataset":"https://m365x80247309.sharepoint.com/sites/msteams_c7dfa6","table":"d5a92602-70d7-4aa8-bd86-9bbb14f551f2"},"authentication":"@parameters('$authentication')"}},"スコープ-トリガーで指定したリストのURLを取得_2":{"actions":{"作成-アクションでで指定したリストのURL":{"runAfter":{"SharePoint_に_HTTP_要求を送信します-リストのルートフォルダを取得_2":["Succeeded"]},"metadata":{"operationMetadataId":"c15ccd9d-708c-45a5-9b65-459dc00f39d4"},"type":"Compose","inputs":"@concat(outputs('作成-アクションのinputパラメーター')['dataset'], '/Lists/', outputs('SharePoint_に_HTTP_要求を送信します-リストのルートフォルダを取得_2')?['body']['d']['Name'])"},"SharePoint_に_HTTP_要求を送信します-リストのルートフォルダを取得_2":{"runAfter":{"作成-アクションのinputパラメーター":["Succeeded"]},"metadata":{"operationMetadataId":"74f783b8-b2ed-4e1f-95d3-e1a8fdd53b67"},"type":"OpenApiConnection","inputs":{"host":{"apiId":"/providers/Microsoft.PowerApps/apis/shared_sharepointonline","connectionName":"shared_sharepointonline_1","operationId":"HttpRequest"},"parameters":{"dataset":"@outputs('作成-アクションのinputパラメーター')['dataset']","parameters/method":"GET","parameters/uri":"/_api/web/lists('@{outputs('作成-アクションのinputパラメーター')['table']}')/RootFolder"},"authentication":"@parameters('$authentication')"}},"作成-アクションのinputパラメーター":{"runAfter":{},"metadata":{"operationMetadataId":"618cb8c7-49d0-453b-90df-c09fce7e91eb"},"type":"Compose","inputs":"@actions('複数の項目の取得')['inputs']['parameters']"}},"runAfter":{"複数の項目の取得":["Succeeded"]},"metadata":{"operationMetadataId":"d8268448-437e-48ef-b6bc-047ba18a3c6f"},"type":"Scope"}}},"connectionReferences":{"shared_sharepointonline_1":{"connectionName":"5ae165e1ddef4b749adca2d8cbec22c9","source":"Embedded","id":"/providers/Microsoft.PowerApps/apis/shared_sharepointonline","tier":"NotSpecified"},"shared_sharepointonline":{"connectionName":"5ae165e1ddef4b749adca2d8cbec22c9","source":"Embedded","id":"/providers/Microsoft.PowerApps/apis/shared_sharepointonline","tier":"NotSpecified"}},"flowFailureAlertSubscribed":false,"isManaged":false}}