{"name":"cca1c56f-f5bf-4d2c-a7df-02f1241656fd","id":"/providers/Microsoft.Flow/flows/cca1c56f-f5bf-4d2c-a7df-02f1241656fd","type":"Microsoft.Flow/flows","properties":{"apiId":"/providers/Microsoft.PowerApps/apis/shared_logicflows","displayName":"特定のタグがつかわれたらアクションを実行","definition":{"metadata":{"workflowEntityId":null,"processAdvisorMetadata":null,"flowclientsuspensionreason":"None","flowclientsuspensiontime":null,"creator":{"id":"350bd895-8fff-465e-b2ce-f3943b7d2b43","type":"User","tenantId":"688cdea3-eec2-4ad7-b65b-3b2b2e535888"},"provisioningMethod":"FromDefinition","failureAlertSubscription":true,"clientLastModifiedTime":"2022-04-24T11:07:26.7258474Z"},"$schema":"https://schema.management.azure.com/providers/Microsoft.Logic/schemas/2016-06-01/workflowdefinition.json#","contentVersion":"1.0.0.0","parameters":{"$connections":{"defaultValue":{},"type":"Object"},"$authentication":{"defaultValue":{},"type":"SecureObject"}},"triggers":{"チャネルに新しいメッセージが追加されたとき":{"recurrence":{"frequency":"Minute","interval":1},"splitOn":"@triggerOutputs()?['body']","metadata":{"operationMetadataId":"47fc6bea-bb32-4364-812e-d53282d0f161"},"type":"OpenApiConnection","inputs":{"host":{"apiId":"/providers/Microsoft.PowerApps/apis/shared_teams","connectionName":"shared_teams","operationId":"OnNewChannelMessage"},"parameters":{"groupId":"8515b3b8-9634-4dd5-992d-af2f0c702e88","channelId":"19:_MzwNRojmkbHnpbAcfjL72m34YCs01n3Jm70G_JFym01@thread.tacv2"},"authentication":"@parameters('$authentication')"}}},"actions":{"メッセージ詳細を取得する":{"runAfter":{},"metadata":{"operationMetadataId":"3bb3f28e-98e4-4f77-84a4-a327a45bbcac"},"type":"OpenApiConnection","inputs":{"host":{"apiId":"/providers/Microsoft.PowerApps/apis/shared_teams","connectionName":"shared_teams","operationId":"GetMessageDetails"},"parameters":{"messageId":"@triggerOutputs()?['body/id']","threadType":"channel","body/recipient/groupId":"8515b3b8-9634-4dd5-992d-af2f0c702e88","body/recipient/channelId":"19:_MzwNRojmkbHnpbAcfjL72m34YCs01n3Jm70G_JFym01@thread.tacv2","body/recipient/parentMessageId":"@triggerOutputs()?['body/replyToId']"},"authentication":"@parameters('$authentication')"}},"選択-メッセージからすべてのタグを抽出する":{"runAfter":{"メッセージ詳細を取得する":["Succeeded"]},"metadata":{"operationMetadataId":"4df705a5-46b4-4fff-b195-f89ddcc57227"},"type":"Select","inputs":{"from":"@body('メッセージ詳細を取得する')?['mentions']","select":{"displayName":"@item()?['mentioned']?['tag']?['displayName']"}}},"Apply_to_each":{"foreach":"@body('選択-メッセージからすべてのタグを抽出する')","actions":{"チャットまたはチャネルでメッセージを投稿する":{"runAfter":{"条件-指定した特定のタグであるか":["Succeeded"]},"metadata":{"operationMetadataId":"dfa56d40-d854-433d-aa0f-ff556c0bbe2a"},"type":"OpenApiConnection","inputs":{"host":{"apiId":"/providers/Microsoft.PowerApps/apis/shared_teams","connectionName":"shared_teams","operationId":"PostMessageToConversation"},"parameters":{"poster":"Flow bot","location":"Chat with Flow bot","body/recipient":"admin@M365x000309.OnMicrosoft.com;","body/messageBody":"<p>@{variables('MessageBody')}</p>"},"authentication":"@parameters('$authentication')"}},"変数の設定-チャットの本文":{"runAfter":{},"metadata":{"operationMetadataId":"ca3c1418-f177-4af9-9a37-fa8904cac348"},"type":"SetVariable","inputs":{"name":"MessageBody","value":"「@{items('Apply_to_each')?['displayName']}」タグが使用されました。"}},"条件-指定した特定のタグであるか":{"actions":{"文字列変数に追加-本文に文章を追加":{"runAfter":{},"metadata":{"operationMetadataId":"1a292bd4-2a70-4be8-9a16-75b90b891a47"},"type":"AppendToStringVariable","inputs":{"name":"MessageBody","value":"<br>テスト用タグ2が使われたので指定されたアクションを実行しますね。\n(｀・ω・´)ｼｬｷｰﾝ"}}},"runAfter":{"変数の設定-チャットの本文":["Succeeded"]},"expression":{"equals":["@item()?['displayName']","テスト用タグその2"]},"metadata":{"operationMetadataId":"0a9108ea-f989-43d8-8cd7-e782db945ac7"},"type":"If"}},"runAfter":{"変数を初期化する-チャットの本文":["Succeeded"]},"metadata":{"operationMetadataId":"cbf0d402-b59e-4905-b094-b6b9e955fa73"},"type":"Foreach"},"変数を初期化する-チャットの本文":{"runAfter":{"条件-メッセージにタグがあるか":["Succeeded"]},"metadata":{"operationMetadataId":"e2f8b395-c639-456f-8fe0-e603410f25d3"},"type":"InitializeVariable","inputs":{"variables":[{"name":"MessageBody","type":"string"}]}},"条件-メッセージにタグがあるか":{"actions":{"終了":{"runAfter":{},"metadata":{"operationMetadataId":"e51804d9-2ec4-4dae-b28c-e029e78be8de"},"type":"Terminate","inputs":{"runStatus":"Succeeded"}}},"runAfter":{"選択-メッセージからすべてのタグを抽出する":["Succeeded"]},"expression":{"equals":["@empty(body('選択-メッセージからすべてのタグを抽出する'))","@true"]},"metadata":{"operationMetadataId":"7a612ca3-84cb-484b-821c-d7df439d8c1b"},"type":"If"}},"outputs":{}},"connectionReferences":{"shared_teams":{"connectionName":"shared-teams-6b1d1b48-f86f-45e3-86b5-22c06adbb851","source":"Embedded","id":"/providers/Microsoft.PowerApps/apis/shared_teams","tier":"NotSpecified"}},"flowFailureAlertSubscribed":false,"isManaged":false}}