{"name":"63113be3-cfee-4bbc-8f16-80c12a892101","id":"/providers/Microsoft.Flow/flows/63113be3-cfee-4bbc-8f16-80c12a892101","type":"Microsoft.Flow/flows","properties":{"apiId":"/providers/Microsoft.PowerApps/apis/shared_logicflows","displayName":"フロー内のエラー処理をフェーズ単位で行う","definition":{"metadata":{"workflowEntityId":null,"processAdvisorMetadata":null,"flowChargedByPaygo":null,"flowclientsuspensionreason":"None","flowclientsuspensiontime":null,"flowclientsuspensionreasondetails":null,"creator":{"id":"4a4a76fc-3a14-4340-98f0-54fa153de806","type":"User","tenantId":"81aef3cb-2cfc-44d3-ac59-1bb45d66f910"},"provisioningMethod":"FromDefinition","failureAlertSubscription":true,"clientLastModifiedTime":"2023-09-04T13:33:35.8431495Z"},"$schema":"https://schema.management.azure.com/providers/Microsoft.Logic/schemas/2016-06-01/workflowdefinition.json#","contentVersion":"1.0.0.0","parameters":{"$connections":{"defaultValue":{},"type":"Object"},"$authentication":{"defaultValue":{},"type":"SecureObject"}},"triggers":{"manual":{"metadata":{"operationMetadataId":"60bafd2b-26a2-4ebc-9301-defc6257454c"},"type":"Request","kind":"Button","inputs":{"schema":{"type":"object","properties":{},"required":[]}}}},"actions":{"スコープ-フェーズ1の処理":{"actions":{"作成-ゼロ除算のエラーを発生させる":{"runAfter":{},"metadata":{"operationMetadataId":"83ead594-5d09-41ca-8eae-1658571ec91b"},"type":"Compose","inputs":"@div(1,0)"}},"runAfter":{"変数を初期化する-エラーの発生回数":["Succeeded"]},"metadata":{"operationMetadataId":"d8268448-437e-48ef-b6bc-047ba18a3c6f"},"type":"Scope"},"スコープ-フェーズ1のエラー処理":{"actions":{"選択-処理結果からアクション名と実行成否を取得":{"runAfter":{"作成-スコープの処理結果を取得":["Succeeded"]},"metadata":{"operationMetadataId":"bd6195de-13e8-4747-9fda-364d9189f41c"},"type":"Select","inputs":{"from":"@outputs('作成-スコープの処理結果を取得')","select":{"アクション名":"@item()['name']","status":"@item()['status']"}}},"アレイのフィルター処理-実行成否が失敗であるものを取得":{"runAfter":{"選択-処理結果からアクション名と実行成否を取得":["Succeeded"]},"metadata":{"operationMetadataId":"02527d73-2e1b-4d01-8bae-e0b1d7f456ef"},"type":"Query","inputs":{"from":"@body('選択-処理結果からアクション名と実行成否を取得')","where":"@equals(item()['status'], 'Failed')"}},"作成-失敗の件数":{"runAfter":{"アレイのフィルター処理-実行成否が失敗であるものを取得":["Succeeded"]},"metadata":{"operationMetadataId":"d46c5d9c-9ca6-484a-90a3-5bd1295ffccd"},"type":"Compose","inputs":"@length(body('アレイのフィルター処理-実行成否が失敗であるものを取得'))"},"条件-失敗が0件である":{"actions":{},"runAfter":{"作成-失敗の件数":["Succeeded"]},"else":{"actions":{"変数の値を増やす-エラーの発生回数をカウントアップ":{"runAfter":{},"metadata":{"operationMetadataId":"881a5fc3-e426-4392-a9a8-b4c240584cf2"},"type":"IncrementVariable","inputs":{"name":"エラーの発生回数","value":1}}}},"expression":{"equals":["@outputs('作成-失敗の件数')",0]},"metadata":{"operationMetadataId":"9cc60002-9b16-4e81-84d3-2c1f92cc76d4"},"type":"If"},"作成-スコープの処理結果を取得":{"runAfter":{},"metadata":{"operationMetadataId":"b7f03fa4-2550-4e9d-8d59-1c7491df97c6"},"type":"Compose","inputs":"@result('スコープ-フェーズ1の処理')"}},"runAfter":{"スコープ-フェーズ1の処理":["Succeeded","Failed","Skipped","TimedOut"]},"metadata":{"operationMetadataId":"20da835b-6f1b-4d9a-9563-94ce360dd032"},"type":"Scope"},"スコープ-フェーズ2の処理":{"actions":{},"runAfter":{"スコープ-フェーズ1のエラー処理":["Succeeded"]},"metadata":{"operationMetadataId":"d8268448-437e-48ef-b6bc-047ba18a3c6f"},"type":"Scope"},"変数を初期化する-エラーの発生回数":{"runAfter":{},"metadata":{"operationMetadataId":"d5fc65b1-9453-4a61-8036-6d8534254829"},"type":"InitializeVariable","inputs":{"variables":[{"name":"エラーの発生回数","type":"integer","value":0}]}},"スコープ-フェーズ2のエラー処理":{"actions":{"選択-処理結果からアクション名と実行成否を取得_2":{"runAfter":{"作成-スコープの処理結果を取得_2":["Succeeded"]},"metadata":{"operationMetadataId":"bd6195de-13e8-4747-9fda-364d9189f41c"},"type":"Select","inputs":{"from":"@outputs('作成-スコープの処理結果を取得_2')","select":{"アクション名":"@item()['name']","status":"@item()['status']"}}},"アレイのフィルター処理-実行成否が失敗であるものを取得_2":{"runAfter":{"選択-処理結果からアクション名と実行成否を取得_2":["Succeeded"]},"metadata":{"operationMetadataId":"02527d73-2e1b-4d01-8bae-e0b1d7f456ef"},"type":"Query","inputs":{"from":"@body('選択-処理結果からアクション名と実行成否を取得_2')","where":"@equals(item()['status'], 'Failed')"}},"作成-失敗の件数_2":{"runAfter":{"アレイのフィルター処理-実行成否が失敗であるものを取得_2":["Succeeded"]},"metadata":{"operationMetadataId":"d46c5d9c-9ca6-484a-90a3-5bd1295ffccd"},"type":"Compose","inputs":"@length(body('アレイのフィルター処理-実行成否が失敗であるものを取得_2'))"},"条件-失敗が0件である_2":{"actions":{},"runAfter":{"作成-失敗の件数_2":["Succeeded"]},"else":{"actions":{"変数の値を増やす-エラーの発生回数をカウントアップ_2":{"runAfter":{},"metadata":{"operationMetadataId":"382fb16b-d751-4bec-9f28-b2988956937b"},"type":"IncrementVariable","inputs":{"name":"エラーの発生回数","value":1}}}},"expression":{"equals":["@outputs('作成-失敗の件数_2')",0]},"metadata":{"operationMetadataId":"9cc60002-9b16-4e81-84d3-2c1f92cc76d4"},"type":"If"},"作成-スコープの処理結果を取得_2":{"runAfter":{},"metadata":{"operationMetadataId":"b7f03fa4-2550-4e9d-8d59-1c7491df97c6"},"type":"Compose","inputs":"@result('スコープ-フェーズ2の処理')"}},"runAfter":{"スコープ-フェーズ2の処理":["Succeeded","Failed","Skipped","TimedOut"]},"metadata":{"operationMetadataId":"20da835b-6f1b-4d9a-9563-94ce360dd032"},"type":"Scope"},"条件-エラー発生回数が1回以上である":{"actions":{"作成-エラー時の通知":{"runAfter":{},"metadata":{"operationMetadataId":"d6aa4218-387c-4420-bbf5-7a6b3aa05e7e"},"type":"Compose","inputs":"エラー発生時刻：\n@{convertTimeZone(utcnow(), 'UTC', 'Tokyo Standard Time', 'yyyy/MM/dd HH:mm')}\n\nエラー内容は下記リンクから参照してください。\n<a href='https://flow.microsoft.com/manage/environments/@{workflow()['tags']['environmentName']}/flows/@{workflow()['name']}/runs/@{workflow()['run']['name']}'>ワークフロー実行結果画面</a>"},"メールの送信_(V2)_":{"runAfter":{"作成-エラー時の通知":["Succeeded"]},"metadata":{"operationMetadataId":"735e9c15-68ee-47f9-8ada-5b096fde060f"},"type":"OpenApiConnection","inputs":{"host":{"apiId":"/providers/Microsoft.PowerApps/apis/shared_office365","connectionName":"shared_office365_1","operationId":"SendEmailV2"},"parameters":{"emailMessage/To":"admin@M365x80247309.OnMicrosoft.com","emailMessage/Subject":"エラーの通知です。","emailMessage/Body":"<p>@{replace(outputs('作成-エラー時の通知'), decodeUriComponent('%0A'), '<br/>')}</p>","emailMessage/Importance":"Normal"},"authentication":{"value":"@json(decodeBase64(triggerOutputs().headers['X-MS-APIM-Tokens']))['$ConnectionKey']","type":"Raw"}}},"終了-フローを「失敗」ステータスで終了する":{"runAfter":{"メールの送信_(V2)_":["Succeeded"]},"metadata":{"operationMetadataId":"e0dc339b-9e42-49f3-bbcc-96f36ab0df2b"},"type":"Terminate","inputs":{"runStatus":"Failed"}}},"runAfter":{"スコープ-フェーズ2のエラー処理":["Succeeded"]},"expression":{"greaterOrEquals":["@variables('エラーの発生回数')",1]},"metadata":{"operationMetadataId":"4ba057cc-0fdf-4918-af98-077aeda761e1"},"type":"If"}}},"connectionReferences":{"shared_office365_1":{"connectionName":"shared-office365-542a63ef-f8e6-47ee-b929-d815d72d42fe","source":"Invoker","id":"/providers/Microsoft.PowerApps/apis/shared_office365","tier":"NotSpecified"}},"flowFailureAlertSubscribed":false,"isManaged":false}}