{"name":"fe6adfb3-a3db-45c5-b5bd-77197766e33d","id":"/providers/Microsoft.Flow/flows/fe6adfb3-a3db-45c5-b5bd-77197766e33d","type":"Microsoft.Flow/flows","properties":{"apiId":"/providers/Microsoft.PowerApps/apis/shared_logicflows","displayName":"テナント内のフロー一覧をCSVに出力","definition":{"metadata":{"workflowEntityId":null,"processAdvisorMetadata":null,"flowclientsuspensionreason":"None","flowclientsuspensiontime":null,"flowclientsuspensionreasondetails":null,"creator":{"id":"350bd895-8fff-465e-b2ce-f3943b7d2b43","type":"User","tenantId":"688cdea3-eec2-4ad7-b65b-3b2b2e535888"},"provisioningMethod":"FromDefinition","failureAlertSubscription":true,"clientLastModifiedTime":"2022-07-20T23:36:58.366044Z"},"$schema":"https://schema.management.azure.com/providers/Microsoft.Logic/schemas/2016-06-01/workflowdefinition.json#","contentVersion":"1.0.0.0","parameters":{"$connections":{"defaultValue":{},"type":"Object"},"$authentication":{"defaultValue":{},"type":"SecureObject"}},"triggers":{"manual":{"metadata":{"operationMetadataId":"c63745b8-347b-4441-ae24-973b66555291"},"type":"Request","kind":"Button","inputs":{"schema":{"type":"object","properties":{},"required":[]}}}},"actions":{"フローを管理者として一覧表示":{"runAfter":{},"metadata":{"operationMetadataId":"7a7031ea-af52-42e1-98b4-6d28e973b81f"},"type":"OpenApiConnection","inputs":{"host":{"apiId":"/providers/Microsoft.PowerApps/apis/shared_flowmanagement","connectionName":"shared_flowmanagement","operationId":"ListFlowsInEnvironment"},"parameters":{"environmentName":"Default-688cdea3-eec2-4ad7-b65b-3b2b2e535888","expandSuspensionInfo":true,"includeSoftDeletedFlows":false},"authentication":{"value":"@json(decodeBase64(triggerOutputs().headers['X-MS-APIM-Tokens']))['$ConnectionKey']","type":"Raw"}}},"Apply_to_each":{"foreach":"@outputs('フローを管理者として一覧表示')?['body/value']","actions":{"配列変数に追加":{"runAfter":{"ユーザー_プロフィールの取得_(V2)":["Succeeded"]},"metadata":{"operationMetadataId":"2b39304e-ff7b-4a6d-8a68-9a4b55d80f1d"},"type":"AppendToArrayVariable","inputs":{"name":"フロー一覧","value":{"名前":"@{items('Apply_to_each')?['Properties']?['DisplayName']}","環境":"@{items('Apply_to_each')?['Properties']?['Environment']?['Name']}","フローID":"@{items('Apply_to_each')?['Name']}","作成者アドレス":"@{outputs('ユーザー_プロフィールの取得_(V2)')?['body/mail']}","作成者名":"@{outputs('ユーザー_プロフィールの取得_(V2)')?['body/displayName']}","作成日時":"@{convertTimeZone(item()?['Properties']?['CreatedTime'], 'UTC', 'Tokyo Standard Time', 'yyyy/MM/dd HH:mm')}","ステータス":"@{items('Apply_to_each')?['Properties']?['State']}","アクションの個数":"@{length(items('Apply_to_each')?['properties/definitionSummary/actions'])}"}}},"ユーザー_プロフィールの取得_(V2)":{"runAfter":{},"metadata":{"operationMetadataId":"5f2ec448-c89f-42b8-8531-b4bd15a33628"},"type":"OpenApiConnection","inputs":{"host":{"apiId":"/providers/Microsoft.PowerApps/apis/shared_office365users","connectionName":"shared_office365users_1","operationId":"UserProfile_V2"},"parameters":{"id":"@item()?['Properties']?['Creator']?['ObjectId']"},"authentication":{"value":"@json(decodeBase64(triggerOutputs().headers['X-MS-APIM-Tokens']))['$ConnectionKey']","type":"Raw"}}}},"runAfter":{"変数を初期化する-フロー":["Succeeded"]},"metadata":{"operationMetadataId":"88df0c1c-306f-4450-bec7-1330bae4771b"},"type":"Foreach"},"CSV_テーブルの作成":{"runAfter":{"Apply_to_each":["Succeeded"]},"metadata":{"operationMetadataId":"83536185-3143-44e5-a572-2f7954cc254b"},"type":"Table","inputs":{"from":"@variables('フロー一覧')","format":"CSV"}},"ファイルの作成":{"runAfter":{"CSV_テーブルの作成":["Succeeded"]},"metadata":{"operationMetadataId":"c9974402-b1de-4ef3-8795-cc2e22a98e31"},"type":"OpenApiConnection","inputs":{"host":{"apiId":"/providers/Microsoft.PowerApps/apis/shared_onedriveforbusiness","connectionName":"shared_onedriveforbusiness","operationId":"CreateFile"},"parameters":{"folderPath":"/テナント内のフロー一覧","name":"@{convertTimeZone(utcNow(), 'UTC', 'Tokyo Standard Time', 'yyyyMMdd_HHmm')}_@{triggerBody()?['entity']?['teamsFlowRunContext']?['messagePayload']?['subject']}.csv","body":"@concat(decodeUriComponent('%EF%BB%BF'), body('CSV_テーブルの作成'))"},"authentication":{"value":"@json(decodeBase64(triggerOutputs().headers['X-MS-APIM-Tokens']))['$ConnectionKey']","type":"Raw"}},"runtimeConfiguration":{"contentTransfer":{"transferMode":"Chunked"}}},"共有リンクを作成する":{"runAfter":{"ファイルの作成":["Succeeded"]},"metadata":{"operationMetadataId":"1ea5ae58-9988-4322-a21e-b09c30a2e772"},"type":"OpenApiConnection","inputs":{"host":{"apiId":"/providers/Microsoft.PowerApps/apis/shared_onedriveforbusiness","connectionName":"shared_onedriveforbusiness","operationId":"CreateShareLinkV2"},"parameters":{"id":"@outputs('ファイルの作成')?['body/Id']","type":"View","scope":"Organization"},"authentication":{"value":"@json(decodeBase64(triggerOutputs().headers['X-MS-APIM-Tokens']))['$ConnectionKey']","type":"Raw"}}},"マイ_プロフィールの取得_(V2)":{"runAfter":{"共有リンクを作成する":["Succeeded"]},"metadata":{"operationMetadataId":"c31bd169-1d5e-40d9-91ae-a0e49c1813d9"},"type":"OpenApiConnection","inputs":{"host":{"apiId":"/providers/Microsoft.PowerApps/apis/shared_office365users","connectionName":"shared_office365users","operationId":"MyProfile_V2"},"parameters":{},"authentication":{"value":"@json(decodeBase64(triggerOutputs().headers['X-MS-APIM-Tokens']))['$ConnectionKey']","type":"Raw"}}},"チャットまたはチャネルでメッセージを投稿する":{"runAfter":{"変数を初期化する_-_チャットの本文を定義する":["Succeeded"]},"metadata":{"operationMetadataId":"2e23e97c-97ab-4744-8785-dbb67e7cbbeb"},"type":"OpenApiConnection","inputs":{"host":{"apiId":"/providers/Microsoft.PowerApps/apis/shared_teams","connectionName":"shared_teams","operationId":"PostMessageToConversation"},"parameters":{"poster":"Flow bot","location":"Chat with Flow bot","body/recipient":"@{outputs('マイ_プロフィールの取得_(V2)')?['body/mail']};","body/messageBody":"<p>@{variables('本文')}</p>"},"authentication":{"value":"@json(decodeBase64(triggerOutputs().headers['X-MS-APIM-Tokens']))['$ConnectionKey']","type":"Raw"}}},"変数を初期化する_-_チャットの本文を定義する":{"runAfter":{"マイ_プロフィールの取得_(V2)":["Succeeded"]},"metadata":{"operationMetadataId":"f1514abf-7333-4079-bfd3-15dabd12fdf8"},"type":"InitializeVariable","inputs":{"variables":[{"name":"本文","type":"string","value":"テナント内のフロー一覧をCSV形式でエクスポートしました。<br>\n<br>\n【CSVの保存先パス】<br>\n<a href=\"@{outputs('共有リンクを作成する')?['body/WebUrl']}\">CSVを開く</a><br>"}]}},"変数を初期化する-フロー":{"runAfter":{"フローを管理者として一覧表示":["Succeeded"]},"metadata":{"operationMetadataId":"cb64445c-ea56-4487-8f89-e77daff8dbeb"},"type":"InitializeVariable","inputs":{"variables":[{"name":"フロー一覧","type":"array"}]}}}},"connectionReferences":{"shared_flowmanagement":{"connectionName":"shared-flowmanagemen-d8122092-56a0-4d2e-bb0e-7c4b53721aac","source":"Invoker","id":"/providers/Microsoft.PowerApps/apis/shared_flowmanagement","tier":"NotSpecified"},"shared_office365users_1":{"connectionName":"shared-office365user-bbc62fef-29ff-40a9-9c37-376bb0336b9d","source":"Invoker","id":"/providers/Microsoft.PowerApps/apis/shared_office365users","tier":"NotSpecified"},"shared_onedriveforbusiness":{"connectionName":"shared-onedriveforbu-ca7ba3ee-97d0-43d1-b3cd-a71fa6eda046","source":"Invoker","id":"/providers/Microsoft.PowerApps/apis/shared_onedriveforbusiness","tier":"NotSpecified"},"shared_office365users":{"connectionName":"shared-office365user-bbc62fef-29ff-40a9-9c37-376bb0336b9d","source":"Invoker","id":"/providers/Microsoft.PowerApps/apis/shared_office365users","tier":"NotSpecified"},"shared_teams":{"connectionName":"shared-teams-6b1d1b48-f86f-45e3-86b5-22c06adbb851","source":"Invoker","id":"/providers/Microsoft.PowerApps/apis/shared_teams","tier":"NotSpecified"}},"flowFailureAlertSubscribed":false,"isManaged":false}}