{"name":"b596b0c3-0823-47fb-8f5e-a8668cd2c390","id":"/providers/Microsoft.Flow/flows/b596b0c3-0823-47fb-8f5e-a8668cd2c390","type":"Microsoft.Flow/flows","properties":{"apiId":"/providers/Microsoft.PowerApps/apis/shared_logicflows","displayName":"チェックボックスを使ってメンション先を指定する","definition":{"metadata":{"workflowEntityId":null,"processAdvisorMetadata":null,"flowChargedByPaygo":null,"flowclientsuspensionreason":"None","flowclientsuspensiontime":null,"flowclientsuspensionreasondetails":null,"creator":{"id":"4a4a76fc-3a14-4340-98f0-54fa153de806","type":"User","tenantId":"81aef3cb-2cfc-44d3-ac59-1bb45d66f910"},"provisioningMethod":"FromDefinition","failureAlertSubscription":true,"clientLastModifiedTime":"2023-04-25T11:00:04.9644706Z"},"$schema":"https://schema.management.azure.com/providers/Microsoft.Logic/schemas/2016-06-01/workflowdefinition.json#","contentVersion":"1.0.0.0","parameters":{"$connections":{"defaultValue":{},"type":"Object"},"$authentication":{"defaultValue":{},"type":"SecureObject"}},"triggers":{"manual":{"metadata":{"operationMetadataId":"b59127d2-0f6f-4ff8-a1c5-3f4d448e5159","flowSystemMetadata":{"swaggerOperationId":"ForASelectedMessageV2","taskModuleWidth":null,"taskModuleHeight":null,"inputsAdaptiveCard":"{}"}},"type":"Request","kind":"ApiConnection","inputs":{"schema":{"type":"object","properties":{"teamsFlowRunContext":{"type":"object","properties":{"channelData":{"type":"object","properties":{"team":{"type":"object","properties":{"aadGroupId":{"title":"チーム ID","type":"string"}},"required":[]},"invalidateInvokeCache":{"type":"object","properties":{"invokeName":{"title":"invokeName","type":"string"},"additionalProperties":{"type":"object","properties":{"context":{"title":"context","type":"string"}},"required":[]}},"required":[]},"channel":{"type":"object","properties":{"id":{"title":"チャネル ID","type":"string"}},"required":[]}},"required":[]},"from":{"type":"object","properties":{"aadObjectId":{"title":"操作元ユーザーの ID","type":"string"},"name":{"title":"操作元ユーザーの表示名","type":"string"}},"required":[]},"messagePayload":{"type":"object","properties":{"id":{"title":"メッセージ ID","type":"string"},"from":{"type":"object","properties":{"user":{"type":"object","properties":{"displayName":{"title":"送信元ユーザーの表示名","type":"string"},"id":{"title":"送信者のユーザー ID","type":"string"}},"required":[]}},"required":[]},"body":{"type":"object","properties":{"content":{"title":"メッセージのコンテンツ","type":"string"},"plainText":{"title":"プレーン テキスト形式のメッセージの内容","type":"string"}},"required":[]},"subject":{"title":"メッセージの件名","type":"string"},"linkToMessage":{"title":"メッセージへのリンク","type":"string"},"replyToId":{"title":"返信メッセージ ID","type":"string"}},"required":[]},"conversation":{"type":"object","properties":{"id":{"title":"会話 ID","type":"string"},"name":{"title":"会話名","type":"string"}},"required":[]},"locale":{"title":"ロケール","type":"string"},"localTimezone":{"title":"ローカル タイム ゾーン","type":"string"}}}},"required":["teamsFlowRunContext"]},"host":{"connection":{"name":"@parameters('$connections')['shared_teams']['connectionId']"},"api":{"runtimeUrl":"https://japan-001.azure-apim.net/apim/teams"}},"operationId":"ForASelectedMessageV2","parameters":{"inputsAdaptiveCard":"{}"}}}},"actions":{"アダプティブ_カードを投稿して応答を待機する":{"runAfter":{"スコープ-チームのメンバーを取得する":["Succeeded"]},"metadata":{"operationMetadataId":"a5568411-45b9-41e8-91cc-3e036baec73c"},"type":"OpenApiConnectionWebhook","inputs":{"host":{"apiId":"/providers/Microsoft.PowerApps/apis/shared_teams","connectionName":"shared_teams","operationId":"PostCardAndWaitForResponse"},"parameters":{"poster":"Flow bot","location":"Chat with Flow bot","body/body/messageBody":"{\n    \"type\": \"AdaptiveCard\",\n    \"body\": [\n        {\n            \"type\": \"TextBlock\",\n            \"size\": \"Medium\",\n            \"weight\": \"Bolder\",\n            \"text\": \"指定した投稿に対してメンションを行います\"\n        },\n        {\n            \"type\": \"TextBlock\",\n            \"text\": \"メンション先のタグまたはメンバーを指定して「メンションを実行」をクリックしてください。（複数指定可）\",\n            \"wrap\": true\n        },\n        {\n            \"type\": \"ActionSet\",\n            \"actions\": [\n                {\n                    \"type\": \"Action.OpenUrl\",\n                    \"title\": \"該当の投稿を開く\",\n                    \"url\": \"@{triggerBody()?['teamsFlowRunContext']?['messagePayload']?['linkToMessage']}\"\n                }\n            ]\n        },\n        {\n            \"type\": \"TextBlock\",\n            \"text\": \"タグ\",\n            \"wrap\": true,\n            \"weight\": \"Bolder\"\n        },\n        {\n            \"type\": \"Input.ChoiceSet\",\n            \"choices\":@{body('選択-タグの名前とIDを取得')} ,\n            \"placeholder\": \"Placeholder text\",\n            \"style\": \"expanded\",\n            \"isMultiSelect\": true,\n            \"id\": \"MentionDestinationTags\"\n        },\n        {\n            \"type\": \"TextBlock\",\n            \"text\": \"チームのメンバー\",\n            \"wrap\": true,\n            \"weight\": \"Bolder\",\n            \"isSubtle\": true\n        },\n        {\n            \"type\": \"Input.ChoiceSet\",\n            \"choices\":@{body('選択-メンバーの名前とメールアドレスを取得')},\n            \"placeholder\": \"Placeholder text\",\n            \"isMultiSelect\": true,\n            \"style\": \"expanded\",\n            \"id\": \"MentionDestinationMembers\",\n            \"wrap\": true\n        },\n        {\n            \"type\": \"ActionSet\",\n            \"actions\": [\n                {\n                    \"type\": \"Action.Submit\",\n                    \"title\": \"メンションを実行\"\n                }\n            ]\n        }\n    ],\n    \"$schema\": \"http://adaptivecards.io/schemas/adaptive-card.json\",\n    \"version\": \"1.4\"\n}","body/body/updateMessage":"メンションの実行要求を受け付けました。","body/body/recipient/to":"@triggerBody()?['teamsFlowRunContext']?['from']?['aadObjectId']"},"authentication":{"value":"@json(decodeBase64(triggerOutputs().headers['X-MS-APIM-Tokens']))['$ConnectionKey']","type":"Raw"}}},"変数を初期化する-メンショントークン":{"runAfter":{"アダプティブ_カードを投稿して応答を待機する":["Succeeded"]},"metadata":{"operationMetadataId":"68d98ca4-8b34-41d6-b061-80d32bd56081"},"type":"InitializeVariable","inputs":{"variables":[{"name":"メンショントークン","type":"string"}]}},"変数を初期化する-返信先ID":{"runAfter":{"条件-タグもユーザーもメンション先に指定されていない":["Succeeded"]},"metadata":{"operationMetadataId":"c42e183a-3fd5-4a49-ac14-11b5e0d38b5c"},"type":"InitializeVariable","inputs":{"variables":[{"name":"返信先ID","type":"string"}]}},"条件-メンション先として指定されたタグが0個である":{"actions":{},"runAfter":{"変数を初期化する-メンショントークン":["Succeeded"]},"else":{"actions":{"Apply_to_each-タグのメンショントークンを取得":{"foreach":"@split(outputs('アダプティブ_カードを投稿して応答を待機する')?['body/data/mentionDestinationTags'],',')","actions":{"タグの_@mention_トークンを取得する":{"runAfter":{},"metadata":{"operationMetadataId":"f8315883-5b1e-4e56-8e33-833f6b40b91f"},"type":"OpenApiConnection","inputs":{"host":{"apiId":"/providers/Microsoft.PowerApps/apis/shared_teams","connectionName":"shared_teams","operationId":"AtMentionTag"},"parameters":{"groupId":"@triggerBody()?['teamsFlowRunContext']?['channelData']?['team']?['aadGroupId']","tagId":"@item()"},"authentication":{"value":"@json(decodeBase64(triggerOutputs().headers['X-MS-APIM-Tokens']))['$ConnectionKey']","type":"Raw"}}},"文字列変数に追加":{"runAfter":{"タグの_@mention_トークンを取得する":["Succeeded"]},"metadata":{"operationMetadataId":"2f3e127d-788c-44cb-ada6-5239ec3af217"},"type":"AppendToStringVariable","inputs":{"name":"メンショントークン","value":"@{outputs('タグの_@mention_トークンを取得する')?['body/atMention']} "}}},"runAfter":{},"metadata":{"operationMetadataId":"b934df94-e108-49eb-85df-46a1b7f727d8"},"type":"Foreach"}}},"expression":{"equals":["@empty(outputs('アダプティブ_カードを投稿して応答を待機する')?['body/data/mentionDestinationTags'])",true]},"metadata":{"operationMetadataId":"04ca403a-df17-4a5f-b8fa-43e30e4148a8"},"type":"If"},"条件-メンション先として指定されたユーザーアカウントが0個である":{"actions":{},"runAfter":{"条件-メンション先として指定されたタグが0個である":["Succeeded"]},"else":{"actions":{"Apply_to_each-メンバーのメンショントークンを取得":{"foreach":"@split(outputs('アダプティブ_カードを投稿して応答を待機する')?['body/data/mentionDestinationMembers'],',')","actions":{"ユーザーの_@mention_トークンを取得する":{"runAfter":{},"metadata":{"operationMetadataId":"8fdf7609-55be-44bb-a406-e87dc38453e6"},"type":"OpenApiConnection","inputs":{"host":{"apiId":"/providers/Microsoft.PowerApps/apis/shared_teams","connectionName":"shared_teams","operationId":"AtMentionUser"},"parameters":{"userId":"@item()"},"authentication":{"value":"@json(decodeBase64(triggerOutputs().headers['X-MS-APIM-Tokens']))['$ConnectionKey']","type":"Raw"}}},"文字列変数に追加_2":{"runAfter":{"ユーザーの_@mention_トークンを取得する":["Succeeded"]},"metadata":{"operationMetadataId":"2b7148b0-3cab-493c-a973-b950f8327bdc"},"type":"AppendToStringVariable","inputs":{"name":"メンショントークン","value":"@{outputs('ユーザーの_@mention_トークンを取得する')?['body/atMention']} "}}},"runAfter":{},"metadata":{"operationMetadataId":"86865f65-a9d7-4496-b609-9893589955ad"},"type":"Foreach"}}},"expression":{"equals":["@empty(outputs('アダプティブ_カードを投稿して応答を待機する')?['body/data/mentionDestinationMembers'])",true]},"metadata":{"operationMetadataId":"d9aa9803-de43-4d56-84b2-94f4aae614af"},"type":"If"},"条件-タグもユーザーもメンション先に指定されていない":{"actions":{"作成-チャットの本文-メンション先が未指定":{"runAfter":{},"metadata":{"operationMetadataId":"f96994d8-7ed6-41d4-8447-031a88983935"},"type":"Compose","inputs":"メンション先が指定されませんでした。メンションの実行フローを終了しました。"},"チャットまたはチャネルでメッセージを投稿する-メンション先が未指定":{"runAfter":{"作成-チャットの本文-メンション先が未指定":["Succeeded"]},"metadata":{"operationMetadataId":"1cc70ade-cfa4-4e4d-ae53-aa5cb4ebd3cc"},"type":"OpenApiConnection","inputs":{"host":{"apiId":"/providers/Microsoft.PowerApps/apis/shared_teams","connectionName":"shared_teams","operationId":"PostMessageToConversation"},"parameters":{"poster":"Flow bot","location":"Chat with Flow bot","body/recipient":"@triggerBody()?['teamsFlowRunContext']?['from']?['aadObjectId']","body/messageBody":"<p>@{replace(outputs('作成-チャットの本文-メンション先が未指定'), decodeUriComponent('%0A'), '<br/>')}</p>"},"authentication":{"value":"@json(decodeBase64(triggerOutputs().headers['X-MS-APIM-Tokens']))['$ConnectionKey']","type":"Raw"}}},"終了":{"runAfter":{"チャットまたはチャネルでメッセージを投稿する-メンション先が未指定":["Succeeded"]},"metadata":{"operationMetadataId":"71062dc5-8c9b-4d19-94e9-c36443c1daa4"},"type":"Terminate","inputs":{"runStatus":"Succeeded"}}},"runAfter":{"条件-メンション先として指定されたユーザーアカウントが0個である":["Succeeded"]},"expression":{"equals":["@empty(variables('メンショントークン'))",true]},"metadata":{"operationMetadataId":"5c97083c-5be9-4eb6-901a-8f62a6c76c7c"},"type":"If"},"スコープ-チームのタグを取得する":{"actions":{"チームのタグをすべて一覧表示する":{"runAfter":{},"metadata":{"operationMetadataId":"22c134ea-708f-4176-95af-a1cfef283e9d"},"type":"OpenApiConnection","inputs":{"host":{"apiId":"/providers/Microsoft.PowerApps/apis/shared_teams","connectionName":"shared_teams","operationId":"GetTags"},"parameters":{"groupId":"@triggerBody()?['teamsFlowRunContext']?['channelData']?['team']?['aadGroupId']"},"authentication":{"value":"@json(decodeBase64(triggerOutputs().headers['X-MS-APIM-Tokens']))['$ConnectionKey']","type":"Raw"}}},"選択-タグの名前とIDを取得":{"runAfter":{"チームのタグをすべて一覧表示する":["Succeeded"]},"metadata":{"operationMetadataId":"58b1ed85-410f-42c9-88f1-d26888cfffb8"},"type":"Select","inputs":{"from":"@outputs('チームのタグをすべて一覧表示する')?['body/value']","select":{"Title":"@item()?['displayName']","Value":"@item()?['id']"}}}},"runAfter":{},"metadata":{"operationMetadataId":"58a4a92b-651b-4a7b-a262-32cc3bffc757"},"type":"Scope"},"スコープ-チームのメンバーを取得する":{"actions":{"グループ_メンバーの一覧表示":{"runAfter":{},"metadata":{"operationMetadataId":"04dcb9fe-8ee0-4e4e-97cf-9710441031da"},"type":"OpenApiConnection","inputs":{"host":{"apiId":"/providers/Microsoft.PowerApps/apis/shared_office365groups","connectionName":"shared_office365groups","operationId":"ListGroupMembers"},"parameters":{"groupId":"@triggerBody()?['teamsFlowRunContext']?['channelData']?['team']?['aadGroupId']"},"authentication":{"value":"@json(decodeBase64(triggerOutputs().headers['X-MS-APIM-Tokens']))['$ConnectionKey']","type":"Raw"}}},"選択-メンバーの名前とメールアドレスを取得":{"runAfter":{"グループ_メンバーの一覧表示":["Succeeded"]},"metadata":{"operationMetadataId":"58b1ed85-410f-42c9-88f1-d26888cfffb8"},"type":"Select","inputs":{"from":"@outputs('グループ_メンバーの一覧表示')?['body/value']","select":{"Title":"@item()?['displayName']","Value":"@item()?['mail']"}}}},"runAfter":{"スコープ-チームのタグを取得する":["Succeeded"]},"metadata":{"operationMetadataId":"9fb04a30-74a6-4bea-ac84-c7200493b93a"},"type":"Scope"},"スコープ-メンションを含む返信を投稿する":{"actions":{"条件-対象が親の投稿である":{"actions":{"変数の設定-返信先ID":{"runAfter":{},"metadata":{"operationMetadataId":"1aa87c06-0db2-47a6-8180-d39c25c876e6"},"type":"SetVariable","inputs":{"name":"返信先ID","value":"@triggerBody()?['teamsFlowRunContext']?['messagePayload']?['id']"}}},"runAfter":{},"else":{"actions":{"変数の設定-返信先ID_2":{"runAfter":{},"metadata":{"operationMetadataId":"3c5ea52e-1b11-4d76-af88-f0c9a6602a1f"},"type":"SetVariable","inputs":{"name":"返信先ID","value":"@triggerBody()?['teamsFlowRunContext']?['messagePayload']?['replyToId']"}}}},"expression":{"equals":["@empty(triggerBody()?['teamsFlowRunContext']?['messagePayload']?['replyToId'])",true]},"metadata":{"operationMetadataId":"4ad4920e-211e-4c84-9bbe-5707f5bfd48e"},"type":"If"},"チャネル内のメッセージで応答します":{"runAfter":{"条件-対象が親の投稿である":["Succeeded"]},"metadata":{"operationMetadataId":"628e0201-98eb-406b-b39b-860b14a9243a"},"type":"OpenApiConnection","inputs":{"host":{"apiId":"/providers/Microsoft.PowerApps/apis/shared_teams","connectionName":"shared_teams","operationId":"ReplyWithMessageToConversation"},"parameters":{"poster":"User","location":"Channel","body/parentMessageId":"@variables('返信先ID')","body/recipient/groupId":"@triggerBody()?['teamsFlowRunContext']?['channelData']?['team']?['aadGroupId']","body/recipient/channelId":"@triggerBody()?['teamsFlowRunContext']?['channelData']?['channel']?['id']","body/messageBody":"<p>@{variables('メンショントークン')}</p>"},"authentication":{"value":"@json(decodeBase64(triggerOutputs().headers['X-MS-APIM-Tokens']))['$ConnectionKey']","type":"Raw"}}}},"runAfter":{"変数を初期化する-返信先ID":["Succeeded"]},"metadata":{"operationMetadataId":"37bfd58e-34ba-4971-8f39-10c8ef3517cc"},"type":"Scope"},"スコープ-実行ユーザーにフローの完了通知を送る":{"actions":{"作成-チャットの本文":{"runAfter":{},"metadata":{"operationMetadataId":"f96994d8-7ed6-41d4-8447-031a88983935"},"type":"Compose","inputs":"タグおよびメンバーへのメンションを含めた返信をスレッドに投稿しました。\n\n【フローによって投稿した返信のリンク】\n<a href=\"@{outputs('チャネル内のメッセージで応答します')?['body/messageLink']}\">返信を開く</a>"},"チャットまたはチャネルでメッセージを投稿する":{"runAfter":{"作成-チャットの本文":["Succeeded"]},"metadata":{"operationMetadataId":"1cc70ade-cfa4-4e4d-ae53-aa5cb4ebd3cc"},"type":"OpenApiConnection","inputs":{"host":{"apiId":"/providers/Microsoft.PowerApps/apis/shared_teams","connectionName":"shared_teams","operationId":"PostMessageToConversation"},"parameters":{"poster":"Flow bot","location":"Chat with Flow bot","body/recipient":"@triggerBody()?['teamsFlowRunContext']?['from']?['aadObjectId']","body/messageBody":"<p>@{replace(outputs('作成-チャットの本文'), decodeUriComponent('%0A'), '<br/>')}</p>"},"authentication":{"value":"@json(decodeBase64(triggerOutputs().headers['X-MS-APIM-Tokens']))['$ConnectionKey']","type":"Raw"}}}},"runAfter":{"スコープ-メンションを含む返信を投稿する":["Succeeded"]},"metadata":{"operationMetadataId":"c58bc97a-b842-469b-9a13-ad2de5a17f2a"},"type":"Scope"}},"outputs":{}},"connectionReferences":{"shared_teams":{"connectionName":"shared-teams-d9071561-66c8-4ab3-9d55-9067bb4438ac","source":"Invoker","id":"/providers/Microsoft.PowerApps/apis/shared_teams","tier":"NotSpecified"},"shared_office365groups":{"connectionName":"a32d8162535a49e8a044eedac31a6e50","source":"Invoker","id":"/providers/Microsoft.PowerApps/apis/shared_office365groups","tier":"NotSpecified"}},"flowFailureAlertSubscribed":false,"isManaged":false}}