{"name":"b53224e0-9dab-4477-adc1-8b3dd746f82a","id":"/providers/Microsoft.Flow/flows/b53224e0-9dab-4477-adc1-8b3dd746f82a","type":"Microsoft.Flow/flows","properties":{"apiId":"/providers/Microsoft.PowerApps/apis/shared_logicflows","displayName":"問い合わせが投稿されたら担当者に輪番でメンションする","definition":{"metadata":{"workflowEntityId":null,"processAdvisorMetadata":null,"flowclientsuspensionreason":"None","flowclientsuspensiontime":null,"creator":{"id":"55d6ac4e-ce92-45ea-adc1-60462c9914f4","type":"User","tenantId":"8785830a-13ec-4ec6-8c3d-712ea1fbb626"},"provisioningMethod":"FromDefinition","failureAlertSubscription":true,"clientLastModifiedTime":"2021-10-16T01:47:56.2211371Z"},"$schema":"https://schema.management.azure.com/providers/Microsoft.Logic/schemas/2016-06-01/workflowdefinition.json#","contentVersion":"1.0.0.0","parameters":{"$connections":{"defaultValue":{},"type":"Object"},"$authentication":{"defaultValue":{},"type":"SecureObject"}},"triggers":{"新しい応答が送信されるとき":{"splitOn":"@triggerBody()?['value']","metadata":{"flowSystemMetadata":{"swaggerOperationId":"CreateFormWebhook"}},"type":"ApiConnectionWebhook","inputs":{"host":{"connection":{"name":"@parameters('$connections')['shared_microsoftforms']['connectionId']"},"api":{"runtimeUrl":"https://japan-001.azure-apim.net/apim/microsoftforms"}},"body":{"eventType":"responseAdded","notificationUrl":"@{listCallbackUrl()}","source":"ms-connector"},"path":"/formapi/api/forms/@{encodeURIComponent('CoOFh-wTxk6MPXEuofu2Jg_PUJb1T_ROpzonbct0yK5UNjhYNFRIRlJNRlZVWFQxUThQMVRWNlowVCQlQCN0PWcu')}/webhooks","authentication":"@parameters('$authentication')"}}},"actions":{"応答の詳細を取得する":{"runAfter":{},"metadata":{"flowSystemMetadata":{"swaggerOperationId":"GetFormResponseById"}},"type":"ApiConnection","inputs":{"host":{"connection":{"name":"@parameters('$connections')['shared_microsoftforms']['connectionId']"},"api":{"runtimeUrl":"https://japan-001.azure-apim.net/apim/microsoftforms"}},"method":"get","path":"/formapi/api/forms('@{encodeURIComponent('CoOFh-wTxk6MPXEuofu2Jg_PUJb1T_ROpzonbct0yK5UNjhYNFRIRlJNRlZVWFQxUThQMVRWNlowVCQlQCN0PWcu')}')/responses","queries":{"response_id":"@triggerBody()?['resourceData']?['responseId']"},"authentication":"@parameters('$authentication')"}},"「フォームに投稿された時間」を日本時間に変換":{"runAfter":{"今回の担当者No_=_「問い合わせNo」÷「担当者数」＋1":["Succeeded"]},"type":"Expression","kind":"ConvertTimeZone","inputs":{"baseTime":"@body('応答の詳細を取得する')?['submitDate']","formatString":"yyyy年M月d日 ( dddd )","sourceTimeZone":"UTC","destinationTimeZone":"Tokyo Standard Time"}},"「フォームに投稿された内容」に含まれる改行コードをHTMLタグのBRに変換する":{"runAfter":{"問い合わせ一覧に行を追加する":["Succeeded"]},"type":"InitializeVariable","inputs":{"variables":[{"name":"フォームに投稿された内容（改行コード変換済み）","type":"String","value":"@{uriComponentToString(replace(uriComponent(variables('問い合わせ内容')), '%0A', '<br>'))}"}]}},"問い合わせ一覧に行を追加する":{"runAfter":{"ユーザー_プロフィールの取得_(V2)_-_問い合わせ者の情報を取得する":["Succeeded"]},"metadata":{"01AE5PQDDMWSL2OWC5CRA32EFGHELGHLC3":"/発案された議題/議題一覧.xlsx","flowSystemMetadata":{"swaggerOperationId":"AddRowV2"},"01CY2EGWHRIDRBNPVTSJA266W65CES6D7T":"/General/問合わせ一覧.xlsx"},"type":"ApiConnection","inputs":{"host":{"connection":{"name":"@parameters('$connections')['shared_excelonlinebusiness']['connectionId']"},"api":{"runtimeUrl":"https://japan-001.azure-apim.net/apim/excelonlinebusiness"}},"method":"post","body":{"No":"@{triggerBody()?['resourceData']?['responseId']}","投稿日":"@body('「フォームに投稿された時間」を日本時間に変換')","投稿内容":"@variables('問い合わせ内容')","問い合わせ者名":"@body('ユーザー_プロフィールの取得_(V2)_-_問い合わせ者の情報を取得する')?['displayName']","問い合わせ者メールアドレス":"@body('ユーザー_プロフィールの取得_(V2)_-_問い合わせ者の情報を取得する')?['mail']","担当者メールアドレス":"@body('担当者一覧から今回の担当者の情報を取得する')?['担当者メールアドレス']","担当者名":"@body('担当者一覧から今回の担当者の情報を取得する')?['担当者名']"},"path":"/codeless/v1.2/drives/@{encodeURIComponent('b!qiaKzACLJk2qPwv-FVmL3jiMEnT-GtpNsXpIsXsskG8iv4dguXrMTLm5gaybk8cD')}/items/@{encodeURIComponent(encodeURIComponent('01CY2EGWHRIDRBNPVTSJA266W65CES6D7T'))}/workbook/tables/@{encodeURIComponent('{5786685F-29DA-44D2-A66A-2D81B8C84653}')}/rows","queries":{"source":"groups/9650cf0f-4ff5-4ef4-a73a-276dcb74c8ae"},"authentication":"@parameters('$authentication')"}},"問い合わせの担当者をメンション先に指定する":{"runAfter":{"「フォームに投稿された内容」に含まれる改行コードをHTMLタグのBRに変換する":["Succeeded"]},"metadata":{"flowSystemMetadata":{"swaggerOperationId":"AtMentionUser"}},"type":"ApiConnection","inputs":{"host":{"connection":{"name":"@parameters('$connections')['shared_teams']['connectionId']"},"api":{"runtimeUrl":"https://japan-001.azure-apim.net/apim/teams"}},"method":"get","path":"/v1.0/users/@{encodeURIComponent(body('担当者一覧から今回の担当者の情報を取得する')?['担当者メールアドレス'])}","authentication":"@parameters('$authentication')"}},"変数を初期化する_-_担当者一覧の行数":{"runAfter":{"変数を初期化する_-_今回の担当者No":["Succeeded"]},"type":"InitializeVariable","inputs":{"variables":[{"name":"担当者一覧の行数","type":"integer","value":0}]}},"変数を初期化する_-_今回の担当者No":{"runAfter":{"応答の詳細を取得する":["Succeeded"]},"type":"InitializeVariable","inputs":{"variables":[{"name":"今回の担当者No","type":"integer"}]}},"今回の担当者No_=_「問い合わせNo」÷「担当者数」＋1":{"actions":{"担当者一覧内に存在する行を一覧表示":{"runAfter":{},"metadata":{"01CY2EGWHRIDRBNPVTSJA266W65CES6D7T":"/General/問合わせ一覧.xlsx","flowSystemMetadata":{"swaggerOperationId":"GetItems"}},"type":"ApiConnection","inputs":{"host":{"connection":{"name":"@parameters('$connections')['shared_excelonlinebusiness']['connectionId']"},"api":{"runtimeUrl":"https://japan-001.azure-apim.net/apim/excelonlinebusiness"}},"method":"get","path":"/drives/@{encodeURIComponent('b!qiaKzACLJk2qPwv-FVmL3jiMEnT-GtpNsXpIsXsskG8iv4dguXrMTLm5gaybk8cD')}/files/@{encodeURIComponent(encodeURIComponent('01CY2EGWHRIDRBNPVTSJA266W65CES6D7T'))}/tables/@{encodeURIComponent('{8EA383CF-D244-4DEA-A900-ECC7A3A442DD}')}/items","queries":{"source":"groups/9650cf0f-4ff5-4ef4-a73a-276dcb74c8ae"},"authentication":"@parameters('$authentication')"}},"Apply_to_each_-_担当者一覧の行数を取得する":{"foreach":"@body('担当者一覧内に存在する行を一覧表示')?['value']","actions":{"変数の値を増やす":{"runAfter":{},"type":"IncrementVariable","inputs":{"name":"担当者一覧の行数","value":1}}},"runAfter":{"担当者一覧内に存在する行を一覧表示":["Succeeded"]},"type":"Foreach"},"変数の設定_-_今回の問い合わせNoをセットする":{"runAfter":{"Apply_to_each_-_担当者一覧の行数を取得する":["Succeeded"]},"type":"SetVariable","inputs":{"name":"今回の担当者No","value":"@add(mod(triggerBody()?['resourceData']?['responseId'],variables('担当者一覧の行数')),1)\r\n"}},"担当者一覧から今回の担当者の情報を取得する":{"runAfter":{"変数の設定_-_今回の問い合わせNoをセットする":["Succeeded"]},"metadata":{"01AE5PQDDMWSL2OWC5CRA32EFGHELGHLC3":"/発案された議題/議題一覧.xlsx","flowSystemMetadata":{"swaggerOperationId":"GetItem"},"01CY2EGWHRIDRBNPVTSJA266W65CES6D7T":"/General/問合わせ一覧.xlsx"},"type":"ApiConnection","inputs":{"host":{"connection":{"name":"@parameters('$connections')['shared_excelonlinebusiness']['connectionId']"},"api":{"runtimeUrl":"https://japan-001.azure-apim.net/apim/excelonlinebusiness"}},"method":"get","path":"/drives/@{encodeURIComponent('b!qiaKzACLJk2qPwv-FVmL3jiMEnT-GtpNsXpIsXsskG8iv4dguXrMTLm5gaybk8cD')}/files/@{encodeURIComponent(encodeURIComponent('01CY2EGWHRIDRBNPVTSJA266W65CES6D7T'))}/tables/@{encodeURIComponent('{8EA383CF-D244-4DEA-A900-ECC7A3A442DD}')}/items/@{encodeURIComponent(encodeURIComponent(variables('今回の担当者No')))}","queries":{"source":"groups/9650cf0f-4ff5-4ef4-a73a-276dcb74c8ae","idColumn":"No"},"authentication":"@parameters('$authentication')"}}},"runAfter":{"変数を初期化する_-_問い合わせ内容":["Succeeded"]},"type":"Scope"},"メッセージを投稿する_(V3)":{"runAfter":{"問い合わせの担当者をメンション先に指定する":["Succeeded"]},"metadata":{"flowSystemMetadata":{"swaggerOperationId":"PostMessageToChannelV3"}},"type":"ApiConnection","inputs":{"host":{"connection":{"name":"@parameters('$connections')['shared_teams']['connectionId']"},"api":{"runtimeUrl":"https://japan-001.azure-apim.net/apim/teams"}},"method":"post","body":{"body":{"content":"<p>【内容】<br>\n@{variables('フォームに投稿された内容（改行コード変換済み）')}<br>\n<br>\n【問い合わせ者】<br>\n名前：<br>\n@{body('ユーザー_プロフィールの取得_(V2)_-_問い合わせ者の情報を取得する')?['displayName']}<br>\n<br>\nメールアドレス：<br>\n@{body('ユーザー_プロフィールの取得_(V2)_-_問い合わせ者の情報を取得する')?['mail']}<br>\n<br>\n【問い合わせ日】<br>\n@{body('「フォームに投稿された時間」を日本時間に変換')}<br>\n<br>\n【担当者】<br>\nこの問い合わせの担当者は以下の通りです。ご対応よろしくお願いします。<br>\n@{body('問い合わせの担当者をメンション先に指定する')?['atMention']}</p>","contentType":"html"},"subject":"問い合わせ No @{triggerBody()?['resourceData']?['responseId']}"},"path":"/v3/beta/teams/@{encodeURIComponent('9650cf0f-4ff5-4ef4-a73a-276dcb74c8ae')}/channels/@{encodeURIComponent('19:ZMWGdQ_gRYgd5mlNuXlLf8Iii4XnJvzu-Djx15-bjn41@thread.tacv2')}/messages","authentication":"@parameters('$authentication')"}},"ユーザー_プロフィールの取得_(V2)_-_問い合わせ者の情報を取得する":{"runAfter":{"「フォームに投稿された時間」を日本時間に変換":["Succeeded"]},"metadata":{"flowSystemMetadata":{"swaggerOperationId":"UserProfile_V2"}},"type":"ApiConnection","inputs":{"host":{"connection":{"name":"@parameters('$connections')['shared_office365users']['connectionId']"},"api":{"runtimeUrl":"https://japan-001.azure-apim.net/apim/office365users"}},"method":"get","path":"/codeless/v1.0/users/@{encodeURIComponent(body('応答の詳細を取得する')?['responder'])}","authentication":"@parameters('$authentication')"}},"変数を初期化する_-_問い合わせ内容":{"runAfter":{"変数を初期化する_-_担当者一覧の行数":["Succeeded"]},"type":"InitializeVariable","inputs":{"variables":[{"name":"問い合わせ内容","type":"string","value":"@body('応答の詳細を取得する')?['re3fa2959ac91422cae7f8cdd250de1d8']"}]}}}},"connectionReferences":{"shared_microsoftforms":{"connectionName":"shared-microsoftform-b0da034e-5e2f-4663-84f7-cb8f-4fe4a4cb","source":"Embedded","id":"/providers/Microsoft.PowerApps/apis/shared_microsoftforms","tier":"NotSpecified"},"shared_excelonlinebusiness":{"connectionName":"aebe156021a74db394117219e26ebcdb","source":"Embedded","id":"/providers/Microsoft.PowerApps/apis/shared_excelonlinebusiness","tier":"NotSpecified"},"shared_teams":{"connectionName":"shared-teams-a5883a1e-3f7b-4b01-8c76-cef0cb73fa2d","source":"Embedded","id":"/providers/Microsoft.PowerApps/apis/shared_teams","tier":"NotSpecified"},"shared_office365users":{"connectionName":"aaf14ef496e54e9b8324152e0b152830","source":"Embedded","id":"/providers/Microsoft.PowerApps/apis/shared_office365users","tier":"NotSpecified"}},"flowFailureAlertSubscribed":false}}